Handle,Title,Body (HTML),Vendor,Type,Tags,Published,Option1 Name,Option1 Value,Variant SKU,Variant Grams,Variant Inventory Tracker,Variant Inventory Qty,Variant Inventory Policy,Variant Fulfillment Service,Variant Price,Variant Compare At Price,Variant Requires Shipping,Variant Taxable,Image Src,Image Position,Image Alt Text,Gift Card,SEO Title,SEO Description,Status,Collection
fightpro-pink-unicorn-scheenbeschermers-kids-legends,Fightpro Pink Unicorn scheenbeschermers kids LEGENDS,"<p>LEGEND KIDS COLLECTION</p>
<p>Fightpro Pink Unicorn scheenbeschermers kids</p>
<p>&nbsp;</p>",Fightpro,Kids,"Fightpro, Kids",TRUE,Maat,140,,,shopify,12,deny,manual,39.95,,TRUE,TRUE,https://www.fightpro.nl/wp-content/uploads/2026/06/FIGHTPRO-scheenbeschermers-eenhoorn.jpg,1,Fightpro Pink Unicorn scheenbeschermers kids LEGENDS,FALSE,Fightpro Pink Unicorn scheenbeschermers kids LEGENDS,"Stoere Pink Unicorn scheen beschermers voor kids. Mooi te combineren met handschoenen, shirt broekje en tas van dezelfde lijn.",active,Kids
fightpro-pink-unicorn-scheenbeschermers-kids-legends,,,,,,,,152,,,shopify,12,deny,manual,39.95,,TRUE,TRUE,,,,,,,,
fightpro-pink-unicorn-scheenbeschermers-kids-legends,,,,,,,,164,,,shopify,12,deny,manual,39.95,,TRUE,TRUE,,,,,,,,
fightpro-ice-wolf-scheenbeschermers-kids-legends,Fightpro Ice Wolf scheenbeschermers kids LEGENDS,"<p>LEGEND KIDS COLLECTION</p>
<p>Fightpro Ice Wolf scheenbeschermers kids</p>
<p>&nbsp;</p>",Fightpro,Kids,"Fightpro, Kids",TRUE,Maat,140,,,shopify,12,deny,manual,39.95,,TRUE,TRUE,https://www.fightpro.nl/wp-content/uploads/2026/06/FIGHTPRO-scheenbeschermers-wolf.jpg,1,Fightpro Ice Wolf scheenbeschermers kids LEGENDS,FALSE,Fightpro Ice Wolf scheenbeschermers kids LEGENDS,"Stoere Ice Wolf scheen beschermers voor kids. Mooi te combineren met handschoenen, shirt broekje en tas van dezelfde lijn.",active,Kids
fightpro-ice-wolf-scheenbeschermers-kids-legends,,,,,,,,152,,,shopify,12,deny,manual,39.95,,TRUE,TRUE,,,,,,,,
fightpro-ice-wolf-scheenbeschermers-kids-legends,,,,,,,,164,,,shopify,12,deny,manual,39.95,,TRUE,TRUE,,,,,,,,
fightpro-ice-wolf-sport-tas-kids-legends,Fightpro Ice Wolf sport tas kids LEGENDS,"<p>LEGEND KIDS COLLECTION</p>
<p>Fightpro Ice Wolf tas kids</p>
<p>&nbsp;</p>",Fightpro,Kids,"Fightpro, Kids",TRUE,Maat,140,,,shopify,12,deny,manual,39.95,,TRUE,TRUE,https://www.fightpro.nl/wp-content/uploads/2026/06/FIGHTPRO-sporttas-kids-WOLF.jpg,1,Fightpro Ice Wolf sport tas kids LEGENDS,FALSE,Fightpro Ice Wolf sport tas kids LEGENDS,"Stoere pink unicorn sporttas voor kids. Mooi te combineren met handschoenen, shirt, broekje en scheenbeschermers van dezelfde lijn.",active,Kids
fightpro-ice-wolf-sport-tas-kids-legends,,,,,,,,152,,,shopify,12,deny,manual,39.95,,TRUE,TRUE,,,,,,,,
fightpro-ice-wolf-sport-tas-kids-legends,,,,,,,,164,,,shopify,12,deny,manual,39.95,,TRUE,TRUE,,,,,,,,
fightpro-pink-unicorn-sport-tas-kids-legends,Fightpro pink unicorn sport tas kids LEGENDS,"<p>LEGEND KIDS COLLECTION</p>
<p>Fightpro pink unicorn tas kids</p>
<p>&nbsp;</p>",Fightpro,Kids,"Fightpro, Kids",TRUE,Maat,140,,,shopify,12,deny,manual,39.95,,TRUE,TRUE,https://www.fightpro.nl/wp-content/uploads/2026/06/FIGHTPRO-sporttas-kids-eenhoorn.jpg,1,Fightpro pink unicorn sport tas kids LEGENDS,FALSE,Fightpro pink unicorn sport tas kids LEGENDS,"Stoere pink unicorn sporttas voor kids. Mooi te combineren met handschoenen, shirt, broekje en scheenbeschermers van dezelfde lijn.",active,Kids
fightpro-pink-unicorn-sport-tas-kids-legends,,,,,,,,152,,,shopify,12,deny,manual,39.95,,TRUE,TRUE,,,,,,,,
fightpro-pink-unicorn-sport-tas-kids-legends,,,,,,,,164,,,shopify,12,deny,manual,39.95,,TRUE,TRUE,,,,,,,,
fightpro-ice-wolf-t-shirt-kids,Fightpro ICE WOLF / T-shirt kids LEGENDS,"<p>LEGEND KIDS COLLECTION</p>
<p>Fightpro ICE WOLF / T-shirt kids</p>
<p>&nbsp;</p>",Fightpro,Kids,"Fightpro, Kids",TRUE,Maat,140,,,shopify,12,deny,manual,29.95,,TRUE,TRUE,https://www.fightpro.nl/wp-content/uploads/2026/06/FIGHTPRO-kickboks-t-shirt-Ice-wolf.jpg,1,Fightpro ICE WOLF / T-shirt kids LEGENDS,FALSE,Fightpro ICE WOLF / T-shirt kids LEGENDS,"Fightpro ICE WOLF / T-shirt kids . Mooi te combineren met handschoenen, Broekje, tas en scheenbeschermers van dezelfde lijn. te verkrijgen in de maten: 128 140 152 164",active,Kids
fightpro-ice-wolf-t-shirt-kids,,,,,,,,152,,,shopify,12,deny,manual,29.95,,TRUE,TRUE,,,,,,,,
fightpro-ice-wolf-t-shirt-kids,,,,,,,,164,,,shopify,12,deny,manual,29.95,,TRUE,TRUE,,,,,,,,
fightpro-pink-unicorn-roze-eenhoorn-t-shirt-kids,Fightpro PINK UNICORN roze eenhoorn / T-shirt kids LEGENDS,"<p>LEGEND KIDS COLLECTION</p>
<p>Fightpro PINK UNICORN roze eenhoorn / T-shirt kids</p>
<p>&nbsp;</p>",Fightpro,Kids,"Fightpro, Kids",TRUE,Maat,140,,,shopify,12,deny,manual,29.95,,TRUE,TRUE,https://www.fightpro.nl/wp-content/uploads/2026/06/FIGHTPRO-kickboks-t-shirt-PINK-UNICORN.jpg,1,Fightpro PINK UNICORN roze eenhoorn / T-shirt kids LEGENDS,FALSE,Fightpro PINK UNICORN roze eenhoorn / T-shirt kids LEGENDS,"Fightpro PINK UNICORN roze eenhoorn / T-shirt voor kids. Mooi te combineren met handschoenen, Broekje, tas en scheenbeschermers van dezelfde lijn. te verkrijgen in de maten: 128 140 152 164",active,Kids
fightpro-pink-unicorn-roze-eenhoorn-t-shirt-kids,,,,,,,,152,,,shopify,12,deny,manual,29.95,,TRUE,TRUE,,,,,,,,
fightpro-pink-unicorn-roze-eenhoorn-t-shirt-kids,,,,,,,,164,,,shopify,12,deny,manual,29.95,,TRUE,TRUE,,,,,,,,
fightpro-ice-wolf-broekje-kids,Fightpro ICE WOLF  / broekje kids LEGENDS,"<p>LEGEND KIDS COLLECTION</p>
<p>Fightpro ICE WOLF / broekje kids</p>
<p>&nbsp;</p>",Fightpro,Kids,"Fightpro, Kids",TRUE,Maat,140,,,shopify,12,deny,manual,34.95,,TRUE,TRUE,https://www.fightpro.nl/wp-content/uploads/2026/06/FIGHTPRO-kickboks-broekje-ice-wolf.jpg,1,Fightpro ICE WOLF  / broekje kids LEGENDS,FALSE,Fightpro ICE WOLF  / broekje kids LEGENDS,"Fightpro ICE WOLF broekje kids ,kickboks broekje voor kids. Mooi te combineren met handschoenen, shirt , tas en scheenbeschermers van dezelfde lijn. te verkrijgen in de maten: XXS XS S M",active,Kids
fightpro-ice-wolf-broekje-kids,,,,,,,,152,,,shopify,12,deny,manual,34.95,,TRUE,TRUE,,,,,,,,
fightpro-ice-wolf-broekje-kids,,,,,,,,164,,,shopify,12,deny,manual,34.95,,TRUE,TRUE,,,,,,,,
fightpro-pink-unicorn-roze-eenhoorn-broekje-kids,Fightpro PINK UNICORN LEGEND roze eenhoorn / broekje kids LEGENDS,"<p>LEGENDS KIDS COLLECTION</p>
<p>Fightpro PINK UNICORN roze eenhoorn / broekje kids</p>
<p>&nbsp;</p>",Fightpro,Kids,"Fightpro, Kids",TRUE,Maat,140,,,shopify,12,deny,manual,34.95,,TRUE,TRUE,https://www.fightpro.nl/wp-content/uploads/2026/06/FIGHTPRO-kickboks-broekje-PINK-UNICORN.jpg,1,Fightpro PINK UNICORN LEGEND roze eenhoorn / broekje kids LEGENDS,FALSE,Fightpro PINK UNICORN LEGEND roze eenhoorn / broekje kids LEGENDS,"Fightpro PINK UNICORN roze eenhoorn / broekje kids ,kickboks broekje voor kids. Mooi te combineren met handschoenen, shirt , tas en scheenbeschermers van dezelfde lijn. te verkrijgen in de maten: XXS XS S M",active,Kids
fightpro-pink-unicorn-roze-eenhoorn-broekje-kids,,,,,,,,152,,,shopify,12,deny,manual,34.95,,TRUE,TRUE,,,,,,,,
fightpro-pink-unicorn-roze-eenhoorn-broekje-kids,,,,,,,,164,,,shopify,12,deny,manual,34.95,,TRUE,TRUE,,,,,,,,
elleboog-beschermers-mma-muay-thai,Elleboog beschermers MMA- Muay Thai,<p>Elleboog beschermers MMA- Muay Thai</p>,PX,knie-elleboog beschermers,"knie-elleboog beschermers, PX, Bescherming",TRUE,Title,Default Title,,,shopify,12,deny,manual,18.95,,TRUE,TRUE,https://www.fightpro.nl/wp-content/uploads/2026/06/PX-elleboogbeschermermuay-thai-kickbox-mma.jpg,1,Elleboog beschermers MMA- Muay Thai,FALSE,Elleboog beschermers MMA- Muay Thai,Elleboog beschermers MMA- Muay Thai,active,Bescherming
joya-kniebeschermers-mma-grappling,Joya kniebeschermers MMA-Grappling,<p>Joya kniebeschermers MMA-Grappling</p>,Joya,knie-elleboog beschermers,"knie-elleboog beschermers, Joya, Bescherming",TRUE,Title,Default Title,,,shopify,12,deny,manual,19.95,,TRUE,TRUE,https://www.fightpro.nl/wp-content/uploads/2026/06/JOYA-kniebeschermers-MMA-Grappling.jpg,1,Joya kniebeschermers MMA-Grappling,FALSE,Joya kniebeschermers MMA-Grappling,Joya kniebeschermers MMA-Grappling,active,Bescherming
px-kniebeschermers-mma-grappling,PX kniebeschermers MMA-Grappling,<p>PX kniebeschermers MMA-Grappling</p>,PX,knie-elleboog beschermers,"knie-elleboog beschermers, PX, Bescherming",TRUE,Title,Default Title,,,shopify,12,deny,manual,18.95,,TRUE,TRUE,https://www.fightpro.nl/wp-content/uploads/2026/06/PX-kniebeschermers-MMA-Grappling.jpg,1,PX kniebeschermers MMA-Grappling,FALSE,PX kniebeschermers MMA-Grappling,PX kniebeschermers MMA-Grappling,active,Bescherming
fightpro-zakhandschoenen-vintage-leer-zwart,Fightpro Zakhandschoenen Vintage Leer Zwart,"<p class=""price"">Fightpro zakhandschoenen van hoogwaardig leer in zwart en bruin. Ideaal voor bokszaktraining, pads en techniekwerk. Duurzaam, comfortabel en perfect voor intensief gebruik in boksen en kickboksen.</p>",Joya,Zak handschoenen,"Zak handschoenen, Joya, Handschoenen",TRUE,Maat,L,01100-1102-L,,shopify,12,deny,manual,59.95,,TRUE,TRUE,https://www.fightpro.nl/wp-content/uploads/2026/06/fightpro-zakhandschoene-bag-gloves-black-leather-vintage.jpg,1,Fightpro Zakhandschoenen Vintage Leer Zwart,FALSE,Fightpro Zakhandschoenen Vintage Leer Zwart,Fightpro Zakhandschoenen Leer Zwart,active,Handschoenen
fightpro-zakhandschoenen-vintage-leer-zwart,,,,,,,,M,01100-1102-M,,shopify,12,deny,manual,59.95,,TRUE,TRUE,,,,,,,,
fightpro-zakhandschoenen-vintage-leer-zwart,,,,,,,,S,01100-1102-S,,shopify,12,deny,manual,59.95,,TRUE,TRUE,,,,,,,,
fightpro-zakhandschoenen-vintage-leer-zwart,,,,,,,,XL,01100-1102-XL,,shopify,12,deny,manual,59.95,,TRUE,TRUE,,,,,,,,
fightpro-zakhandschoenen-vintage-leer-zwart,,,,,,,,XS,01100-1102-XS,,shopify,12,deny,manual,59.95,,TRUE,TRUE,,,,,,,,
fightpro-zakhandschoenen-vintage-leer-zwart,,,,,,,,XXS,01100-1102-XXS,,shopify,12,deny,manual,59.95,,TRUE,TRUE,,,,,,,,
fightpro-zakhandschoenen-vintage-leer-bruin,Fightpro Zakhandschoenen Vintage Leer Bruin,"<p class=""price"">Fightpro zakhandschoenen van hoogwaardig leer in zwart en bruin. Ideaal voor bokszaktraining, pads en techniekwerk. Duurzaam, comfortabel en perfect voor intensief gebruik in boksen en kickboksen.</p>",Joya,Zak handschoenen,"Zak handschoenen, Joya, Handschoenen",TRUE,Maat,L,01100-1101-L,,shopify,12,deny,manual,59.95,,TRUE,TRUE,https://www.fightpro.nl/wp-content/uploads/2026/06/fightpro-zakhandschoene-bag-gloves-brown-leather-vintage.jpg,1,Fightpro Zakhandschoenen Vintage Leer Bruin,FALSE,Fightpro Zakhandschoenen Vintage Leer Bruin,Fightpro Zakhandschoenen Leer Bruin,active,Handschoenen
fightpro-zakhandschoenen-vintage-leer-bruin,,,,,,,,M,01100-1101-M,,shopify,12,deny,manual,59.95,,TRUE,TRUE,,,,,,,,
fightpro-zakhandschoenen-vintage-leer-bruin,,,,,,,,S,01100-1101-S,,shopify,12,deny,manual,59.95,,TRUE,TRUE,,,,,,,,
fightpro-zakhandschoenen-vintage-leer-bruin,,,,,,,,XL,01100-1101-XL,,shopify,12,deny,manual,59.95,,TRUE,TRUE,,,,,,,,
fightpro-zakhandschoenen-vintage-leer-bruin,,,,,,,,XS,01100-1101-XS,,shopify,12,deny,manual,59.95,,TRUE,TRUE,,,,,,,,
fightpro-zakhandschoenen-vintage-leer-bruin,,,,,,,,XXS,01100-1101-XXS,,shopify,12,deny,manual,59.95,,TRUE,TRUE,,,,,,,,
joya-mma-handschoen-essential-black-on-black,JOYA MMA Handschoen Essential black on black,<p>JOYA MMA Handschoen Essential black on black</p>,Joya,MMA Gloves,"MMA Gloves, Joya, Handschoenen",TRUE,Maat,L,ESSENTIAL-MMA-BK-BK-L,,shopify,12,deny,manual,44.95,,TRUE,TRUE,https://www.fightpro.nl/wp-content/uploads/2026/06/JOYA-MMA-ESSENTIAL-HANDSCHOEN-ZWART-ZWART.jpg,1,JOYA MMA Handschoen Essential black on black,FALSE,JOYA MMA Handschoen Essential black on black,Mooie prijs/kwaliteit verhouding JOYA MMA Handschoen Essential black on black,active,Handschoenen
joya-mma-handschoen-essential-black-on-black,,,,,,,,M,ESSENTIAL-MMA-BK-BK-M,,shopify,12,deny,manual,44.95,,TRUE,TRUE,,,,,,,,
joya-mma-handschoen-essential-black-on-black,,,,,,,,S,ESSENTIAL-MMA-BK-BK-S,,shopify,12,deny,manual,44.95,,TRUE,TRUE,,,,,,,,
joya-mma-handschoen-essential-black-on-black,,,,,,,,XL,ESSENTIAL-MMA-BK-BK-XL,,shopify,12,deny,manual,44.95,,TRUE,TRUE,,,,,,,,
joya-mma-handschoen-essential-black-on-black,,,,,,,,XS,ESSENTIAL-MMA-BK-BK-XS,,shopify,12,deny,manual,44.95,,TRUE,TRUE,,,,,,,,
joya-mma-handschoen-essential-black-on-black,,,,,,,,XXS,ESSENTIAL-MMA-BK-BK-XXS,,shopify,12,deny,manual,44.95,,TRUE,TRUE,,,,,,,,
booster-fight-gear-helm-hoofdbeschermer-hglb-2,Booster Fight Gear Helm hoofdbeschermer – HGLB 2,<p>Booster Fight Gear Helm hoofdbeschermer – HGLB 2</p>,Booster,Hoofdbeschermers,"Bescherming, Hoofdbeschermers, Booster",TRUE,Maat,L,04150-4151-L,,shopify,12,deny,manual,45.95,,TRUE,TRUE,https://www.fightpro.nl/wp-content/uploads/2026/06/Booster-Helm-hoofdbeschermer-–HGLB2.jpg,1,Booster Fight Gear Helm hoofdbeschermer – HGLB 2,FALSE,Booster Fight Gear Helm hoofdbeschermer – HGLB 2,Junior hoofdbeschermer / helm voor boksen en kickboksen. Booster Fight Gear Helm hoofdbeschermer – HGLB 2,active,Bescherming
booster-fight-gear-helm-hoofdbeschermer-hglb-2,,,,,,,,M,04150-4151-M,,shopify,12,deny,manual,45.95,,TRUE,TRUE,,,,,,,,
booster-fight-gear-helm-hoofdbeschermer-hglb-2,,,,,,,,S,04150-4151-S,,shopify,12,deny,manual,45.95,,TRUE,TRUE,,,,,,,,
booster-fight-gear-helm-hoofdbeschermer-hglb-2,,,,,,,,XL,04150-4151-XL,,shopify,12,deny,manual,45.95,,TRUE,TRUE,,,,,,,,
booster-fight-gear-helm-hoofdbeschermer-hglb-2,,,,,,,,XS,04150-4151-XS,,shopify,12,deny,manual,45.95,,TRUE,TRUE,,,,,,,,
booster-fight-gear-helm-hoofdbeschermer-hglb-2,,,,,,,,XXS,04150-4151-XXS,,shopify,12,deny,manual,45.95,,TRUE,TRUE,,,,,,,,
booster-fight-gear-helm-hoofdbeschermer-hglb-2,,,,,,,,,,,,,,,,,,,https://www.fightpro.nl/wp-content/uploads/2026/06/Booster-Helm-hoofdbeschermer-–HGLB2-1.jpg,2,,,,,
booster-fight-gear-helm-hoofdbeschermer-hglb-2,,,,,,,,,,,,,,,,,,,https://www.fightpro.nl/wp-content/uploads/2026/06/Booster-Helm-hoofdbeschermer-–HGLB2-2.jpg,3,,,,,
booster-fight-gear-helm-hoofdbeschermer-hglb-2,,,,,,,,,,,,,,,,,,,https://www.fightpro.nl/wp-content/uploads/2026/06/Booster-Helm-hoofdbeschermer-–HGLB2-3.jpg,4,,,,,
booster-fight-gear-helm-hoofdbeschermer-hglb-2,,,,,,,,,,,,,,,,,,,https://www.fightpro.nl/wp-content/uploads/2026/06/Booster-Helm-hoofdbeschermer-–HGLB2-4.jpg,5,,,,,
fightpro-pink-unicorn-bokshandschoenen-kids,Fightpro Pink Unicorn bokshandschoenen kids LEGENDS,"<p>LEGEND KIDS COLLECTION</p>
<p>Fightpro Pink Unicorn bokshandschoenen kids van LEGENDS lijn</p>
<p>&nbsp;</p>",Fightpro,Kids,"Fightpro, Kids",TRUE,Maat,140,,,shopify,12,deny,manual,44.95,,TRUE,TRUE,https://www.fightpro.nl/wp-content/uploads/2026/05/FIGHTPRO-bokshandschoenen-kids-unicorn-1.jpg,1,Fightpro Pink Unicorn bokshandschoenen kids LEGENDS,FALSE,Fightpro Pink Unicorn bokshandschoenen kids LEGENDS,"Stoere Roze Eenhoorn bokshandschoenen voor kids. Mooi te combineren met scheenbeschermers , shirt , broekje en tas van dezelfde lijn. verkrijgbaar in de maten: 4 oz 6oz 8 oz 10 oz",active,Kids
fightpro-pink-unicorn-bokshandschoenen-kids,,,,,,,,152,,,shopify,12,deny,manual,44.95,,TRUE,TRUE,,,,,,,,
fightpro-pink-unicorn-bokshandschoenen-kids,,,,,,,,164,,,shopify,12,deny,manual,44.95,,TRUE,TRUE,,,,,,,,
fightpro-pink-unicorn-bokshandschoenen-kids,,,,,,,,,,,,,,,,,,,https://www.fightpro.nl/wp-content/uploads/2026/05/FIGHTPRO-bokshandschoenen-kids-unicorn-2.jpg,2,,,,,
fightpro-ice-wolf-bokshandschoenen-kids,Fightpro Ice Wolf bokshandschoenen kids LEGENDS,"<p>LEGENDS KIDS COLLECTION</p>
<p>Fightpro Ice Wolf bokshandschoenen kids</p>
<p>&nbsp;</p>",Fightpro,Kids,"Fightpro, Kids",TRUE,Maat,140,,,shopify,12,deny,manual,44.95,,TRUE,TRUE,https://www.fightpro.nl/wp-content/uploads/2026/05/FIGHTPRO-bokshandschoenen-kids-WOLF-1.jpg,1,Fightpro Ice Wolf bokshandschoenen kids LEGENDS,FALSE,Fightpro Ice Wolf bokshandschoenen kids LEGENDS,"Stoere Wolf bokshandschoenen voor kids. Mooi te combineren met scheenbeschermers , shirt , broekje en tas van dezelfde lijn. verkrijgbaar in de maten: 4 oz 6oz 8 oz 10 oz",active,Kids
fightpro-ice-wolf-bokshandschoenen-kids,,,,,,,,152,,,shopify,12,deny,manual,44.95,,TRUE,TRUE,,,,,,,,
fightpro-ice-wolf-bokshandschoenen-kids,,,,,,,,164,,,shopify,12,deny,manual,44.95,,TRUE,TRUE,,,,,,,,
fightpro-ice-wolf-bokshandschoenen-kids,,,,,,,,,,,,,,,,,,,https://www.fightpro.nl/wp-content/uploads/2026/05/FIGHTPRO-bokshandschoenen-kids-WOLF-2.jpg,2,,,,,
fightpro-stootpads-rood-zwart-leren-focus-pads-voor-boksen-kickboksen-2,FIGHTPRO STOOTPADS ROOD/ZWART – LEREN FOCUS PADS VOOR BOKSEN & KICKBOKSEN,"<h2>PROFESSIONELE LEREN HANDPADS VOOR INTENSIEVE TRAINING</h2>
<p>De Fightpro stootpads rood/zwart zijn ontwikkeld voor intensieve stoot- en combinatietraining. Dankzij het hoogwaardige leer bieden deze focus pads een lange levensduur, uitstekende schokabsorptie en optimaal trainingscomfort.</p>
<p>De ergonomische vorm zorgt voor een stabiele en veilige handpositie, terwijl de meerlaagse padding harde stoten effectief opvangt. Ideaal voor trainers en sporters binnen boksen, kickboksen, Muay Thai en MMA.</p>
<hr />
<h2>VOORDELEN VAN DE FIGHTPRO STOOTPADS</h2>
<ul>
<li>Gemaakt van hoogwaardig en duurzaam leer</li>
<li>Uitstekende schokabsorptie</li>
<li>Ergonomische pasvorm voor stevige grip</li>
<li>Lichtgewicht ontwerp voor snelle combinaties</li>
<li>Comfortabel voor trainer en sporter</li>
<li>Geschikt voor intensieve trainingen</li>
</ul>
<hr />
<h2>GESCHIKT VOOR</h2>
<ul>
<li>Boksen</li>
<li>Kickboksen</li>
<li>Muay Thai</li>
<li>MMA</li>
<li>Pads training</li>
<li>Combinatie- en snelheidstraining</li>
</ul>",Fightpro,trap/stoot kussens,"Fightpro, trap/stoot kussens, Uitrusting, Bestseller",TRUE,Title,Default Title,074002-bl-1-3,,shopify,12,deny,manual,89.95,,TRUE,TRUE,https://www.fightpro.nl/wp-content/uploads/2026/05/IMG_1675.jpeg,1,FIGHTPRO STOOTPADS ROOD/ZWART – LEREN FOCUS PADS VOOR BOKSEN & KICKBOKSEN,FALSE,FIGHTPRO STOOTPADS ROOD/ZWART – LEREN FOCUS PADS VOOR BOKSEN & KICKBOKSEN,,active,Uitrusting
fightpro-stootpads-rood-zwart-leren-focus-pads-voor-boksen-kickboksen,FIGHTPRO THAI KICK PADS / TRAPSTOOT PADS LEER,"<h2>PROFESSIONELE STOOT- EN TRAP PADS VOOR MUAY THAI EN KICKBOKSEN</h2>
<p>De Fightpro Trittschlagpolster (Thai kick pads) zijn speciaal ontwikkeld voor intensieve trap- en stoottraining. Gemaakt van hoogwaardig, slijtvast leer bieden deze pads een duurzame en professionele trainingsoplossing voor dagelijks gebruik in gyms en vechtsportscholen.</p>
<p>De stevige schuimvulling absorbeert krachtige trappen en stoten optimaal en geeft tegelijkertijd realistische feedback aan de sporter. Dit maakt ze ideaal voor techniek-, kracht- en combinatietraining.</p>
<p>Dankzij het ergonomische ontwerp en de stevige handgrepen liggen de pads comfortabel en stabiel in de hand, zelfs tijdens lange en intensieve sessies.</p>
<hr />
<h2>VOORDELEN VAN DE FIGHTPRO THAI KICK PADS</h2>
<ul>
<li>Gemaakt van hoogwaardig echt leer</li>
<li>Zeer duurzaam en slijtvast</li>
<li>Stevige schuimvulling voor optimale demping</li>
<li>Ergonomische handgrepen voor veilige grip</li>
<li>Geschikt voor intensieve training</li>
<li>Professionele gym kwaliteit</li>
</ul>
<hr />
<h2>GESCHIKT VOOR</h2>
<ul>
<li>Kickboksen</li>
<li>Muay Thai</li>
<li>Boksen</li>
<li>MMA</li>
<li>Pad training en combinaties</li>
<li>Techniek- en krachttraining</li>
</ul>",Fightpro,trap/stoot kussens,"Fightpro, trap/stoot kussens, Uitrusting, Bestseller",TRUE,Title,Default Title,074002-bl-1-2,,shopify,12,deny,manual,179.95,,TRUE,TRUE,https://www.fightpro.nl/wp-content/uploads/2026/05/IMG_1673.jpeg,1,FIGHTPRO THAI KICK PADS / TRAPSTOOT PADS LEER,FALSE,FIGHTPRO THAI KICK PADS / TRAPSTOOT PADS LEER,,active,Uitrusting
fightpro-bokszak-wandbeugel-van-staal-inclusief-schroefankers,Fightpro Bokszak Wandbeugel van Staal Inclusief Schroefankers,"<h2>EXTRA STERKE WANDHOUDER VOOR BOKSZAKKEN</h2>
<p>De Fightpro professionele bokszak wandbeugel is ontworpen voor maximale stabiliteit, veiligheid en duurzaamheid. Gemaakt van extra sterk zwaar staal biedt deze muurbeugel een betrouwbare oplossing voor intensieve trainingen in boksen, kickboksen, Muay Thai en MMA.</p>
<p>De stevige constructie zorgt ervoor dat zelfs zware bokszakken stabiel blijven hangen, ook bij krachtige stoten en trappen. Ideaal voor zowel thuisgyms als professionele sportscholen.</p>
<hr />
<h2>VOORDELEN VAN DE FIGHTPRO BOKSZAK WANDBEUGEL</h2>
<ul>
<li>Extra sterk heavy-duty stalen frame</li>
<li>Geschikt voor zware bokszakken</li>
<li>Wandmontage voor maximale stabiliteit en ruimtebesparing</li>
<li>Inclusief schroefankers en bevestigingsmateriaal</li>
<li>Geschikt voor professioneel en thuisgebruik</li>
<li>Duurzame studio kwaliteit</li>
</ul>
<hr />
<h2>GESCHIKT VOOR</h2>
<ul>
<li>Boksen</li>
<li>Kickboksen</li>
<li>Muay Thai</li>
<li>MMA</li>
<li>Heavy bag training</li>
<li>Sportscholen en home gyms</li>
</ul>
<hr />
<h2>BELANGRIJKE INFORMATIE</h2>
<p>Bokszak niet inbegrepen.</p>
<p>Geschikt voor montage op stevige muren zoals beton of steen.</p>",Fightpro,Bokszakken,"Fightpro, Bokszakken, Uitrusting",TRUE,Title,Default Title,,,shopify,12,deny,manual,109.95,,TRUE,TRUE,https://www.fightpro.nl/wp-content/uploads/2026/05/IMG_1670.jpeg,1,Fightpro Bokszak Wandbeugel van Staal Inclusief Schroefankers,FALSE,Fightpro Bokszak Wandbeugel van Staal Inclusief Schroefankers,,active,Uitrusting
fightpro-bokszak-wandbeugel-van-staal-inclusief-schroefankers,,,,,,,,,,,,,,,,,,,https://www.fightpro.nl/wp-content/uploads/2026/05/IMG_1672.jpeg,2,,,,,
fightpro-bokszak-wandbeugel-van-staal-inclusief-schroefankers,,,,,,,,,,,,,,,,,,,https://www.fightpro.nl/wp-content/uploads/2026/05/IMG_1671.jpeg,3,,,,,
fightpro-bitje-gebitsbeschermer-elite,Fightpro bitje gebitsbeschermer Elite,<p>Fightpro bitje gebitsbeschermer Elite</p>,Hayabusa,Gebitsbeschermer,"Bescherming, Gebitsbeschermer, Hayabusa",TRUE,Title,Default Title,100-MS14WB-2,,shopify,12,deny,manual,9.95,,TRUE,TRUE,https://www.fightpro.nl/wp-content/uploads/2026/04/FIGHTPRO-mundschutz-elite-3.jpg,1,Fightpro bitje gebitsbeschermer Elite,FALSE,Fightpro bitje gebitsbeschermer Elite,Fightpro bitje gebitsbeschermer Elite,active,Bescherming
fightpro-bitje-gebitsbeschermer-elite,,,,,,,,,,,,,,,,,,,https://www.fightpro.nl/wp-content/uploads/2026/04/FIGHTPRO-mundschutz-elite-2.jpg,2,,,,,
fightpro-bitje-gebitsbeschermer-elite,,,,,,,,,,,,,,,,,,,https://www.fightpro.nl/wp-content/uploads/2026/04/FIGHTPRO-mundschutz-elite.jpg,3,,,,,
fightpro-bitje-gebitsbeschermer-elite,,,,,,,,,,,,,,,,,,,https://www.fightpro.nl/wp-content/uploads/2026/04/FIGHTPRO-mundschutz-elite-black.jpg,4,,,,,
fightpro-bitje-gebitsbeschermer-basis,Fightpro bitje gebitsbeschermer Basis,<p>Fightpro bitje gebitsbeschermer Basis</p>,Hayabusa,Gebitsbeschermer,"Bescherming, Gebitsbeschermer, Hayabusa",TRUE,Title,Default Title,100-MS14WB-1,,shopify,12,deny,manual,4.95,,TRUE,TRUE,https://www.fightpro.nl/wp-content/uploads/2026/04/fightpro-mundschutz-mouthguard-fightpro-basic.jpg,1,Fightpro bitje gebitsbeschermer Basis,FALSE,Fightpro bitje gebitsbeschermer Basis,Fightpro bitje gebitsbeschermer Basis,active,Bescherming
fightpro-bitje-gebitsbeschermer-basis,,,,,,,,,,,,,,,,,,,https://www.fightpro.nl/wp-content/uploads/2026/04/fightpro-mundschutz-mouthguard-fightpro-basic.jpg,2,,,,,
fightpro-bitje-gebitsbeschermer-basis,,,,,,,,,,,,,,,,,,,https://www.fightpro.nl/wp-content/uploads/2026/04/fightpro-mundschutz-mouthguard-fightpro-black-basic.jpg,3,,,,,
fightpro-bitje-gebitsbeschermer-basis,,,,,,,,,,,,,,,,,,,https://www.fightpro.nl/wp-content/uploads/2026/04/fightpro-mundschutz-mouthguard-fightpro-black-basic-2.jpg,4,,,,,
fightpro-bitje-gebitsbeschermer-basis,,,,,,,,,,,,,,,,,,,https://www.fightpro.nl/wp-content/uploads/2026/04/fightpro-mundschutz-mouthguard-fightpro-pink-basic.jpg,5,,,,,
fightpro-bitje-gebitsbeschermer-basis,,,,,,,,,,,,,,,,,,,https://www.fightpro.nl/wp-content/uploads/2026/04/fightpro-mundschutz-mouthguard-fightpro-pink-basic-2.jpg,6,,,,,
fightpro-bitje-gebitsbeschermer-basis,,,,,,,,,,,,,,,,,,,https://www.fightpro.nl/wp-content/uploads/2026/04/fightpro-mundschutz-mouthguard-fightpro-transparant-basic.jpg,7,,,,,
fightpro-bitje-gebitsbeschermer-basis,,,,,,,,,,,,,,,,,,,https://www.fightpro.nl/wp-content/uploads/2026/04/fightpro-mundschutz-mouthguard-fightpro-transparant-basic-2.jpg,8,,,,,
fightpro-bitje-gebitsbeschermer-basis,,,,,,,,,,,,,,,,,,,https://www.fightpro.nl/wp-content/uploads/2026/04/fightpro-mundschutz-mouthguard-fightpro-white-basic.jpg,9,,,,,
fightpro-bitje-gebitsbeschermer-basis,,,,,,,,,,,,,,,,,,,https://www.fightpro.nl/wp-content/uploads/2026/04/fightpro-mundschutz-mouthguard-fightpro-white-basic-2.jpg,10,,,,,
fightpro-bitje-gebitsbeschermer-basis,,,,,,,,,,,,,,,,,,,https://www.fightpro.nl/wp-content/uploads/2026/04/fightpro-basis-mundschutz-mouthguard.jpg,11,,,,,
sporttas-twins-cbbt-2,Sporttas Twins CBBT 2,"<h3 data-start=""240"" data-end=""295""><strong>Sporttas Twins CBBT 2</strong></h3>
<p>Built for serious training.</p>
<p>De Twins CBBT-2 sporttas is ontworpen voor vechters die geen concessies doen. Gemaakt van extreem duurzame materialen en bestand tegen intensief dagelijks gebruik.</p>
<p>Ruim opgezet met meerdere vakken, zodat je al je gear georganiseerd en veilig kunt meenemen – van handschoenen tot scheenbeschermers. Praktisch, sterk en betrouwbaar.</p>
<p>Strakke uitstraling zoals je van Twins gewend bent. Geen overbodige details, alleen kwaliteit.</p>
<p>Voor sporters die weten wat ze nodig hebben.</p>",Twins,Sport tassen,"Twins, Uitrusting, Sport tassen",TRUE,Title,Default Title,FI-ST-ZW-SM-1-2,,shopify,12,deny,manual,139.95,,TRUE,TRUE,https://www.fightpro.nl/wp-content/uploads/2026/04/CBBT-2-sporttas-twins-fightpro.jpg,1,Sporttas Twins CBBT 2,FALSE,Sporttas Twins CBBT 2,,active,Uitrusting
sporttas-twins-cbbt-2,,,,,,,,,,,,,,,,,,,https://www.fightpro.nl/wp-content/uploads/2026/04/CBBT-1-sporttas-twins.jpg,2,,,,,
sporttas-twins-cbbt-2,,,,,,,,,,,,,,,,,,,https://www.fightpro.nl/wp-content/uploads/2026/04/CBBT-1-sporttas-twins2.jpg,3,,,,,
sporttas-twins-cbbt-2,,,,,,,,,,,,,,,,,,,https://www.fightpro.nl/wp-content/uploads/2026/04/CBBT-1-sporttas-twins3.jpg,4,,,,,
sporttas-twins-cbbt-2,,,,,,,,,,,,,,,,,,,https://www.fightpro.nl/wp-content/uploads/2026/04/CBBT-1-sporttas-twins-black.jpg,5,,,,,
sporttas-twins-cbbt-2,,,,,,,,,,,,,,,,,,,https://www.fightpro.nl/wp-content/uploads/2026/04/CBBT-1-sporttas-twins-black-1.jpg,6,,,,,
sporttas-twins-cbbt-2,,,,,,,,,,,,,,,,,,,https://www.fightpro.nl/wp-content/uploads/2026/04/CBBT-1-sporttas-twins-black-2.jpg,7,,,,,
sporttas-twins-cbbt-2,,,,,,,,,,,,,,,,,,,https://www.fightpro.nl/wp-content/uploads/2026/04/CBBT-1-sporttas-twins-grey.jpg,8,,,,,
sporttas-twins-cbbt-2,,,,,,,,,,,,,,,,,,,https://www.fightpro.nl/wp-content/uploads/2026/04/CBBT-1-sporttas-twins-grey-2.jpg,9,,,,,
sporttas-twins-cbbt-2,,,,,,,,,,,,,,,,,,,https://www.fightpro.nl/wp-content/uploads/2026/04/CBBT-2-sporttas-twins-military.jpg,10,,,,,
sporttas-twins-cbbt-2,,,,,,,,,,,,,,,,,,,https://www.fightpro.nl/wp-content/uploads/2026/04/CBBT-2-sporttas-twins-military-1.jpg,11,,,,,
sporttas-twins-cbbt-2,,,,,,,,,,,,,,,,,,,https://www.fightpro.nl/wp-content/uploads/2026/04/CBBT-2-sporttas-twins-military-2.jpg,12,,,,,
joya-fight-fast-punch-paddles-black,Joya Fight Fast Punch Paddles – Black,<p>Joya Fight Fast Punch Paddles &#8211; Black</p>,Joya,trap/stoot kussens,"Joya, trap/stoot kussens, Uitrusting",TRUE,Title,Default Title,074002-bl-3,,shopify,12,deny,manual,49.95,,TRUE,TRUE,https://www.fightpro.nl/wp-content/uploads/2026/04/Joya-Fight-Fast-Punch-Paddles-Black.jpg,1,Joya Fight Fast Punch Paddles – Black,FALSE,Joya Fight Fast Punch Paddles – Black,Joya Fight Fast Punch Paddles – Black,active,Uitrusting
joya-fight-gear-foam-baton-per-paar,Joya Fight Gear – FOAM BATON (per paar),<p>Joya Fight Gear &#8211; FOAM BATON (per paar)</p>,Joya,trap/stoot kussens,"Joya, trap/stoot kussens, Uitrusting",TRUE,Title,Default Title,074002-bl-2,,shopify,12,deny,manual,39.95,,TRUE,TRUE,https://www.fightpro.nl/wp-content/uploads/2026/04/Joya-Fight-Gear-FOAM-BATONS.jpg,1,Joya Fight Gear – FOAM BATON (per paar),FALSE,Joya Fight Gear – FOAM BATON (per paar),Joya Fight Gear – FOAM BATON (per paar),active,Uitrusting
twins-kickboks-scheenbeschermers-sgl7-white-2,Twins Kickboks scheenbeschermers SGL7 – White,"<p>Twins Kickboks scheenbeschermers wit</p>
<p>Voor de fanatieke serieuze kickbokser</p>",Twins,Scheenbeschermers,"Bescherming, Scheenbeschermers, Twins",TRUE,Maat,XS,SGL 7-1-XS,,shopify,12,deny,manual,132.00,,TRUE,TRUE,https://www.fightpro.nl/wp-content/uploads/2026/04/Twins-Special-SGL-7-Shin-Guards-white.jpg,1,Twins Kickboks scheenbeschermers SGL7 – White,FALSE,Twins Kickboks scheenbeschermers SGL7 – White,Twins Kickboks scheenbeschermers wit,active,Bescherming
twins-kickboks-scheenbeschermers-sgl7-white-2,,,,,,,,S,SGL 7-1-S,,shopify,12,deny,manual,132.00,,TRUE,TRUE,,,,,,,,
twins-kickboks-scheenbeschermers-sgl7-white-2,,,,,,,,M,SGL 7-1-M,,shopify,12,deny,manual,132.00,,TRUE,TRUE,,,,,,,,
twins-kickboks-scheenbeschermers-sgl7-white-2,,,,,,,,L,SGL 7-1-L,,shopify,12,deny,manual,132.00,,TRUE,TRUE,,,,,,,,
twins-kickboks-scheenbeschermers-sgl7-white-2,,,,,,,,XL,SGL 7-1-XL,,shopify,12,deny,manual,132.00,,TRUE,TRUE,,,,,,,,
twins-kickboks-scheenbeschermers-sgl7-white-2,,,,,,,,XXL,SGL 7-1-XXL,,shopify,12,deny,manual,132.00,,TRUE,TRUE,,,,,,,,
twins-kickboks-scheenbeschermers-sgl7-white-2,,,,,,,,,,,,,,,,,,,https://www.fightpro.nl/wp-content/uploads/2026/04/Twins-Special-SGL-7-Shin-Guards-white-.jpg,2,,,,,
twins-kickboks-scheenbeschermers-sgl7-white-2,,,,,,,,,,,,,,,,,,,https://www.fightpro.nl/wp-content/uploads/2026/04/Twins-Special-SGL-7-Shin-Guards-white-2.jpg,3,,,,,
hayabusa-airstream-athletic-duffel-bag-50-liter,Hayabusa Airstream Athletic Duffel Bag – 50 liter,<p>Hayabusa Airstream Athletic Duffel Bag &#8211; 50 liter</p>,Hayabusa,Sport tassen,"Sport tassen, Uitrusting, Hayabusa",TRUE,Title,Default Title,ha-rsb-1,,shopify,12,deny,manual,169.95,,TRUE,TRUE,https://www.fightpro.nl/wp-content/uploads/2026/04/Hayabusa-Airstream-Athletic-Duffle-Bag.jpg,1,Hayabusa Airstream Athletic Duffel Bag – 50 liter,FALSE,Hayabusa Airstream Athletic Duffel Bag – 50 liter,Hayabusa Airstream Athletic Duffel Bag – 50 liter,active,Uitrusting
hayabusa-airstream-athletic-duffel-bag-50-liter,,,,,,,,,,,,,,,,,,,https://www.fightpro.nl/wp-content/uploads/2026/04/Hayabusa-Airstream-Athletic-Duffle-Bag2.jpg,2,,,,,
hayabusa-airstream-athletic-duffel-bag-50-liter,,,,,,,,,,,,,,,,,,,https://www.fightpro.nl/wp-content/uploads/2026/04/Hayabusa-Airstream-Athletic-Duffle-Bag3.jpg,3,,,,,
shockdoctor-bitje-gebitbeschermer-gel-max-black-blue,Shockdoctor bitje gebitbeschermer Gel Max Black / Blue,"<p>Shockdoctor bitje gebitbeschermer Gel Max Black / Blue</p>
<div id=""shopify-section-template--16790521053481__main"" class=""shopify-section section-main-product page-section-spacing page-section-spacing--no-top-mobile"">
<div data-section-type=""main-product"" data-components=""accordion,custom-select,modal"">
<div class=""product-description rte container cf padded-row not-in-quickbuy"">De Gel Max gebitsbeschermer biedt een superieure pasvorm en bescherming. Door het gebruik van een Gel Fit Liner vormt de Gel Max zich naar uw tanden en tandvlees en biedt een stevige pasvorm. De buitenkant van de Gel Max is versterkt met een rubber exoskelet voor ultieme schokabsorptie. Accepteer geen goedkope enkellaagse gebitsbeschermers, vertrouw op Shock Doctor en wees zelfverzekerd elke keer dat u speelt!</div>
</div>
</div>
<div id=""shopify-section-template--16790521053481__62a5f432-fad3-4f55-907d-d752cb695319"" class=""shopify-section section-rich-text"">
<div class=""fully-spaced-row--small cc-animate-init -in cc-animate-complete"" data-cc-animate="""">
<div class=""container"">
<div class=""align-left spaced-column"">
<div class=""rte lightly-spaced-row large-text"">
<p><strong>Features</strong></p>
</div>
<div class=""rte lightly-spaced-row "">
<p><span class=""metafield-multi_line_text_field"">• Exoskeletaal schokframe<br />
• Geïntegreerde ademhalingskanalen<br />
• Ontwerp met drie lagen<br />
• Gemakkelijker aan te brengen<br />
• Gel-Fit™ voering<br />
• Kook en bijt pasvorm</span></p>
</div>
</div>
</div>
</div>
</div>",Shockdoctor,Gebitsbeschermer,"Bescherming, Shockdoctor, Gebitsbeschermer",TRUE,Title,Default Title,sd-213-1-2,,shopify,12,deny,manual,19.95,,TRUE,TRUE,https://www.fightpro.nl/wp-content/uploads/2026/04/shockdoctor-Gel-Max-Black-blue-bitje-mouthguard.jpg,1,Shockdoctor bitje gebitbeschermer Gel Max Black / Blue,FALSE,Shockdoctor bitje gebitbeschermer Gel Max Black / Blue,Shockdoctor bitje gebitbeschermer Gel Max Black / Blue,active,Bescherming
shockdoctor-bitje-gebitbeschermer-gel-max-black-blue,,,,,,,,,,,,,,,,,,,https://www.fightpro.nl/wp-content/uploads/2026/04/shockdoctor-Gel-Max-Black-blue-bitje-mouthguard4.jpg,2,,,,,
shockdoctor-bitje-gebitbeschermer-gel-max-black-blue,,,,,,,,,,,,,,,,,,,https://www.fightpro.nl/wp-content/uploads/2026/04/shockdoctor-Gel-Max-Black-blue-bitje-mouthguard2.jpg,3,,,,,
shockdoctor-bitje-gebitbeschermer-gel-max-black-blue,,,,,,,,,,,,,,,,,,,https://www.fightpro.nl/wp-content/uploads/2026/04/shockdoctor-Gel-Max-Black-blue-bitje-mouthguard3.jpg,4,,,,,
biotech-usa-magnesium-bisglycinate-90-caps,biotech USA Magnesium Bisglycinate 90 caps,<p>biotech USA Magnesium Bisglycinate 90 caps</p>,Bio Tech,Voeding,"Bio Tech, Voeding",TRUE,Title,Default Title,8717624163357-1-1-1-2-1-1-1-1-1-1-1-1-2,,shopify,12,deny,manual,14.95,,TRUE,TRUE,https://www.fightpro.nl/wp-content/uploads/2026/04/biotech-USA-Magnesium-Bisglycinate90-caps.jpg,1,biotech USA Magnesium Bisglycinate 90 caps,FALSE,biotech USA Magnesium Bisglycinate 90 caps,biotech USA Magnesium Bisglycinate 90 caps,active,Voeding
biotech-usa-bcaa-zero-360g,Biotech USA BCAA ZERO 360g,<p>Biotech USA BCAA ZERO 360g</p>,Bio Tech,Voeding,"Bio Tech, Voeding",TRUE,Title,Default Title,8717624163357-1-1-1-2-1-1-1-1-1-1-1-1-1,,shopify,12,deny,manual,29.95,,TRUE,TRUE,https://www.fightpro.nl/wp-content/uploads/2026/04/Biotech-USA-BCAA-ZERO-360g.jpg,1,Biotech USA BCAA ZERO 360g,FALSE,Biotech USA BCAA ZERO 360g,Biotech USA BCAA ZERO 360g,active,Voeding
biotech-usa-100-creatine-monohydrate-300-g,Biotech USA Black Blood NOX 340g,<p>Biotech USA Black Blood NOX 340g</p>,Bio Tech,Voeding,"Bio Tech, Voeding",TRUE,Title,Default Title,8717624163357-1-1-1-2-1-1-1-1-1-1-1-1,,shopify,12,deny,manual,36.95,,TRUE,TRUE,https://www.fightpro.nl/wp-content/uploads/2026/04/Biotech-USA-Black-Blood-NOX-340g.jpg,1,Biotech USA Black Blood NOX 340g,FALSE,Biotech USA Black Blood NOX 340g,Biotech USA Black Blood NOX 340g,active,Voeding
levrone-gold-ashwagandha-90-tabs,Levrone-GOLD-Ashwagandha-90-tabs,<p>Levrone-GOLD-Ashwagandha-90-tabs</p>,Bio Tech,Voeding,"Bio Tech, Voeding",TRUE,Title,Default Title,8717624163357-1-1-1-2-1-1-1-1-1-1-1,,shopify,12,deny,manual,12.95,,TRUE,TRUE,https://www.fightpro.nl/wp-content/uploads/2026/04/Levrone-GOLD-Ashwagandha-90-tabs.jpg,1,Levrone-GOLD-Ashwagandha-90-tabs,FALSE,Levrone-GOLD-Ashwagandha-90-tabs,Levrone-GOLD-Ashwagandha-90-tabs,active,Voeding
biotech-usa-iso-whey-zero-908gr,biotech USA Iso Whey Zero 908gr,<p>biotech USA Iso Whey Zero 908gr</p>,Bio Tech,Voeding,"Bio Tech, Voeding",TRUE,Title,Default Title,8717624163357-1-1-1-2-1-1-1-1-1-1,,shopify,12,deny,manual,54.95,,TRUE,TRUE,https://www.fightpro.nl/wp-content/uploads/2026/04/biotech-USA-Iso-Whey-Zero-908g.jpg,1,biotech USA Iso Whey Zero 908gr,FALSE,biotech USA Iso Whey Zero 908gr,biotech USA Iso Whey Zero 908gr,active,Voeding
bad-ass-pre-workout-438gr,BAD ASS Pre workout 438gr,<p>BAD ASS Pre workout 438gr</p>,Bio Tech,Voeding,"Bio Tech, Voeding",TRUE,Title,Default Title,8717624163357-1-1-1-2-1-1-1-1-1,,shopify,12,deny,manual,22.95,,TRUE,TRUE,https://www.fightpro.nl/wp-content/uploads/2026/04/BAD-ASS-Pre-workout-438-g.jpg,1,BAD ASS Pre workout 438gr,FALSE,BAD ASS Pre workout 438gr,BAD ASS Pre workout 438gr,active,Voeding
ice-pump-pre-workout-463gr,ICE Pump Pre Workout 463gr,<p>ICE Pump Pre Workout 463gr</p>,Bio Tech,Voeding,"Bio Tech, Voeding",TRUE,Title,Default Title,8717624163357-1-1-1-2-1-1-1-1,,shopify,12,deny,manual,24.95,,TRUE,TRUE,https://www.fightpro.nl/wp-content/uploads/2026/04/ICE-Pump-Pre-Workout-463-g.jpg,1,ICE Pump Pre Workout 463gr,FALSE,ICE Pump Pre Workout 463gr,ICE Pump Pre Workout 463gr,active,Voeding
levrone-scatterbrain-pre-workout-270gr,LEVRONE Scatterbrain pre workout 270gr,<p>LEVRONE Scatterbrain pre workout 270gr</p>,Bio Tech,Voeding,"Bio Tech, Voeding",TRUE,Title,Default Title,8717624163357-1-1-1-2-1-1-1,,shopify,12,deny,manual,24.95,,TRUE,TRUE,https://www.fightpro.nl/wp-content/uploads/2026/04/LEVRONE-Scatterbrain-pre-workout-270gr.jpg,1,LEVRONE Scatterbrain pre workout 270gr,FALSE,LEVRONE Scatterbrain pre workout 270gr,LEVRONE Scatterbrain pre workout 270gr,active,Voeding
premium-nutrition-pn-pump-pre-workout-385gr,PREMIUM NUTRITION PN PUMP PRE WORKOUT 385gr,<p>PREMIUM NUTRITION PN PUMP PRE WORKOUT 385gr</p>,Bio Tech,Voeding,"Bio Tech, Voeding",TRUE,Title,Default Title,8717624163357-1-1-1-2-1-1,,shopify,12,deny,manual,24.95,,TRUE,TRUE,https://www.fightpro.nl/wp-content/uploads/2026/04/PREMIUM-NUTRITION-PN-PUMP-PRE-WORKOUT-385gr.jpg,1,PREMIUM NUTRITION PN PUMP PRE WORKOUT 385gr,FALSE,PREMIUM NUTRITION PN PUMP PRE WORKOUT 385gr,PREMIUM NUTRITION PN PUMP PRE WORKOUT 385gr,active,Voeding
skull-labs-angel-dust-pre-workout-270gr,Skull Labs Angel Dust pre workout 270gr,"<p>Skull Labs Angel Dust pre workout 270gr</p>
<p>&nbsp;</p>",Bio Tech,Voeding,"Bio Tech, Voeding",TRUE,Title,Default Title,8717624163357-1-1-1-2-1,,shopify,12,deny,manual,24.95,,TRUE,TRUE,https://www.fightpro.nl/wp-content/uploads/2026/04/Skull-Labs-Angel-Dust-pre-workout-270gr.jpg,1,Skull Labs Angel Dust pre workout 270gr,FALSE,Skull Labs Angel Dust pre workout 270gr,"Een van de beste Pre Workouts op de markt! Handle with care! Beta-alanine (CarnoSyn®), arginine AKG, citruline malate, taurine, hydrolysed casein (PeptoPro®), glucuronolactone, L-ascorbic acid, sodium bicarbonate, magnesium phosphate, flavour, caffeine anhydrous, potassium phosphate, nicotinamide, s",active,Voeding
skull-labsskull-crusher-pre-workout-350-gr,Skull LabsSkull Crusher pre-workout 350 gr,"<p>Skull LabsSkull Crusher pre-workout 350 gr</p>
<p>&nbsp;</p>",Bio Tech,Voeding,"Bio Tech, Voeding",TRUE,Title,Default Title,8717624163357-1-1-1-2,,shopify,12,deny,manual,24.95,,TRUE,TRUE,https://www.fightpro.nl/wp-content/uploads/2026/04/Skull-Labs-Skull-Crusher-pre-workout-350gr.jpg,1,Skull LabsSkull Crusher pre-workout 350 gr,FALSE,Skull LabsSkull Crusher pre-workout 350 gr,"Een van de beste Pre Workouts op de markt! Handle with care! Beta-alanine (CarnoSyn®), arginine AKG, citruline malate, taurine, hydrolysed casein (PeptoPro®), glucuronolactone, L-ascorbic acid, sodium bicarbonate, magnesium phosphate, flavour, caffeine anhydrous, potassium phosphate, nicotinamide, s",active,Voeding
dames-borstbeschermer-zwart-met-uitneembare-padding,Dames Borstbeschermer – Zwart met uitneembare padding,"<h2 data-start=""102"" data-end=""158"">Dames Borstbeschermer – Zwart met uitneembare padding</h2>
<p data-start=""160"" data-end=""399"">De <strong data-start=""163"" data-end=""188"">dames borstbeschermer</strong> in stijlvol zwart biedt optimale bescherming tijdens <strong data-start=""242"" data-end=""292"">kickboksen, boksen en ander vechtsporttraining</strong>. Speciaal ontworpen voor vrouwen, beschermt hij gevoelige zones zonder je bewegingsvrijheid te beperken.</p>
<p data-start=""401"" data-end=""693"">De <strong data-start=""404"" data-end=""427"">uitneembare padding</strong> maakt individuele aanpassing mogelijk: extra bescherming bij intensieve trainingen of een lichter gewicht voor minder intensieve sessies. Het ergonomische ontwerp, het robuuste materiaal en het ademende binnenmateriaal zorgen voor maximaal comfort en stabiliteit.</p>
<h3 data-start=""695"" data-end=""708"">Kenmerken</h3>
<ul data-start=""710"" data-end=""957"">
<li data-start=""710"" data-end=""749"">
<p data-start=""712"" data-end=""749"">Speciaal ontworpen voor <strong data-start=""736"" data-end=""747"">vrouwen</strong></p>
</li>
<li data-start=""750"" data-end=""804"">
<p data-start=""752"" data-end=""804""><strong data-start=""752"" data-end=""775"">Uitneembare padding</strong> voor flexibele bescherming</p>
</li>
<li data-start=""805"" data-end=""861"">
<p data-start=""807"" data-end=""861"">Ergonomische pasvorm voor maximale bewegingsvrijheid</p>
</li>
<li data-start=""862"" data-end=""903"">
<p data-start=""864"" data-end=""903"">Elegant zwart, <strong data-start=""879"" data-end=""901"">stijlvol en stevig</strong></p>
</li>
<li data-start=""904"" data-end=""957"">
<p data-start=""906"" data-end=""957"">Perfect voor <strong data-start=""919"" data-end=""955"">kickboksen, boksen en vechtsport</strong></p>
</li>
</ul>
<p data-start=""959"" data-end=""1032"">Train veilig, zelfverzekerd en comfortabel – ideaal voor elke training.</p>",Fightpro,Diversen,"Fightpro, Diversen",TRUE,Maat,L,082200-1-1-1-1-L,,shopify,12,deny,manual,44.95,,TRUE,TRUE,https://www.fightpro.nl/wp-content/uploads/2026/03/Fightpro-Damen-Brustschutz-boxen.jpg,1,Dames Borstbeschermer – Zwart met uitneembare padding,FALSE,Dames Borstbeschermer – Zwart met uitneembare padding,Dames Borstbeschermer – Zwart met uitneembare padding,active,Diversen
dames-borstbeschermer-zwart-met-uitneembare-padding,,,,,,,,M,082200-1-1-1-1-M,,shopify,12,deny,manual,44.95,,TRUE,TRUE,,,,,,,,
dames-borstbeschermer-zwart-met-uitneembare-padding,,,,,,,,S,082200-1-1-1-1-S,,shopify,12,deny,manual,44.95,,TRUE,TRUE,,,,,,,,
dames-borstbeschermer-zwart-met-uitneembare-padding,,,,,,,,,,,,,,,,,,,https://www.fightpro.nl/wp-content/uploads/2026/03/Fightpro-Damen-Brustschutz-boxen-2.jpg,2,,,,,
fightpro-bjj-elite-gi-black-350-grams,Fightpro BJJ Elite GI BLACK 350 grams,"<h2 data-start=""125"" data-end=""143"">BJJ Gi FightPro</h2>
<p data-start=""145"" data-end=""394""><strong data-start=""145"" data-end=""182"">Lichtgewicht. Duurzaam. Stijlvol.</strong><br data-start=""182"" data-end=""185"" />Onze hoogwaardige FightPro BJJ-Gi van 350g Pearl Weave katoen biedt de perfecte balans tussen comfort, bewegingsvrijheid en langdurige stabiliteit. Ideaal voor intensieve trainingen en veeleisende wedstrijden.</p>
<p data-start=""396"" data-end=""654"">Het elegante zwarte design, gecombineerd met nauwkeurige afwerking en opvallende borduursels, maakt deze Gi een echte eyecatcher op de mat. Elke naad, elk detail en elke snit is ontworpen voor vechters die niet alleen willen trainen, maar willen domineren.</p>
<p data-start=""656"" data-end=""735""><strong data-start=""656"" data-end=""700"">Inclusief gratis witte band (White Belt)</strong> – zodat je direct kunt beginnen.</p>
<p data-start=""737"" data-end=""838"">Geschikt voor zowel beginners als ervaren atleten: deze Gi levert de prestaties die jij nodig hebt.</p>
<h3 data-start=""845"" data-end=""873"">Maatgids FightPro BJJ-Gi</h3>
<div class=""TyagGW_tableContainer"">
<div class=""group TyagGW_tableWrapper flex flex-col-reverse w-fit"">
<table class=""w-fit min-w-(--thread-content-width)"" data-start=""875"" data-end=""1400"">
<thead data-start=""875"" data-end=""934"">
<tr data-start=""875"" data-end=""934"">
<th class="""" data-start=""875"" data-end=""882"" data-col-size=""sm"">Maat</th>
<th class="""" data-start=""882"" data-end=""901"" data-col-size=""sm"">Lengte gebruiker</th>
<th class="""" data-start=""901"" data-end=""921"" data-col-size=""sm"">Gewicht gebruiker</th>
<th class="""" data-start=""921"" data-end=""934"" data-col-size=""md"">Opmerking</th>
</tr>
</thead>
<tbody data-start=""991"" data-end=""1400"">
<tr data-start=""991"" data-end=""1074"">
<td data-start=""991"" data-end=""998"" data-col-size=""sm"">A0</td>
<td data-col-size=""sm"" data-start=""998"" data-end=""1016"">150–160 cm</td>
<td data-col-size=""sm"" data-start=""1016"" data-end=""1034"">45–55 kg</td>
<td data-col-size=""md"" data-start=""1034"" data-end=""1074"">Voor kleinere volwassenen en tieners</td>
</tr>
<tr data-start=""1075"" data-end=""1168"">
<td data-start=""1075"" data-end=""1082"" data-col-size=""sm"">A1</td>
<td data-col-size=""sm"" data-start=""1082"" data-end=""1100"">160–170 cm</td>
<td data-col-size=""sm"" data-start=""1100"" data-end=""1118"">55–70 kg</td>
<td data-col-size=""md"" data-start=""1118"" data-end=""1168"">Meest gekozen maat voor gemiddelde volwassenen</td>
</tr>
<tr data-start=""1169"" data-end=""1247"">
<td data-start=""1169"" data-end=""1176"" data-col-size=""sm"">A2</td>
<td data-col-size=""sm"" data-start=""1176"" data-end=""1194"">170–180 cm</td>
<td data-col-size=""sm"" data-start=""1194"" data-end=""1212"">70–85 kg</td>
<td data-col-size=""md"" data-start=""1212"" data-end=""1247"">Standaard maat voor volwassenen</td>
</tr>
<tr data-start=""1248"" data-end=""1328"">
<td data-start=""1248"" data-end=""1255"" data-col-size=""sm"">A3</td>
<td data-start=""1255"" data-end=""1273"" data-col-size=""sm"">180–190 cm</td>
<td data-col-size=""sm"" data-start=""1273"" data-end=""1291"">85–100 kg</td>
<td data-col-size=""md"" data-start=""1291"" data-end=""1328"">Voor langere of zwaardere atleten</td>
</tr>
<tr data-start=""1329"" data-end=""1400"">
<td data-start=""1329"" data-end=""1336"" data-col-size=""sm"">A4</td>
<td data-col-size=""sm"" data-start=""1336"" data-end=""1354"">190–200 cm</td>
<td data-col-size=""sm"" data-start=""1354"" data-end=""1372"">100–120 kg</td>
<td data-col-size=""md"" data-start=""1372"" data-end=""1400"">Extra lange en grote fit</td>
</tr>
</tbody>
</table>
</div>
</div>
<p data-start=""1402"" data-end=""1553""><strong data-start=""1402"" data-end=""1410"">Tip:</strong> Kies altijd een Gi die je iets ruimte geeft voor beweging, maar niet te los zit. De Pearl Weave stof kan na de eerste wasbeurt iets krimpen.</p>",Fightpro,BJJ,"Fightpro, Kleding, BJJ",TRUE,Title,Default Title,,,shopify,12,deny,manual,99.95,,TRUE,TRUE,https://www.fightpro.nl/wp-content/uploads/2026/03/Fightpro-Brazilian-Jiu-Jitsu-BJJ-GI-350-gr-Schwarz.jpg,1,Fightpro BJJ Elite GI BLACK 350 grams,FALSE,Fightpro BJJ Elite GI BLACK 350 grams,Fightpro BJJ Elite GI BLACK 350 grams,active,Kleding
fightpro-bjj-elite-gi-black-350-grams,,,,,,,,,,,,,,,,,,,https://www.fightpro.nl/wp-content/uploads/2026/03/Fightpro-Brazilian-Jiu-Jitsu-BJJ-GI-350-gr-Schwarz-2.jpg,2,,,,,
fightpro-bjj-elite-gi-black-350-grams,,,,,,,,,,,,,,,,,,,https://www.fightpro.nl/wp-content/uploads/2026/03/Fightpro-Brazilian-Jiu-Jitsu-BJJ-GI-350-gr-Schwarz-3.jpg,3,,,,,
fightpro-bjj-elite-gi-black-350-grams,,,,,,,,,,,,,,,,,,,https://www.fightpro.nl/wp-content/uploads/2026/03/Fightpro-Brazilian-Jiu-Jitsu-BJJ-GI-350-gr-Schwarz-4.jpg,4,,,,,
fightpro-bjj-elite-gi-black-350-grams,,,,,,,,,,,,,,,,,,,https://www.fightpro.nl/wp-content/uploads/2026/03/Fightpro-Brazilian-Jiu-Jitsu-BJJ-GI-350-gr-Schwarz-5.jpg,5,,,,,
fightpro-binnenhandschoenen-bandages,Fightpro Binnenhandschoenen bandages,"<h2 data-start=""130"" data-end=""172"">Fightpro Mesh Binnenhandschoenen</h2>
<p data-start=""174"" data-end=""400"">Bescherm je handen en polsen tijdens het trainen! De <strong data-start=""227"" data-end=""258"">OYA Mesh binnenhandschoenen</strong> voorkomen blessures aan knokkels en polsen die kunnen ontstaan door verkeerd bandageren of het gebruik van minderwaardige bokshandschoenen.</p>
<p data-start=""402"" data-end=""710"">Het ademende <strong data-start=""415"" data-end=""433"">mesh-materiaal</strong> zorgt ervoor dat je handen tijdens de training goed geventileerd blijven en niet bekneld raken. Dankzij de <strong data-start=""541"" data-end=""565"">extra 100 cm bandage</strong> kunnen de polsen extra worden ondersteund, voor een stabiele en veilige training – of je nu werkt op de <strong data-start=""670"" data-end=""707"">bokszak, pads of tijdens sparring</strong>.</p>
<h3 data-start=""712"" data-end=""725"">Kenmerken</h3>
<ul data-start=""727"" data-end=""968"">
<li data-start=""727"" data-end=""769"">
<p data-start=""729"" data-end=""769"">Bescherming van <strong data-start=""745"" data-end=""767"">knokkels en polsen</strong></p>
</li>
<li data-start=""770"" data-end=""817"">
<p data-start=""772"" data-end=""817""><strong data-start=""772"" data-end=""788"">Ademend mesh</strong> voor optimaal draagcomfort</p>
</li>
<li data-start=""818"" data-end=""867"">
<p data-start=""820"" data-end=""867"">Inclusief <strong data-start=""830"" data-end=""848"">100 cm bandage</strong> voor extra steun</p>
</li>
<li data-start=""868"" data-end=""915"">
<p data-start=""870"" data-end=""915""><strong data-start=""870"" data-end=""894"">SKT High-Density Gel</strong> voor extra demping</p>
</li>
<li data-start=""916"" data-end=""968"">
<p data-start=""918"" data-end=""968""><strong data-start=""918"" data-end=""936"">Machinewasbaar</strong> en eenvoudig schoon te houden</p>
</li>
</ul>
<p data-start=""970"" data-end=""1094"">Perfect voor <strong data-start=""983"" data-end=""1026"">boksen, kickboksen en alle vechtsporten</strong> waarbij veiligheid, comfort en bewegingsvrijheid essentieel zijn.</p>",Fightpro,Bandages,"Fightpro, Bandages, Bescherming",TRUE,Maat,L,082200-1-1-1-L,,shopify,12,deny,manual,15.95,,TRUE,TRUE,https://www.fightpro.nl/wp-content/uploads/2026/03/FIGHTPRO-innenhandschuhe-bandagen.jpg,1,Fightpro Binnenhandschoenen bandages,FALSE,Fightpro Binnenhandschoenen bandages,Fightpro Binnenhandschoenen bandages,active,Bescherming
fightpro-binnenhandschoenen-bandages,,,,,,,,M,082200-1-1-1-M,,shopify,12,deny,manual,15.95,,TRUE,TRUE,,,,,,,,
fightpro-binnenhandschoenen-bandages,,,,,,,,S,082200-1-1-1-S,,shopify,12,deny,manual,15.95,,TRUE,TRUE,,,,,,,,
fightpro-binnenhandschoenen-bandages,,,,,,,,,,,,,,,,,,,https://www.fightpro.nl/wp-content/uploads/2026/03/FIGHTPRO-innenhandschuhe-bandagen-2.jpg,2,,,,,
fightpro-binnenhandschoenen-bandages,,,,,,,,,,,,,,,,,,,https://www.fightpro.nl/wp-content/uploads/2026/03/FIGHTPRO-innenhandschuhe-bandagen-3.jpg,3,,,,,
fightpro-bandages-250-350-450-cm,Fightpro Bandages 250 – 350 – 450 cm,"<h2 data-start=""91"" data-end=""141"">Fightpro Bandages – Duurzaam, sterk en vormvast</h2>
<p data-start=""143"" data-end=""359"">De <strong data-start=""146"" data-end=""167"">Fightpro bandages</strong> zijn ontwikkeld voor sporters die hun handen en polsen optimaal willen beschermen tijdens trainingen. Ze bieden stevige ondersteuning bij <strong data-start=""306"" data-end=""358"">boksen, kickboksen, Muay Thai en bokszaktraining</strong>.</p>
<p data-start=""361"" data-end=""615"">Dankzij het duurzame materiaal blijven de bandages <strong data-start=""412"" data-end=""466"">mooi in vorm, zelfs na het wassen in de wasmachine</strong>. In tegenstelling tot veel andere bandages gaan ze niet snel kreukelen of vervormen, waardoor ze makkelijk opnieuw te wikkelen zijn en lang meegaan.</p>
<p data-start=""617"" data-end=""768"">De bandages zijn uitgevoerd in <strong data-start=""648"" data-end=""657"">zwart</strong> en combineren een professionele uitstraling met hoge functionaliteit. Ideaal voor intensief gebruik in de gym.</p>
<p data-start=""770"" data-end=""883"">Verkrijgbaar in de lengtes <strong data-start=""797"" data-end=""825"">250 cm, 350 cm en 450 cm</strong>, zodat iedere sporter de juiste ondersteuning kan kiezen.</p>
<h3 data-start=""885"" data-end=""898"">Kenmerken</h3>
<ul data-start=""900"" data-end=""1168"">
<li data-start=""900"" data-end=""933"">
<p data-start=""902"" data-end=""933""><strong data-start=""902"" data-end=""933"">Sterke en duurzame bandages</strong></p>
</li>
<li data-start=""934"" data-end=""983"">
<p data-start=""936"" data-end=""983"">Blijven <strong data-start=""944"" data-end=""983"">vormvast na wassen in de wasmachine</strong></p>
</li>
<li data-start=""984"" data-end=""1031"">
<p data-start=""986"" data-end=""1031"">Goede ondersteuning voor <strong data-start=""1011"" data-end=""1031"">handen en polsen</strong></p>
</li>
<li data-start=""1032"" data-end=""1083"">
<p data-start=""1034"" data-end=""1083"">Geschikt voor <strong data-start=""1048"" data-end=""1083"">boksen, kickboksen en Muay Thai</strong></p>
</li>
<li data-start=""1084"" data-end=""1130"">
<p data-start=""1086"" data-end=""1130"">Verkrijgbaar in <strong data-start=""1102"" data-end=""1130"">250 cm, 350 cm en 450 cm</strong></p>
</li>
<li data-start=""1131"" data-end=""1168"">
<p data-start=""1133"" data-end=""1168"">Professionele <strong data-start=""1147"" data-end=""1168"">zwarte uitvoering</strong></p>
</li>
</ul>
<p data-start=""1170"" data-end=""1306"" data-is-last-node="""" data-is-only-node="""">De <strong data-start=""1173"" data-end=""1194"">Fightpro bandages</strong> zijn een betrouwbare keuze voor sporters die kwaliteit en duurzaamheid belangrijk vinden tijdens elke training.</p>",Fightpro,Bandages,"Fightpro, Bandages, Bescherming",TRUE,Maat,250cm,Band-FP-250cm,,shopify,12,deny,manual,9.95,,TRUE,TRUE,https://www.fightpro.nl/wp-content/uploads/2026/03/Fightpro-BoxBandagen-Elite-350-cm-Schwarz.jpg,1,Fightpro Bandages 250 – 350 – 450 cm,FALSE,Fightpro Bandages 250 – 350 – 450 cm,"FDe beste bandages in Nederland, blijven in vorm na de wasmachine en extreem duurzaam",active,Bescherming
fightpro-bandages-250-350-450-cm,,,,,,,,350cm,Band-FP-350cm,,shopify,12,deny,manual,9.95,,TRUE,TRUE,,,,,,,,
fightpro-bandages-250-350-450-cm,,,,,,,,450cm,Band-FP-450cm,,shopify,12,deny,manual,9.95,,TRUE,TRUE,,,,,,,,
fightpro-bandages-250-350-450-cm,,,,,,,,,,,,,,,,,,,https://www.fightpro.nl/wp-content/uploads/2026/03/Fightpro-BoxBandagen-Elite-250-cm-Schwarz.jpg,2,,,,,
fightpro-bandages-250-350-450-cm,,,,,,,,,,,,,,,,,,,https://www.fightpro.nl/wp-content/uploads/2026/03/Fightpro-BoxBandagen-Elite-450-cm-Schwarz.jpg,3,,,,,
fightpro-scheenbeschermers-impact,Fightpro scheenbeschermers IMPACT,"<h2 data-start=""110"" data-end=""156"">Fightpro IMPACT Scheenbeschermers – Skintex</h2>
<p data-start=""158"" data-end=""411"">De <strong data-start=""161"" data-end=""198"">Fightpro IMPACT scheenbeschermers</strong> zijn ontworpen voor intensieve trainingen in <strong data-start=""244"" data-end=""292"">kickboksen, Muay Thai en andere vechtsporten</strong>. Dankzij het sterke <strong data-start=""313"" data-end=""334"">Skintex materiaal</strong> combineren deze scheenbeschermers duurzaamheid met een comfortabele pasvorm.</p>
<p data-start=""413"" data-end=""669"">De meerlaagse padding zorgt voor een <strong data-start=""450"" data-end=""474"">goede schokabsorptie</strong>, waardoor schenen en wreef optimaal beschermd worden tijdens sparring en training. Door de ergonomische vorm sluiten de scheenbeschermers goed aan op het been en blijven ze stevig op hun plaats.</p>
<p data-start=""671"" data-end=""826"">De <strong data-start=""674"" data-end=""717"">zwarte uitvoering met wit Fightpro-logo</strong> geeft de IMPACT scheenbeschermers een krachtige en professionele uitstraling die perfect past in iedere gym.</p>
<h3 data-start=""828"" data-end=""841"">Kenmerken</h3>
<ul data-start=""843"" data-end=""1062"">
<li data-start=""843"" data-end=""877"">
<p data-start=""845"" data-end=""877"">Gemaakt van <strong data-start=""857"" data-end=""877"">duurzaam Skintex</strong></p>
</li>
<li data-start=""878"" data-end=""924"">
<p data-start=""880"" data-end=""924""><strong data-start=""880"" data-end=""898"">Sterke padding</strong> voor optimale bescherming</p>
</li>
<li data-start=""925"" data-end=""967"">
<p data-start=""927"" data-end=""967"">Comfortabele en <strong data-start=""943"" data-end=""967"">ergonomische pasvorm</strong></p>
</li>
<li data-start=""968"" data-end=""1021"">
<p data-start=""970"" data-end=""1021"">Geschikt voor <strong data-start=""984"" data-end=""1021"">kickboksen, Muay Thai en sparring</strong></p>
</li>
<li data-start=""1022"" data-end=""1062"">
<p data-start=""1024"" data-end=""1062"">Zwart design met <strong data-start=""1041"" data-end=""1062"">wit Fightpro logo</strong></p>
</li>
</ul>
<p data-start=""1064"" data-end=""1215"">De <strong data-start=""1067"" data-end=""1104"">Fightpro IMPACT scheenbeschermers</strong> zijn een betrouwbare keuze voor sporters die kwaliteit, bescherming en comfort zoeken tijdens elke training.</p>",Fightpro,Scheenbeschermers,"Fightpro, Scheenbeschermers, Bescherming, Bestseller",TRUE,Title,Default Title,Fightpro-PU-HS-2-2,,shopify,12,deny,manual,74.95,,TRUE,TRUE,https://www.fightpro.nl/wp-content/uploads/2026/03/fightpro-Schienbeinschutz-Impact-Skintex-1.jpg,1,Fightpro scheenbeschermers IMPACT,FALSE,Fightpro scheenbeschermers IMPACT,Fightpro scheenbeschermers IMPACT. Meerdere maten!,active,Bescherming
fightpro-scheenbeschermers-impact,,,,,,,,,,,,,,,,,,,https://www.fightpro.nl/wp-content/uploads/2026/03/fightpro-Schienbeinschutz-Impact-Skintex.jpg,2,,,,,
fightpro-scheenbeschermers-impact,,,,,,,,,,,,,,,,,,,https://www.fightpro.nl/wp-content/uploads/2026/03/fightpro-Schienbeinschutz-Impact-Skintex-2.jpg,3,,,,,
fightpro-scheenbeschermers-impact,,,,,,,,,,,,,,,,,,,https://www.fightpro.nl/wp-content/uploads/2026/03/fightpro-Schienbeinschutz-Impact-Skintex-3.jpg,4,,,,,
fightpro-scheenbeschermers-impact,,,,,,,,,,,,,,,,,,,https://www.fightpro.nl/wp-content/uploads/2026/03/fightpro-Schienbeinschutz-Impact-Skintex-4.jpg,5,,,,,
fightpro-silentbands-geruisloze-bokszakophanging,Fightpro SilentBands – Geruisloze bokszakophanging,"<h2 data-start=""121"" data-end=""191"">SilentBands – Geruisloze en sterke spanbanden voor bokszakophanging</h2>
<p data-start=""193"" data-end=""458"">De <strong data-start=""196"" data-end=""222"">SilentBands spanbanden</strong> zijn speciaal ontwikkeld als alternatief voor traditionele kettingen bij het ophangen van een bokszak. Kettingen kunnen tijdens het trainen veel geluid maken. Met deze spanbanden wordt de bokszak <strong data-start=""419"" data-end=""447"">stil, stevig en duurzaam</strong> bevestigd.</p>
<p data-start=""460"" data-end=""742"">De SilentBands zijn gemaakt van sterke materialen en ontworpen om <strong data-start=""526"" data-end=""544"">hoge belasting</strong> aan te kunnen, ook bij intensieve bokstraining of dagelijks gebruik. Door hun robuuste constructie en betrouwbaarheid worden ze inmiddels in verschillende sportscholen en trainingsruimtes gebruikt.</p>
<p data-start=""744"" data-end=""871"">Dankzij het flexibele materiaal ontstaat er minder metaal-op-metaal geluid, wat zorgt voor een <strong data-start=""839"" data-end=""870"">rustigere trainingsomgeving</strong>.</p>
<p data-start=""873"" data-end=""961""><strong data-start=""873"" data-end=""884"">Let op:</strong> Karabijnhaken worden niet meegeleverd en dienen apart te worden aangeschaft.</p>
<h3 data-start=""963"" data-end=""976"">Kenmerken</h3>
<ul data-start=""978"" data-end=""1202"">
<li data-start=""978"" data-end=""1029"">
<p data-start=""980"" data-end=""1029"">Ontwikkeld voor het <strong data-start=""1000"" data-end=""1027"">ophangen van bokszakken</strong></p>
</li>
<li data-start=""1030"" data-end=""1075"">
<p data-start=""1032"" data-end=""1075""><strong data-start=""1032"" data-end=""1058"">Geruisloos alternatief</strong> voor kettingen</p>
</li>
<li data-start=""1076"" data-end=""1110"">
<p data-start=""1078"" data-end=""1110"">Sterke en duurzame constructie</p>
</li>
<li data-start=""1111"" data-end=""1146"">
<p data-start=""1113"" data-end=""1146"">Geschikt voor intensief gebruik</p>
</li>
<li data-start=""1147"" data-end=""1202"">
<p data-start=""1149"" data-end=""1202"">Ideaal voor <strong data-start=""1161"" data-end=""1202"">boksen, kickboksen en bokszaktraining</strong></p>
</li>
</ul>",Fightpro,Bokszakken,"Fightpro, Bokszakken, Uitrusting, Bestseller",TRUE,Title,Default Title,,,shopify,12,deny,manual,14.95,,TRUE,TRUE,https://www.fightpro.nl/wp-content/uploads/2026/03/FIGHTPRO-Boxsack-Aufhangung-silent-bands.jpg,1,Fightpro SilentBands – Geruisloze bokszakophanging,FALSE,Fightpro SilentBands – Geruisloze bokszakophanging,Fightpro SilentBands – Geruisloze bokszakophanging,active,Uitrusting
fightpro-silentbands-geruisloze-bokszakophanging,,,,,,,,,,,,,,,,,,,https://www.fightpro.nl/wp-content/uploads/2026/03/FIGHTPRO-Boxsack-Aufhangung-silent-bands-1.jpg,2,,,,,
fightpro-silentbands-geruisloze-bokszakophanging,,,,,,,,,,,,,,,,,,,https://www.fightpro.nl/wp-content/uploads/2026/03/FIGHTPRO-Boxsack-Aufhangung-silent-bands-2.jpg,3,,,,,
fightpro-kickbokshandschoenen-12rounds-leer,Fightpro kickbokshandschoenen 12Rounds leer,"<h2 data-start=""160"" data-end=""227"">12 Rounds Leren Bokshandschoenen – Echt leer voor slechts €59,95</h2>
<p data-start=""229"" data-end=""487"">De <strong data-start=""232"" data-end=""268"">12 Rounds leren bokshandschoenen</strong> staan voor discipline, doorzettingsvermogen en echt trainen in de gym. Geïnspireerd door het klassieke <strong data-start=""372"" data-end=""419"">12-ronden kampioenschapsidee uit het boksen</strong>, ontwikkeld voor sporters die techniek en kracht willen combineren.</p>
<p data-start=""489"" data-end=""736"">Gemaakt van <strong data-start=""501"" data-end=""519"">100% echt leer</strong> bieden deze bokshandschoenen een kwaliteit die je in deze prijsklasse zelden ziet. Met een prijs van <strong data-start=""621"" data-end=""639"">slechts €59,95</strong> zijn ze een uitstekende keuze voor ambitieuze beginners, fanatieke sporters en ervaren vechters.</p>
<p data-start=""738"" data-end=""971"">De ergonomische vorm ondersteunt een <strong data-start=""775"" data-end=""803"">natuurlijke vuistpositie</strong> en helpt bij een gecontroleerde en krachtige stoot. Daardoor zijn de handschoenen perfect geschikt voor <strong data-start=""908"" data-end=""970"">bokstraining, kickboksen, bokszaktraining, pads en sparren</strong>.</p>
<h3 data-start=""973"" data-end=""1020"">Voordelen van de 12 Rounds bokshandschoenen</h3>
<p data-start=""1022"" data-end=""1244"">✔ Gemaakt van <strong data-start=""1036"" data-end=""1049"">echt leer</strong><br data-start=""1049"" data-end=""1052"" />✔ Slechts <strong data-start=""1062"" data-end=""1072"">€59,95</strong><br data-start=""1072"" data-end=""1075"" />✔ Geschikt voor <strong data-start=""1091"" data-end=""1115"">boksen en kickboksen</strong><br data-start=""1115"" data-end=""1118"" />✔ Goede schokabsorptie<br data-start=""1140"" data-end=""1143"" />✔ <strong data-start=""1145"" data-end=""1176"">Stevige klittenbandsluiting</strong> voor extra polsstabiliteit<br data-start=""1203"" data-end=""1206"" />✔ Sterke <strong data-start=""1215"" data-end=""1244"">prijs-kwaliteitverhouding</strong></p>
<p data-start=""1246"" data-end=""1430"">Of je nu werkt aan klassieke bokscombinaties of intensieve kickbokstraining doet – de <strong data-start=""1332"" data-end=""1368"">12 Rounds leren bokshandschoenen</strong> zijn gemaakt voor sporters met een echte vechtersmentaliteit.</p>
<p data-start=""1432"" data-end=""1481""><strong data-start=""1432"" data-end=""1478"">Train elke ronde alsof het de twaalfde is.</strong></p>",Fightpro,Kickbokshandschoenen leer,"Fightpro, Kickbokshandschoenen leer, Handschoenen, Bestseller",TRUE,Maat,10 oz,Fightpro-LU-HS-1-1-1-10oz,,shopify,12,deny,manual,59.95,,TRUE,TRUE,https://www.fightpro.nl/wp-content/uploads/2026/03/FIGHTPRO-boxhandschuhe-12rounds-Leder.jpg,1,Fightpro kickbokshandschoenen 12Rounds leer,FALSE,Fightpro kickbokshandschoenen 12Rounds leer,De “Fightpro de Luxe” black-on-black bokshandschoen staat bekend om de goede polsbescherming en zit erg aangenaam.,active,Handschoenen
fightpro-kickbokshandschoenen-12rounds-leer,,,,,,,,12 oz,Fightpro-LU-HS-1-1-1-12oz,,shopify,12,deny,manual,59.95,,TRUE,TRUE,,,,,,,,
fightpro-kickbokshandschoenen-12rounds-leer,,,,,,,,14 oz,Fightpro-LU-HS-1-1-1-14oz,,shopify,12,deny,manual,59.95,,TRUE,TRUE,,,,,,,,
fightpro-kickbokshandschoenen-12rounds-leer,,,,,,,,16 oz,Fightpro-LU-HS-1-1-1-16oz,,shopify,12,deny,manual,59.95,,TRUE,TRUE,,,,,,,,
fightpro-kickbokshandschoenen-12rounds-leer,,,,,,,,4 oz,Fightpro-LU-HS-1-1-1-4oz,,shopify,12,deny,manual,59.95,,TRUE,TRUE,,,,,,,,
fightpro-kickbokshandschoenen-12rounds-leer,,,,,,,,6 oz,Fightpro-LU-HS-1-1-1-6oz,,shopify,12,deny,manual,59.95,,TRUE,TRUE,,,,,,,,
fightpro-kickbokshandschoenen-12rounds-leer,,,,,,,,8 oz,Fightpro-LU-HS-1-1-1-8oz,,shopify,12,deny,manual,59.95,,TRUE,TRUE,,,,,,,,
fightpro-kickbokshandschoenen-12rounds-leer,,,,,,,,,,,,,,,,,,,https://www.fightpro.nl/wp-content/uploads/2026/03/FIGHTPRO-boxhandschuhe-12rounds-Leder-1.jpg,2,,,,,
fightpro-kickbokshandschoenen-12rounds-leer,,,,,,,,,,,,,,,,,,,https://www.fightpro.nl/wp-content/uploads/2026/03/FIGHTPRO-boxhandschuhe-12rounds-Leder-2.jpg,3,,,,,
fightpro-kickbokshandschoenen-12rounds-leer,,,,,,,,,,,,,,,,,,,https://www.fightpro.nl/wp-content/uploads/2026/03/FIGHTPRO-boxhandschuhe-12rounds-Leder-3.jpg,4,,,,,
fightpro-kickbokshandschoenen-titan-top-kwaliteit-leer-zwart-wit,Fightpro kickbokshandschoenen TITAN Top kwaliteit leer Zwart/Wit,"<h2 data-start=""165"" data-end=""243"">TITAN Leren Bokshandschoenen – Professionele kwaliteit voor serieus trainen, ook voor boksers</h2>
<p data-start=""245"" data-end=""542"">De <strong data-start=""248"" data-end=""280"">TITAN leren bokshandschoenen</strong> staan voor betrouwbare kwaliteit en een professionele uitstraling. Gemaakt van <strong data-start=""360"" data-end=""385"">hoogwaardig echt leer</strong>, bieden deze handschoenen uitstekende duurzaamheid, stabiliteit en een comfortabele pasvorm – precies wat sporters verwachten tijdens intensieve trainingen.</p>
<p data-start=""544"" data-end=""788"">De ergonomische vorm ondersteunt een <strong data-start=""581"" data-end=""609"">natuurlijke vuistpositie</strong>, terwijl de <strong data-start=""622"" data-end=""645"">meervoudige padding</strong> zorgt voor goede schokabsorptie. Hierdoor zijn de handschoenen perfect geschikt voor <strong data-start=""731"" data-end=""787"">bokstraining, kickboksen, sparren en bokszaktraining</strong>.</p>
<p data-start=""790"" data-end=""932"">Dit model wordt veel gebruikt tijdens intensieve trainingen en staat bekend om zijn <strong data-start=""874"" data-end=""914"">sterke afwerking en lange levensduur</strong> – ronde na ronde.</p>
<h3 data-start=""934"" data-end=""947"">Voordelen</h3>
<ul data-start=""949"" data-end=""1132"">
<li data-start=""949"" data-end=""981"">
<p data-start=""951"" data-end=""981"">Gemaakt van <strong data-start=""963"" data-end=""981"">100% echt leer</strong></p>
</li>
<li data-start=""982"" data-end=""1020"">
<p data-start=""984"" data-end=""1020""><strong data-start=""984"" data-end=""1020"">Comfortabele en stabiele pasvorm</strong></p>
<ul data-start=""949"" data-end=""1132"">
<li data-start=""1021"" data-end=""1058"">
<p data-start=""1023"" data-end=""1058""><strong data-start=""1023"" data-end=""1058"">Goede ondersteuning van de pols</strong></p>
</li>
</ul>
</li>
<li data-start=""1059"" data-end=""1099"">
<p data-start=""1061"" data-end=""1099"">Geschikt voor <strong data-start=""1075"" data-end=""1099"">boksen en kickboksen</strong></p>
</li>
<li data-start=""1100"" data-end=""1132"">
<p data-start=""1102"" data-end=""1132"">Duurzame en robuuste afwerking</p>
</li>
</ul>
<p data-start=""1134"" data-end=""1257"">De <strong data-start=""1137"" data-end=""1163"">TITAN bokshandschoenen</strong> zijn gemaakt voor sporters die tijdens hun training kiezen voor kwaliteit en betrouwbaarheid.</p>",Fightpro,Kickbokshandschoenen leer,"Fightpro, Kickbokshandschoenen leer, Handschoenen, Bestseller",TRUE,Maat,10 oz,Fightpro-LU-HS-1-2-1-10oz,,shopify,12,deny,manual,109.95,,TRUE,TRUE,https://www.fightpro.nl/wp-content/uploads/2025/10/FIGHTPRO-boxhandschuhe-titan-black-white.jpg,1,Fightpro kickbokshandschoenen TITAN Top kwaliteit leer Zwart/Wit,FALSE,Fightpro kickbokshandschoenen TITAN Top kwaliteit leer Zwart/Wit,De “Fightpro TITAN” White-on-black bokshandschoen staat bekend om de goede polsbescherming en zit erg aangenaam.,active,Handschoenen
fightpro-kickbokshandschoenen-titan-top-kwaliteit-leer-zwart-wit,,,,,,,,12 oz,Fightpro-LU-HS-1-2-1-12oz,,shopify,12,deny,manual,109.95,,TRUE,TRUE,,,,,,,,
fightpro-kickbokshandschoenen-titan-top-kwaliteit-leer-zwart-wit,,,,,,,,14 oz,Fightpro-LU-HS-1-2-1-14oz,,shopify,12,deny,manual,109.95,,TRUE,TRUE,,,,,,,,
fightpro-kickbokshandschoenen-titan-top-kwaliteit-leer-zwart-wit,,,,,,,,16 oz,Fightpro-LU-HS-1-2-1-16oz,,shopify,12,deny,manual,109.95,,TRUE,TRUE,,,,,,,,
fightpro-kickbokshandschoenen-titan-top-kwaliteit-leer-zwart-wit,,,,,,,,4 oz,Fightpro-LU-HS-1-2-1-4oz,,shopify,12,deny,manual,109.95,,TRUE,TRUE,,,,,,,,
fightpro-kickbokshandschoenen-titan-top-kwaliteit-leer-zwart-wit,,,,,,,,6 oz,Fightpro-LU-HS-1-2-1-6oz,,shopify,12,deny,manual,109.95,,TRUE,TRUE,,,,,,,,
fightpro-kickbokshandschoenen-titan-top-kwaliteit-leer-zwart-wit,,,,,,,,8 oz,Fightpro-LU-HS-1-2-1-8oz,,shopify,12,deny,manual,109.95,,TRUE,TRUE,,,,,,,,
fightpro-kickbokshandschoenen-titan-top-kwaliteit-leer-zwart-wit,,,,,,,,,,,,,,,,,,,https://www.fightpro.nl/wp-content/uploads/2025/10/FIGHTPRO-boxhandschuhe-kali-black-white-2.jpg,2,,,,,
fightpro-kickbokshandschoenen-titan-top-kwaliteit-leer-zwart-wit,,,,,,,,,,,,,,,,,,,https://www.fightpro.nl/wp-content/uploads/2025/10/FIGHTPRO-boxhandschuhe-kali-black-white-3.jpg,3,,,,,
fightpro-kickbokshandschoenen-titan-top-kwaliteit-leer-zwart-wit,,,,,,,,,,,,,,,,,,,https://www.fightpro.nl/wp-content/uploads/2025/10/FIGHTPRO-boxhandschuhe-kali-black-white-4.jpg,4,,,,,
fightpro-kickbokshandschoenen-titan-top-kwaliteit-leer-zwart-wit,,,,,,,,,,,,,,,,,,,https://www.fightpro.nl/wp-content/uploads/2025/10/FIGHTPRO-boxhandschuhe-kali-black-white-5.jpg,5,,,,,
fightpro-t-rex-dino-bokshandschoenen-kids,Fightpro T-rex Dino bokshandschoenen kids LEGENDS,"<p>LEGEND KIDS COLLECTION</p>
<p>Fightpro T-rex bokshandschoenen kids</p>
<p>&nbsp;</p>",Fightpro,Kids,"Fightpro, Kids",TRUE,Maat,140,,,shopify,12,deny,manual,44.95,,TRUE,TRUE,https://www.fightpro.nl/wp-content/uploads/2026/02/FIGHTPRO-boxhandschuhe-kinder-T-REX-Dino.jpg,1,Fightpro T-rex Dino bokshandschoenen kids LEGENDS,FALSE,Fightpro T-rex Dino bokshandschoenen kids LEGENDS,"Stoere T-rex Dino bokshandschoenen voor kids. Mooi te combineren met scheenbeschermers , shirt , broekje en tas van dezelfde lijn. verkrijgbaar in de maten: 4 oz 6oz 8 oz 10 oz",active,Kids
fightpro-t-rex-dino-bokshandschoenen-kids,,,,,,,,152,,,shopify,12,deny,manual,44.95,,TRUE,TRUE,,,,,,,,
fightpro-t-rex-dino-bokshandschoenen-kids,,,,,,,,164,,,shopify,12,deny,manual,44.95,,TRUE,TRUE,,,,,,,,
fightpro-t-rex-dino-bokshandschoenen-kids,,,,,,,,,,,,,,,,,,,https://www.fightpro.nl/wp-content/uploads/2026/02/FIGHTPRO-boxhandschuhe-kinder-T-REX-Dino-2.jpg,2,,,,,
fightpro-t-rex-dino-bokshandschoenen-kids,,,,,,,,,,,,,,,,,,,https://www.fightpro.nl/wp-content/uploads/2026/02/FIGHTPRO-boxhandschuhe-kinder-T-REX-Dino-3.jpg,3,,,,,
fightpro-t-rex-dino-bokshandschoenen-kids,,,,,,,,,,,,,,,,,,,https://www.fightpro.nl/wp-content/uploads/2026/02/FIGHTPRO-boxhandschuhe-kinder-T-REX-Dino-4.jpg,4,,,,,
fightpro-t-rex-dino-scheenbeschermers-kids,Fightpro T-rex Dino scheenbeschermers kids LEGENDS,"<p>LEGEND KIDS COLLECTION</p>
<p>Fightpro T-rex scheenbeschermers kids</p>
<p>&nbsp;</p>",Fightpro,Kids,"Fightpro, Kids",TRUE,Maat,140,,,shopify,12,deny,manual,39.95,,TRUE,TRUE,https://www.fightpro.nl/wp-content/uploads/2026/02/FIGHTPRO-schienbeinshutz-kinder-T-REX-Dino-3.jpg,1,Fightpro T-rex Dino scheenbeschermers kids LEGENDS,FALSE,Fightpro T-rex Dino scheenbeschermers kids LEGENDS,"Stoere T-rex Dino scheen beschermers voor kids. Mooi te combineren met handschoenen, shirt , broekje en tas van dezelfde lijn.",active,Kids
fightpro-t-rex-dino-scheenbeschermers-kids,,,,,,,,152,,,shopify,12,deny,manual,39.95,,TRUE,TRUE,,,,,,,,
fightpro-t-rex-dino-scheenbeschermers-kids,,,,,,,,164,,,shopify,12,deny,manual,39.95,,TRUE,TRUE,,,,,,,,
fightpro-t-rex-dino-scheenbeschermers-kids,,,,,,,,,,,,,,,,,,,https://www.fightpro.nl/wp-content/uploads/2026/02/FIGHTPRO-schienbeinshutz-kinder-T-REX-Dino.jpg,2,,,,,
fightpro-t-rex-dino-scheenbeschermers-kids,,,,,,,,,,,,,,,,,,,https://www.fightpro.nl/wp-content/uploads/2026/02/FIGHTPRO-schienbeinshutz-kinder-T-REX-Dino-1.jpg,3,,,,,
fightpro-t-rex-dino-sport-tas-kids,Fightpro T-rex Dino sport tas kids LEGENDS,"<p>LEGEND KIDS COLLECTION</p>
<p>Fightpro T-rex sport tas kids</p>
<p>&nbsp;</p>",Fightpro,Kids,"Fightpro, Kids",TRUE,Maat,140,,,shopify,12,deny,manual,39.95,,TRUE,TRUE,https://www.fightpro.nl/wp-content/uploads/2026/02/Sport-Tasche-T-REX-Dino.jpg,1,Fightpro T-rex Dino sport tas kids LEGENDS,FALSE,Fightpro T-rex Dino sport tas kids LEGENDS,"Stoere T-rex Dino sporttas voor kids. Mooi te combineren met handschoenen, shirt , broekje en scheenbeschermers van dezelfde lijn.",active,Kids
fightpro-t-rex-dino-sport-tas-kids,,,,,,,,152,,,shopify,12,deny,manual,39.95,,TRUE,TRUE,,,,,,,,
fightpro-t-rex-dino-sport-tas-kids,,,,,,,,164,,,shopify,12,deny,manual,39.95,,TRUE,TRUE,,,,,,,,
fightpro-t-rex-dino-sport-tas-kids,,,,,,,,,,,,,,,,,,,https://www.fightpro.nl/wp-content/uploads/2026/02/Sport-Tasche-T-REX-Dino-2.jpg,2,,,,,
fightpro-t-rex-dino-sport-tas-kids,,,,,,,,,,,,,,,,,,,https://www.fightpro.nl/wp-content/uploads/2026/02/Sport-Tasche-T-REX-Dino-3.jpg,3,,,,,
fightpro-t-rex-dino-sport-tas-kids,,,,,,,,,,,,,,,,,,,https://www.fightpro.nl/wp-content/uploads/2026/02/Sport-Tasche-T-REX-Dino-4.jpg,4,,,,,
fightpro-t-rex-dino-sport-tas-kids,,,,,,,,,,,,,,,,,,,https://www.fightpro.nl/wp-content/uploads/2026/02/Sport-Tasche-T-REX-Dino-5.jpg,5,,,,,
fightpro-t-rex-dino-short-broekje-kids,Fightpro T-rex Dino short / broekje kids LEGENDS,"<p>LEGEND KIDS COLLECTION</p>
<p>Fightpro T-rex short / kickboks broekje kids</p>
<p>&nbsp;</p>",Fightpro,Kids,"Fightpro, Kids",TRUE,Maat,140,,,shopify,12,deny,manual,34.95,,TRUE,TRUE,https://www.fightpro.nl/wp-content/uploads/2026/02/FIGHTPRO-shorts-kickbox-hose-kinder-T-REX-Dino.jpg,1,Fightpro T-rex Dino short / broekje kids LEGENDS,FALSE,Fightpro T-rex Dino short / broekje kids LEGENDS,"Stoer T-rex short ,kickboks broekje voor kids. Mooi te combineren met handschoenen, shirt , tas en scheenbeschermers van dezelfde lijn. te verkrijgen in de maten: XXS XS S M",active,Kids
fightpro-t-rex-dino-short-broekje-kids,,,,,,,,152,,,shopify,12,deny,manual,34.95,,TRUE,TRUE,,,,,,,,
fightpro-t-rex-dino-short-broekje-kids,,,,,,,,164,,,shopify,12,deny,manual,34.95,,TRUE,TRUE,,,,,,,,
fightpro-t-rex-dino-short-broekje-kids,,,,,,,,,,,,,,,,,,,https://www.fightpro.nl/wp-content/uploads/2026/02/FIGHTPRO-shorts-kickbox-hose-kinder-T-REX-Dino-2.jpg,2,,,,,
fightpro-t-rex-dino-short-broekje-kids,,,,,,,,,,,,,,,,,,,https://www.fightpro.nl/wp-content/uploads/2026/02/FIGHTPRO-shorts-kickbox-hose-kinder-T-REX-Dino-3.jpg,3,,,,,
fightpro-t-rex-dino-short-broekje-kids,,,,,,,,,,,,,,,,,,,https://www.fightpro.nl/wp-content/uploads/2026/02/FIGHTPRO-t-shirt-Short-kinder-T-REX-Dino-5.jpg,4,,,,,
fightpro-t-rex-shirt-kids,Fightpro T-rex shirt kids LEGENDS,"<p>LEGEND KIDS COLLECTION</p>
<p>Fightpro T-rex shirt kids</p>
<p>&nbsp;</p>",Fightpro,Kids,"Fightpro, Kids",TRUE,Maat,140,,,shopify,12,deny,manual,29.95,,TRUE,TRUE,https://www.fightpro.nl/wp-content/uploads/2026/02/FIGHTPRO-t-shirt-kinder-T-REX-Dino.jpg,1,Fightpro T-rex shirt kids LEGENDS,FALSE,Fightpro T-rex shirt kids LEGENDS,"Stoer T-rex shirt voor kids. Mooi te combineren met handschoenen, broekje, tas en scheenbeschermers van dezelfdev lijn. te verkrijgen in de maten: 128 140 152 164",active,Kids
fightpro-t-rex-shirt-kids,,,,,,,,152,,,shopify,12,deny,manual,29.95,,TRUE,TRUE,,,,,,,,
fightpro-t-rex-shirt-kids,,,,,,,,164,,,shopify,12,deny,manual,29.95,,TRUE,TRUE,,,,,,,,
fightpro-t-rex-shirt-kids,,,,,,,,,,,,,,,,,,,https://www.fightpro.nl/wp-content/uploads/2026/02/FIGHTPRO-t-shirt-kinder-T-REX-Dino-2.jpg,2,,,,,
fightpro-t-rex-shirt-kids,,,,,,,,,,,,,,,,,,,https://www.fightpro.nl/wp-content/uploads/2026/02/FIGHTPRO-t-shirt-kinder-T-REX-Dino-3.jpg,3,,,,,
fightpro-t-rex-shirt-kids,,,,,,,,,,,,,,,,,,,https://www.fightpro.nl/wp-content/uploads/2026/02/FIGHTPRO-t-shirt-kinder-T-REX-Dino-4.jpg,4,,,,,
fightpro-t-rex-shirt-kids,,,,,,,,,,,,,,,,,,,https://www.fightpro.nl/wp-content/uploads/2026/02/FIGHTPRO-t-shirt-kinder-T-REX-Dino-5.jpg,5,,,,,
fightpro-t-rex-shirt-kids,,,,,,,,,,,,,,,,,,,https://www.fightpro.nl/wp-content/uploads/2026/02/FIGHTPRO-t-shirt-Short-kinder-T-REX-Dino-5.jpg,6,,,,,
fightpro-sport-tape-voor-boksers-kickboksers-rood-blauw-zwart-wit-10m-x-38-cm,"Fightpro Sport Tape voor Boksers & Kickboksers – Rood, Blauw, Zwart & Wit 10m x 3,8 cm","<p data-start=""1265"" data-end=""1526""><strong data-start=""1265"" data-end=""1305"">Rode hoek of blauwe hoek? Jij kiest.</strong><br data-start=""1305"" data-end=""1308"" />Deze sport tape is gemaakt voor boksers en kickboksers die weten wat een hoek betekent.<br data-start=""1395"" data-end=""1398"" />Niet zomaar wit en saai, maar <strong data-start=""1428"" data-end=""1466"">rood en blauw – net als in de ring</strong>.<br data-start=""1467"" data-end=""1470"" />Daarnaast ook verkrijgbaar in <strong data-start=""1500"" data-end=""1525"">klassiek zwart en wit</strong>.</p>
<p data-start=""1528"" data-end=""1747"">De tape biedt stevige ondersteuning voor handen, polsen en knokkels en blijft goed zitten tijdens intensieve trainingen en sparringssessies. Ideaal in combinatie met bandages of als extra fixatie onder bokshandschoenen.</p>
<p data-start=""1749"" data-end=""1875"">✔ Sterke grip<br data-start=""1762"" data-end=""1765"" />✔ Makkelijk af te scheuren<br data-start=""1791"" data-end=""1794"" />✔ Geschikt voor boksen &amp; kickboksen<br data-start=""1829"" data-end=""1832"" />✔ Voor training én wedstrijdvoorbereiding</p>
<p data-start=""1877"" data-end=""1926""><strong data-start=""1877"" data-end=""1926"">Geen poespas. Gewoon fight gear met karakter.</strong></p>
<p data-start=""1877"" data-end=""1926"">Bij groetere afname, speciale prijzen!</p>",Fightpro,Tape,"Fightpro, Tape, Uitrusting",TRUE,Title,Default Title,8717624162947-1,,shopify,12,deny,manual,3.50,,TRUE,TRUE,https://www.fightpro.nl/wp-content/uploads/2026/02/sport-tape-boxing-hand.jpg,1,"Fightpro Sport Tape voor Boksers & Kickboksers – Rood, Blauw, Zwart & Wit 10m x 3,8 cm",FALSE,"Fightpro Sport Tape voor Boksers & Kickboksers – Rood, Blauw, Zwart & Wit 10m x 3,8 cm","Sport tape voor boksers en kickboksers in rood, blauw, zwart en wit.Geïnspireerd op de rode en blauwe hoek – functioneel, sterk en met een echte fight-look.",active,Uitrusting
fightpro-bokshandschoenen-base-black-gold-pu-van-4oz-t-m-16-oz,Fightpro bokshandschoenen NOVA black/gold PU van 4oz t/m 16 oz,"<p data-start=""329"" data-end=""555"">De <strong data-start=""332"" data-end=""360"">Fightpro NOVA Black/Gold</strong> bokshandschoenen zijn ons meest verkochte PU-basismodel – ontworpen voor intensief gebruik in sportscholen, personal training en recreatieve vechters die kwaliteit zoeken voor een scherpe prijs.</p>
<p data-start=""557"" data-end=""834"">De stijlvolle combinatie van diepzwart met krachtige goudaccenten geeft deze handschoenen een professionele uitstraling in iedere gym. Of je nu werkt aan je techniek op de bokszak, pads traint met een trainer of sparring doet: de NOVA levert betrouwbare bescherming en comfort.</p>
<h3 data-start=""836"" data-end=""878"">Waarom kiezen voor de Fightpro NOVA?</h3>
<ul data-start=""880"" data-end=""1141"">
<li data-start=""880"" data-end=""917"">
<p data-start=""882"" data-end=""917"">Verkrijgbaar van <strong data-start=""899"" data-end=""917"">4 oz t/m 16 oz</strong></p>
</li>
<li data-start=""918"" data-end=""946"">
<p data-start=""920"" data-end=""946"">Slijtvaste PU-buitenkant</p>
</li>
<li data-start=""947"" data-end=""1008"">
<p data-start=""949"" data-end=""1008"">Stevige klittenbandsluiting voor optimale polsstabiliteit</p>
</li>
<li data-start=""1009"" data-end=""1033"">
<p data-start=""1011"" data-end=""1033"">Goede schokabsorptie</p>
</li>
<li data-start=""1034"" data-end=""1058"">
<p data-start=""1036"" data-end=""1058"">Comfortabele pasvorm</p>
</li>
<li data-start=""1059"" data-end=""1099"">
<p data-start=""1061"" data-end=""1099"">Ideaal voor beginners én semi-gevorderden</p>
</li>
<li data-start=""1100"" data-end=""1141"">
<p data-start=""1102"" data-end=""1141"">Uitstekende prijs-kwaliteitverhouding</p>
</li>
</ul>
<p data-start=""1143"" data-end=""1363"">Deze handschoen wordt veel ingezet door sportscholen en personal trainers vanwege de duurzaamheid en de aantrekkelijke prijs. “Goedkoop en goed” is hier geen loze belofte – het is precies waarom dit model zo populair is.</p>
<h3 data-start=""1365"" data-end=""1386"">Perfect voor:</h3>
<ul data-start=""1387"" data-end=""1463"">
<li data-start=""1387"" data-end=""1406"">
<p data-start=""1389"" data-end=""1406"">Bokszaktraining</p>
</li>
<li data-start=""1407"" data-end=""1423"">
<p data-start=""1409"" data-end=""1423"">Padstraining</p>
</li>
<li data-start=""1424"" data-end=""1440"">
<p data-start=""1426"" data-end=""1440"">Groepslessen</p>
</li>
<li data-start=""1441"" data-end=""1463"">
<p data-start=""1443"" data-end=""1463"">Recreatief sparren</p>
</li>
</ul>
<hr data-start=""1465"" data-end=""1468"" />
<h3 data-start=""1470"" data-end=""1513"">Eigen logo mogelijk (vanaf 20 stuks)</h3>
<p data-start=""1515"" data-end=""1695"">Wil je jouw gym, personal training studio of evenement professioneel uitstralen?<br data-start=""1595"" data-end=""1598"" />Bij afname vanaf <strong data-start=""1615"" data-end=""1627"">20 stuks</strong> is het mogelijk om de Fightpro NOVA te leveren met jouw eigen logo.</p>
<p data-start=""1697"" data-end=""1709"">Ideaal voor:</p>
<ul data-start=""1710"" data-end=""1810"">
<li data-start=""1710"" data-end=""1726"">
<p data-start=""1712"" data-end=""1726"">Sportscholen</p>
</li>
<li data-start=""1727"" data-end=""1746"">
<p data-start=""1729"" data-end=""1746"">Kickboksscholen</p>
</li>
<li data-start=""1747"" data-end=""1762"">
<p data-start=""1749"" data-end=""1762"">PT-studio’s</p>
</li>
<li data-start=""1763"" data-end=""1782"">
<p data-start=""1765"" data-end=""1782"">Bedrijfsfitness</p>
</li>
<li data-start=""1783"" data-end=""1810"">
<p data-start=""1785"" data-end=""1810"">Evenementen en seminars</p>
</li>
</ul>
<p data-start=""1812"" data-end=""1873"">Neem contact met ons op voor de mogelijkheden en levertijden.</p>",Fightpro,Kickbokshandschoenen Kunststof,"Fightpro, Kickbokshandschoenen Kunststof, Handschoenen",TRUE,Title,Default Title,,,shopify,12,deny,manual,39.95,,TRUE,TRUE,https://www.fightpro.nl/wp-content/uploads/2026/01/FIGHTPRO-KICKBOKSHANDSCHOEN-PU-nova-gold.jpg,1,Fightpro bokshandschoenen NOVA black/gold PU van 4oz t/m 16 oz,FALSE,Fightpro bokshandschoenen NOVA black/gold PU van 4oz t/m 16 oz,Waarom kiezen voor de Fightpro NOVA? Verkrijgbaar van 4 oz t/m 16 oz Slijtvaste PU-buitenkant Stevige klittenbandsluiting voor optimale polsstabiliteit Goede schokabsorptie Comfortabele pasvorm Ideaal voor beginners Uitstekende prijs-kwaliteitverhouding,active,Handschoenen
fightpro-bokshandschoenen-base-black-gold-pu-van-4oz-t-m-16-oz,,,,,,,,,,,,,,,,,,,https://www.fightpro.nl/wp-content/uploads/2026/01/FIGHTPRO-KICKBOKSHANDSCHOEN-PU-nova-gold-2.jpg,2,,,,,
fightpro-bokshandschoenen-base-black-gold-pu-van-4oz-t-m-16-oz,,,,,,,,,,,,,,,,,,,https://www.fightpro.nl/wp-content/uploads/2026/01/FIGHTPRO-KICKBOKSHANDSCHOEN-PU-nova-gold-3.jpg,3,,,,,
fightpro-bokshandschoenen-base-black-gold-pu-van-4oz-t-m-16-oz,,,,,,,,,,,,,,,,,,,https://www.fightpro.nl/wp-content/uploads/2026/01/FIGHTPRO-KICKBOKSHANDSCHOEN-PU-nova-gold-4.jpg,4,,,,,
fightpro-bokshandschoenen-base-black-gold-pu-van-4oz-t-m-16-oz,,,,,,,,,,,,,,,,,,,https://www.fightpro.nl/wp-content/uploads/2026/01/FIGHTPRO-KICKBOKSHANDSCHOEN-PU-nova-gold-5.jpg,5,,,,,
fightpro-bokshandschoenen-base-black-gold-pu-van-4oz-t-m-16-oz,,,,,,,,,,,,,,,,,,,https://www.fightpro.nl/wp-content/uploads/2026/01/FIGHTPRO-KICKBOKSHANDSCHOEN-PU-nova-gold-6.jpg,6,,,,,
px-legacy-2-bokshandschoenen-pu-zwart-black,PX LEGACY 2 Bokshandschoenen PU zwart black,"<p>PX LEGACY 2 Bokshandschoenen PU black zwart</p>
<p>&nbsp;</p>",PX,Kids,"Kids, PX",TRUE,Maat,10 oz,JGxENF-BGJR-BK-GD-1-1-10oz,,shopify,12,deny,manual,49.95,,TRUE,TRUE,https://www.fightpro.nl/wp-content/uploads/2026/01/IMG_0184.jpeg,1,PX LEGACY 2 Bokshandschoenen PU zwart black,FALSE,PX LEGACY 2 Bokshandschoenen PU zwart black,PX LEGACY 2 Bokshandschoenen PU zand / stone,active,Kids
px-legacy-2-bokshandschoenen-pu-zwart-black,,,,,,,,12 oz,JGxENF-BGJR-BK-GD-1-1-12oz,,shopify,12,deny,manual,49.95,,TRUE,TRUE,,,,,,,,
px-legacy-2-bokshandschoenen-pu-zwart-black,,,,,,,,14 oz,JGxENF-BGJR-BK-GD-1-1-14oz,,shopify,12,deny,manual,49.95,,TRUE,TRUE,,,,,,,,
px-legacy-2-bokshandschoenen-pu-zwart-black,,,,,,,,16 oz,JGxENF-BGJR-BK-GD-1-1-16oz,,shopify,12,deny,manual,49.95,,TRUE,TRUE,,,,,,,,
px-legacy-2-bokshandschoenen-pu-zand-stone,PX LEGACY 2 Bokshandschoenen PU zand / stone,"<p>PX LEGACY 2 Bokshandschoenen PU zand / stone</p>
<p>&nbsp;</p>",PX,Kids,"Kids, PX",TRUE,Maat,10 oz,JGxENF-BGJR-BK-GD-1-10oz,,shopify,12,deny,manual,49.95,,TRUE,TRUE,https://www.fightpro.nl/wp-content/uploads/2026/01/IMG_0221.jpeg,1,PX LEGACY 2 Bokshandschoenen PU zand / stone,FALSE,PX LEGACY 2 Bokshandschoenen PU zand / stone,PX LEGACY 2 Bokshandschoenen PU zand / stone,active,Kids
px-legacy-2-bokshandschoenen-pu-zand-stone,,,,,,,,12 oz,JGxENF-BGJR-BK-GD-1-12oz,,shopify,12,deny,manual,49.95,,TRUE,TRUE,,,,,,,,
px-legacy-2-bokshandschoenen-pu-zand-stone,,,,,,,,14 oz,JGxENF-BGJR-BK-GD-1-14oz,,shopify,12,deny,manual,49.95,,TRUE,TRUE,,,,,,,,
px-legacy-2-bokshandschoenen-pu-zand-stone,,,,,,,,16 oz,JGxENF-BGJR-BK-GD-1-16oz,,shopify,12,deny,manual,49.95,,TRUE,TRUE,,,,,,,,
px-legacy-2-bokshandschoenen-pu-zand-stone,,,,,,,,,,,,,,,,,,,https://www.fightpro.nl/wp-content/uploads/2026/01/IMG_0223.jpeg,2,,,,,
px-legacy-2-bokshandschoenen-pu-zand-stone,,,,,,,,,,,,,,,,,,,https://www.fightpro.nl/wp-content/uploads/2026/01/IMG_0224.jpeg,3,,,,,
px-legacy-thai-shorts-mesh-burgundy,"PX Legacy Thai Shorts , Mesh, Burgundy","<div class=""short-description"">
<div class=""std"">PX Legacy Thai Shorts , Mesh, Burgundy</div>
<div class=""std""></div>
</div>",PX,Broekjes,"Kleding, Broekjes, PX, Bestseller",TRUE,Title,Default Title,Fightpro-PU-HS-2-1-1-2,,shopify,12,deny,manual,39.95,,TRUE,TRUE,https://www.fightpro.nl/wp-content/uploads/2025/12/PX-Legacy-Thai-Shorts-Mesh-burgundy2.jpg,1,"PX Legacy Thai Shorts , Mesh, Burgundy",FALSE,"PX Legacy Thai Shorts , Mesh, Burgundy","PX Legacy Thai Shorts , Mesh, Burgundy",active,Kleding
px-legacy-thai-shorts-mesh-burgundy,,,,,,,,,,,,,,,,,,,https://www.fightpro.nl/wp-content/uploads/2025/12/PX-Legacy-Thai-Shorts-Mesh-burgundy.jpg,2,,,,,
px-legacy-thai-shorts-mesh-burgundy,,,,,,,,,,,,,,,,,,,https://www.fightpro.nl/wp-content/uploads/2025/12/PX-Legacy-Thai-Shorts-Mesh-burgundy3.jpg,3,,,,,
px-legacy-thai-shorts-mesh-white,"PX Legacy Thai Shorts , Mesh, white","<div class=""short-description"">
<div class=""std"">PX Legacy Thai Shorts , Mesh, white</div>
<div class=""std""></div>
</div>",PX,Broekjes,"Kleding, Broekjes, PX, Bestseller",TRUE,Title,Default Title,Fightpro-PU-HS-2-1-1-1,,shopify,12,deny,manual,39.95,,TRUE,TRUE,https://www.fightpro.nl/wp-content/uploads/2025/12/PX-Legacy-Thai-Shorts-Mesh-white.jpg,1,"PX Legacy Thai Shorts , Mesh, white",FALSE,"PX Legacy Thai Shorts , Mesh, white","PX Legacy Thai Shorts , Mesh, white",active,Kleding
px-legacy-thai-shorts-mesh-white,,,,,,,,,,,,,,,,,,,https://www.fightpro.nl/wp-content/uploads/2025/12/PX-Legacy-Thai-Shorts-Mesh-white2.jpg,2,,,,,
venum-kontact-boxing-handwraps-bandage,Venum Kontact Boxing Handwraps bandage,<p>Venum Kontact Boxing Handwraps bandage</p>,Venum,Bandages,"Venum, Bandages, Bescherming",TRUE,Title,Default Title,,,shopify,12,deny,manual,9.95,,TRUE,TRUE,https://www.fightpro.nl/wp-content/uploads/2025/12/Venum-Kontact-bandage-Handwraps.jpg,1,Venum Kontact Boxing Handwraps bandage,FALSE,Venum Kontact Boxing Handwraps bandage,Venum Kontact Boxing Handwraps bandage,active,Bescherming
fightpro-active-dry-shirt-zwart-op-zwart-print,FightPro Active Dry Shirt – Zwart op Zwart Print,"<p>Het <strong data-start=""340"" data-end=""369"">FightPro Active Dry Shirt</strong> is gemaakt voor vechters die maximale bewegingsvrijheid en stijl eisen. De lichtgewicht Active Dry-stof voert zweet razendsnel af en houdt je lichaam koel tijdens intensieve bokszaktrainingen, sparringsessies of fitnessworkouts.<br data-start=""598"" data-end=""601"" />De diepe zwarte kleur in combinatie met de <strong data-start=""644"" data-end=""670"">zwarte FightPro-opdruk</strong> geeft het shirt een luxe, krachtige uitstraling — perfect voor in de gym én daarbuiten.<br data-start=""758"" data-end=""761"" />Duurzaam, comfortabel en ontworpen voor dagelijks gebruik.</p>
<ul>
<li data-start=""838"" data-end=""886"">
<p data-start=""840"" data-end=""886"">Active Dry materiaal – sneldrogend &amp; ademend</p>
</li>
<li data-start=""887"" data-end=""910"">
<p data-start=""889"" data-end=""910"">Slim-fit sportmodel</p>
</li>
<li data-start=""911"" data-end=""941"">
<p data-start=""913"" data-end=""941"">Luxe gouden FightPro print</p>
</li>
<li data-start=""942"" data-end=""995"">
<p data-start=""944"" data-end=""995"">Ideaal voor kickboksen, bokszaktraining &amp; fitness</p>
</li>
</ul>",Fightpro,T-Shirts,"Fightpro, Kleding, T-Shirts",TRUE,Title,Default Title,,,shopify,12,deny,manual,29.95,,TRUE,TRUE,https://www.fightpro.nl/wp-content/uploads/2025/12/FightPro-Active-Dry-Trainingsshirt-black-ON-BLACK.jpg,1,FightPro Active Dry Shirt – Zwart op Zwart Print,FALSE,FightPro Active Dry Shirt – Zwart op Zwart Print,"Licht, ademend en stijlvol. Het FightPro Active Dry Shirt in zwart op zwart print biedt maximaal comfort tijdens elke training. Sneldrogende performance-kwaliteit voor echte vechters. Prijs: €29,95.",active,Kleding
fightpro-active-dry-shirt-zwart-op-zwart-print,,,,,,,,,,,,,,,,,,,https://www.fightpro.nl/wp-content/uploads/2025/12/FightPro-Active-Dry-Trainingsshirt-BLACK-ON-BLACK-back.jpg,2,,,,,
fightpro-active-dry-shirt-zwart-met-gouden-print,FightPro Active Dry Shirt – Zwart met Gouden Print,"<p>Het <strong data-start=""340"" data-end=""369"">FightPro Active Dry Shirt</strong> is gemaakt voor vechters die maximale bewegingsvrijheid en stijl eisen. De lichtgewicht Active Dry-stof voert zweet razendsnel af en houdt je lichaam koel tijdens intensieve bokszaktrainingen, sparringsessies of fitnessworkouts.<br data-start=""598"" data-end=""601"" />De diepe zwarte kleur in combinatie met de <strong data-start=""644"" data-end=""670"">gouden FightPro-opdruk</strong> geeft het shirt een luxe, krachtige uitstraling — perfect voor in de gym én daarbuiten.<br data-start=""758"" data-end=""761"" />Duurzaam, comfortabel en ontworpen voor dagelijks gebruik.</p>
<ul>
<li data-start=""838"" data-end=""886"">
<p data-start=""840"" data-end=""886"">Active Dry materiaal – sneldrogend &amp; ademend</p>
</li>
<li data-start=""887"" data-end=""910"">
<p data-start=""889"" data-end=""910"">Slim-fit sportmodel</p>
</li>
<li data-start=""911"" data-end=""941"">
<p data-start=""913"" data-end=""941"">Luxe gouden FightPro print</p>
</li>
<li data-start=""942"" data-end=""995"">
<p data-start=""944"" data-end=""995"">Ideaal voor kickboksen, bokszaktraining &amp; fitness</p>
</li>
</ul>",Fightpro,T-Shirts,"Fightpro, Kleding, T-Shirts",TRUE,Title,Default Title,,,shopify,12,deny,manual,29.95,,TRUE,TRUE,https://www.fightpro.nl/wp-content/uploads/2025/12/FightPro-Active-Dry-Trainingsshirt-GOLD-ON-BLACK.jpg,1,FightPro Active Dry Shirt – Zwart met Gouden Print,FALSE,FightPro Active Dry Shirt – Zwart met Gouden Print,"Licht, ademend en stijlvol. Het FightPro Active Dry Shirt in zwart met gouden print biedt maximaal comfort tijdens elke training. Sneldrogende performance-kwaliteit voor echte vechters. Prijs: €29,95.",active,Kleding
fightpro-active-dry-shirt-zwart-met-gouden-print,,,,,,,,,,,,,,,,,,,https://www.fightpro.nl/wp-content/uploads/2025/12/FightPro-Active-Dry-Trainingsshirt-GOLD-ON-BLACK-back.jpg,2,,,,,
booster-fight-gear-champion-pink,Booster Fight Gear – CHAMPION PINK,<p>Booster Fight Gear – CHAMPION PINK</p>,Booster,Kids,"Kids, Booster",TRUE,Maat,10 oz,JG-BG-STRIKE-Red-1-1-1-2-1-2-1-10oz,,shopify,12,deny,manual,32.95,,TRUE,TRUE,https://www.fightpro.nl/wp-content/uploads/2025/11/Booster-Youth-CHAMPION-PINK.jpg,1,Booster Fight Gear – CHAMPION PINK,FALSE,Booster Fight Gear – CHAMPION PINK,Booster Fight Gear – CHAMPION PINK,active,Kids
booster-fight-gear-champion-pink,,,,,,,,12 oz,JG-BG-STRIKE-Red-1-1-1-2-1-2-1-12oz,,shopify,12,deny,manual,32.95,,TRUE,TRUE,,,,,,,,
booster-fight-gear-champion-pink,,,,,,,,14 oz,JG-BG-STRIKE-Red-1-1-1-2-1-2-1-14oz,,shopify,12,deny,manual,32.95,,TRUE,TRUE,,,,,,,,
booster-fight-gear-champion-pink,,,,,,,,16 oz,JG-BG-STRIKE-Red-1-1-1-2-1-2-1-16oz,,shopify,12,deny,manual,32.95,,TRUE,TRUE,,,,,,,,
booster-fight-gear-champion-pink,,,,,,,,,,,,,,,,,,,https://www.fightpro.nl/wp-content/uploads/2025/11/Booster-Youth-CHAMPION-PINK2.jpg,2,,,,,
booster-fight-gear-champion-pink,,,,,,,,,,,,,,,,,,,https://www.fightpro.nl/wp-content/uploads/2025/11/Booster-Youth-CHAMPION-PINK3.jpg,3,,,,,
booster-fight-gear-bg-youth-elite-v2-bokshandschoenen-wit-kids,Booster Fight Gear – BG Youth Elite V2 bokshandschoenen wit kids,"<p data-start=""123"" data-end=""241""><strong data-start=""123"" data-end=""189"">Booster Fight Gear – BG Youth Elite V2 Bokshandschoenen (Kids)</strong><br data-start=""189"" data-end=""192"" /><em data-start=""192"" data-end=""239"">Professionele bescherming voor jonge vechters</em></p>
<p data-start=""243"" data-end=""461"">De BG Youth Elite V2 is speciaal ontworpen voor kinderen die serieus willen trainen. Deze handschoenen combineren ultieme bescherming, comfort en stijl zodat jonge atleten veilig hun volle potentieel kunnen bereiken.</p>
<p data-start=""463"" data-end=""493""><strong data-start=""463"" data-end=""491"">Belangrijkste kenmerken:</strong></p>
<ul data-start=""494"" data-end=""1072"">
<li data-start=""494"" data-end=""608"">
<p data-start=""496"" data-end=""608""><strong data-start=""496"" data-end=""522"">Injected Mold Padding:</strong> uitzonderlijke schokabsorptie, beschermt jonge handen tijdens training en sparring.</p>
</li>
<li data-start=""609"" data-end=""702"">
<p data-start=""611"" data-end=""702""><strong data-start=""611"" data-end=""650"">Ergonomische pasvorm voor kinderen:</strong> veilig en comfortabel, afgestemd op kinderhanden.</p>
</li>
<li data-start=""703"" data-end=""774"">
<p data-start=""705"" data-end=""774""><strong data-start=""705"" data-end=""735"">Duurzaam synthetisch leer:</strong> bestand tegen intensieve trainingen.</p>
</li>
<li data-start=""775"" data-end=""874"">
<p data-start=""777"" data-end=""874""><strong data-start=""777"" data-end=""818"">Aangehechte duim &amp; extra polsvulling:</strong> vermindert blessures en ondersteunt de vuist en pols.</p>
</li>
<li data-start=""875"" data-end=""962"">
<p data-start=""877"" data-end=""962""><strong data-start=""877"" data-end=""908"">Klittenbandsluiting rondom:</strong> eenvoudig aanpasbaar voor een persoonlijke pasvorm.</p>
</li>
<li data-start=""963"" data-end=""1072"">
<p data-start=""965"" data-end=""1072""><strong data-start=""965"" data-end=""990"">Strak, modern design:</strong> subtiele glanzende patronen en Booster-logo voor een professionele uitstraling.</p>
</li>
</ul>
<p data-start=""1074"" data-end=""1178"">🎯 Perfect voor jonge atleten die willen trainen zoals de groten, met maximale bescherming en comfort.</p>",Booster,Kids,"Kids, Booster",TRUE,Maat,10 oz,JG-BG-STRIKE-Red-1-1-1-2-2-10oz,,shopify,12,deny,manual,44.95,,TRUE,TRUE,https://www.fightpro.nl/wp-content/uploads/2025/11/Booster-Youth-Elite-V2-bokshandschoenen-wit.jpg,1,Booster Fight Gear – BG Youth Elite V2 bokshandschoenen wit kids,FALSE,Booster Fight Gear – BG Youth Elite V2 bokshandschoenen wit kids,Booster BGL Elite kids wit,active,Kids
booster-fight-gear-bg-youth-elite-v2-bokshandschoenen-wit-kids,,,,,,,,12 oz,JG-BG-STRIKE-Red-1-1-1-2-2-12oz,,shopify,12,deny,manual,44.95,,TRUE,TRUE,,,,,,,,
booster-fight-gear-bg-youth-elite-v2-bokshandschoenen-wit-kids,,,,,,,,14 oz,JG-BG-STRIKE-Red-1-1-1-2-2-14oz,,shopify,12,deny,manual,44.95,,TRUE,TRUE,,,,,,,,
booster-fight-gear-bg-youth-elite-v2-bokshandschoenen-wit-kids,,,,,,,,16 oz,JG-BG-STRIKE-Red-1-1-1-2-2-16oz,,shopify,12,deny,manual,44.95,,TRUE,TRUE,,,,,,,,
booster-fight-gear-bg-youth-elite-v2-bokshandschoenen-wit-kids,,,,,,,,,,,,,,,,,,,https://www.fightpro.nl/wp-content/uploads/2025/11/Booster-Youth-Elite-V2-bokshandschoenen-wit2.jpg,2,,,,,
booster-fight-gear-bg-youth-elite-v2-bokshandschoenen-wit-kids,,,,,,,,,,,,,,,,,,,https://www.fightpro.nl/wp-content/uploads/2025/11/Booster-Youth-Elite-V2-bokshandschoenen-wit3.jpg,3,,,,,
booster-fight-gear-bg-youth-elite-v2-bokshandschoenen-wit-kids,,,,,,,,,,,,,,,,,,,https://www.fightpro.nl/wp-content/uploads/2025/11/Booster-Youth-Elite-V2-bokshandschoenen-wit4.jpg,4,,,,,
booster-fight-gear-bg-youth-elite-v2-bokshandschoenen-zwart-kids,Booster Fight Gear – BG Youth Elite V2 bokshandschoenen zwart kids,"<p data-start=""123"" data-end=""241""><strong data-start=""123"" data-end=""189"">Booster Fight Gear – BG Youth Elite V2 Bokshandschoenen (Kids)</strong><br data-start=""189"" data-end=""192"" /><em data-start=""192"" data-end=""239"">Professionele bescherming voor jonge vechters</em></p>
<p data-start=""243"" data-end=""461"">De BG Youth Elite V2 is speciaal ontworpen voor kinderen die serieus willen trainen. Deze handschoenen combineren ultieme bescherming, comfort en stijl zodat jonge atleten veilig hun volle potentieel kunnen bereiken.</p>
<p data-start=""463"" data-end=""493""><strong data-start=""463"" data-end=""491"">Belangrijkste kenmerken:</strong></p>
<ul data-start=""494"" data-end=""1072"">
<li data-start=""494"" data-end=""608"">
<p data-start=""496"" data-end=""608""><strong data-start=""496"" data-end=""522"">Injected Mold Padding:</strong> uitzonderlijke schokabsorptie, beschermt jonge handen tijdens training en sparring.</p>
</li>
<li data-start=""609"" data-end=""702"">
<p data-start=""611"" data-end=""702""><strong data-start=""611"" data-end=""650"">Ergonomische pasvorm voor kinderen:</strong> veilig en comfortabel, afgestemd op kinderhanden.</p>
</li>
<li data-start=""703"" data-end=""774"">
<p data-start=""705"" data-end=""774""><strong data-start=""705"" data-end=""735"">Duurzaam synthetisch leer:</strong> bestand tegen intensieve trainingen.</p>
</li>
<li data-start=""775"" data-end=""874"">
<p data-start=""777"" data-end=""874""><strong data-start=""777"" data-end=""818"">Aangehechte duim &amp; extra polsvulling:</strong> vermindert blessures en ondersteunt de vuist en pols.</p>
</li>
<li data-start=""875"" data-end=""962"">
<p data-start=""877"" data-end=""962""><strong data-start=""877"" data-end=""908"">Klittenbandsluiting rondom:</strong> eenvoudig aanpasbaar voor een persoonlijke pasvorm.</p>
</li>
<li data-start=""963"" data-end=""1072"">
<p data-start=""965"" data-end=""1072""><strong data-start=""965"" data-end=""990"">Strak, modern design:</strong> subtiele glanzende patronen en Booster-logo voor een professionele uitstraling.</p>
</li>
</ul>
<p data-start=""1074"" data-end=""1178"">Perfect voor jonge atleten die willen trainen zoals de groten, met maximale bescherming en comfort.</p>",Booster,Kids,"Kids, Booster",TRUE,Maat,10 oz,JG-BG-STRIKE-Red-1-1-1-2-1-2-10oz,,shopify,12,deny,manual,44.95,,TRUE,TRUE,https://www.fightpro.nl/wp-content/uploads/2025/11/Booster-Youth-Elite-V2-bokshandschoenen-zwart.jpg,1,Booster Fight Gear – BG Youth Elite V2 bokshandschoenen zwart kids,FALSE,Booster Fight Gear – BG Youth Elite V2 bokshandschoenen zwart kids,Booster BGL Elite kids,active,Kids
booster-fight-gear-bg-youth-elite-v2-bokshandschoenen-zwart-kids,,,,,,,,12 oz,JG-BG-STRIKE-Red-1-1-1-2-1-2-12oz,,shopify,12,deny,manual,44.95,,TRUE,TRUE,,,,,,,,
booster-fight-gear-bg-youth-elite-v2-bokshandschoenen-zwart-kids,,,,,,,,14 oz,JG-BG-STRIKE-Red-1-1-1-2-1-2-14oz,,shopify,12,deny,manual,44.95,,TRUE,TRUE,,,,,,,,
booster-fight-gear-bg-youth-elite-v2-bokshandschoenen-zwart-kids,,,,,,,,16 oz,JG-BG-STRIKE-Red-1-1-1-2-1-2-16oz,,shopify,12,deny,manual,44.95,,TRUE,TRUE,,,,,,,,
booster-fight-gear-bg-youth-elite-v2-bokshandschoenen-zwart-kids,,,,,,,,,,,,,,,,,,,https://www.fightpro.nl/wp-content/uploads/2025/11/Booster-Youth-Elite-V2-bokshandschoenen-zwart2.jpg,2,,,,,
booster-fight-gear-bg-youth-elite-v2-bokshandschoenen-zwart-kids,,,,,,,,,,,,,,,,,,,https://www.fightpro.nl/wp-content/uploads/2025/11/Booster-Youth-Elite-V2-bokshandschoenen-zwart3.jpg,3,,,,,
booster-fight-gear-bg-youth-elite-v2-bokshandschoenen-zwart-kids,,,,,,,,,,,,,,,,,,,https://www.fightpro.nl/wp-content/uploads/2025/11/Booster-Youth-Elite-V2-bokshandschoenen-zwart4.jpg,4,,,,,
booster-fight-gear-sg-youth-elite-v2-1-scheenbeschermers-zwart-kids,Booster Fight Gear – SG Youth elite V2.1 scheenbeschermers zwart Kids,"<p data-start=""122"" data-end=""236"">Booster Fight Gear – SG Youth elite V2.1 scheenbeschermers zwart Kids</p>",Booster,Scheenbeschermers,"Bescherming, Scheenbeschermers, Booster",TRUE,Maat,10 oz,JG-BG-STRIKE-Red-1-1-1-2-1-1-2-10oz,,shopify,12,deny,manual,54.95,,TRUE,TRUE,https://www.fightpro.nl/wp-content/uploads/2025/11/booster-scheenbeschermers-eliteV2-zwart.jpg,1,Booster Fight Gear – SG Youth elite V2.1 scheenbeschermers zwart Kids,FALSE,Booster Fight Gear – SG Youth elite V2.1 scheenbeschermers zwart Kids,Booster Fight Gear – SG Youth elite V2.1 scheenbeschermers zwart Kids,active,Bescherming
booster-fight-gear-sg-youth-elite-v2-1-scheenbeschermers-zwart-kids,,,,,,,,12 oz,JG-BG-STRIKE-Red-1-1-1-2-1-1-2-12oz,,shopify,12,deny,manual,54.95,,TRUE,TRUE,,,,,,,,
booster-fight-gear-sg-youth-elite-v2-1-scheenbeschermers-zwart-kids,,,,,,,,14 oz,JG-BG-STRIKE-Red-1-1-1-2-1-1-2-14oz,,shopify,12,deny,manual,54.95,,TRUE,TRUE,,,,,,,,
booster-fight-gear-sg-youth-elite-v2-1-scheenbeschermers-zwart-kids,,,,,,,,16 oz,JG-BG-STRIKE-Red-1-1-1-2-1-1-2-16oz,,shopify,12,deny,manual,54.95,,TRUE,TRUE,,,,,,,,
booster-fight-gear-sg-youth-elite-v2-1-scheenbeschermers-wit-kids,Booster Fight Gear – SG Youth elite V2.1 scheenbeschermers WIT Kids,<p>Booster Fight Gear – SG Youth elite V2.1 scheenbeschermers zwart Kids</p>,Booster,Scheenbeschermers,"Bescherming, Scheenbeschermers, Booster",TRUE,Maat,10 oz,JG-BG-STRIKE-Red-1-1-1-2-1-1-1-1-10oz,,shopify,12,deny,manual,54.95,,TRUE,TRUE,https://www.fightpro.nl/wp-content/uploads/2025/11/booster-scheenbeschermers-eliteV2-wit.jpg,1,Booster Fight Gear – SG Youth elite V2.1 scheenbeschermers WIT Kids,FALSE,Booster Fight Gear – SG Youth elite V2.1 scheenbeschermers WIT Kids,Booster Fight Gear – SG Youth elite V2.1 scheenbeschermers zwart Kids,active,Bescherming
booster-fight-gear-sg-youth-elite-v2-1-scheenbeschermers-wit-kids,,,,,,,,12 oz,JG-BG-STRIKE-Red-1-1-1-2-1-1-1-1-12oz,,shopify,12,deny,manual,54.95,,TRUE,TRUE,,,,,,,,
booster-fight-gear-sg-youth-elite-v2-1-scheenbeschermers-wit-kids,,,,,,,,14 oz,JG-BG-STRIKE-Red-1-1-1-2-1-1-1-1-14oz,,shopify,12,deny,manual,54.95,,TRUE,TRUE,,,,,,,,
booster-fight-gear-sg-youth-elite-v2-1-scheenbeschermers-wit-kids,,,,,,,,16 oz,JG-BG-STRIKE-Red-1-1-1-2-1-1-1-1-16oz,,shopify,12,deny,manual,54.95,,TRUE,TRUE,,,,,,,,
booster-fight-gear-bangkok-series-2-scheenbeschermers-wit,Booster Fight Gear – Bangkok Series 2 scheenbeschermers wit,"<p data-start=""122"" data-end=""236""><strong data-start=""122"" data-end=""184"">Booster Fight Gear – Bangkok Series 2 SG Scheenbeschermers</strong><br data-start=""184"" data-end=""187"" /><em data-start=""187"" data-end=""234"">Traditionele Thaise stijl, moderne prestaties</em></p>
<p data-start=""238"" data-end=""434"">Train veilig en stijlvol met de Bangkok Series scheenbeschermers van Booster Fight Gear. Geïnspireerd op Muay Thai en ontworpen voor full-contact vechtsporten zoals kickboksen, Muay Thai en MMA.</p>
<p data-start=""436"" data-end=""466""><strong data-start=""436"" data-end=""464"">Belangrijkste kenmerken:</strong></p>
<ul data-start=""467"" data-end=""975"">
<li data-start=""467"" data-end=""558"">
<p data-start=""469"" data-end=""558""><strong data-start=""469"" data-end=""503"">Meerlaagse traagschuimvulling:</strong> optimale bescherming voor scheenbeen, enkel en voet.</p>
</li>
<li data-start=""559"" data-end=""647"">
<p data-start=""561"" data-end=""647""><strong data-start=""561"" data-end=""589"">Lichtgewicht &amp; wendbaar:</strong> maximale mobiliteit zonder in te leveren op veiligheid.</p>
</li>
<li data-start=""648"" data-end=""765"">
<p data-start=""650"" data-end=""765""><strong data-start=""650"" data-end=""673"">Secure Fit-systeem:</strong> twee klittenbandsluitingen, extra onderband en elastische voetband voor perfecte pasvorm.</p>
</li>
<li data-start=""766"" data-end=""866"">
<p data-start=""768"" data-end=""866""><strong data-start=""768"" data-end=""798"">Duurzaam synthetisch leer:</strong> bestand tegen intensieve trainingen en eenvoudig schoon te maken.</p>
</li>
<li data-start=""867"" data-end=""975"">
<p data-start=""869"" data-end=""975""><strong data-start=""869"" data-end=""919"">Thais geïnspireerd design &amp; opvallend artwork:</strong> combineert traditionele stijl met moderne prestaties.</p>
</li>
</ul>",Booster,Scheenbeschermers,"Bescherming, Scheenbeschermers, Booster",TRUE,Maat,10 oz,JG-BG-STRIKE-Red-1-1-1-2-1-1-1-10oz,,shopify,12,deny,manual,74.95,,TRUE,TRUE,https://www.fightpro.nl/wp-content/uploads/2025/11/booster-scheenbeschermers-Bangkok-Series-2-wit.jpg,1,Booster Fight Gear – Bangkok Series 2 scheenbeschermers wit,FALSE,Booster Fight Gear – Bangkok Series 2 scheenbeschermers wit,Booster BGL V9 kickbokshandschoenen BLACK/GREY,active,Bescherming
booster-fight-gear-bangkok-series-2-scheenbeschermers-wit,,,,,,,,12 oz,JG-BG-STRIKE-Red-1-1-1-2-1-1-1-12oz,,shopify,12,deny,manual,74.95,,TRUE,TRUE,,,,,,,,
booster-fight-gear-bangkok-series-2-scheenbeschermers-wit,,,,,,,,14 oz,JG-BG-STRIKE-Red-1-1-1-2-1-1-1-14oz,,shopify,12,deny,manual,74.95,,TRUE,TRUE,,,,,,,,
booster-fight-gear-bangkok-series-2-scheenbeschermers-wit,,,,,,,,16 oz,JG-BG-STRIKE-Red-1-1-1-2-1-1-1-16oz,,shopify,12,deny,manual,74.95,,TRUE,TRUE,,,,,,,,
booster-fight-gear-bangkok-series-2-scheenbeschermers-wit,,,,,,,,,,,,,,,,,,,https://www.fightpro.nl/wp-content/uploads/2025/11/booster-scheenbeschermers-Bangkok-Series-2-wit-1.jpg,2,,,,,
booster-fight-gear-bangkok-series-5-scheenbeschermers-zwart,Booster Fight Gear – Bangkok Series 5 scheenbeschermers zwart,"<p data-start=""122"" data-end=""236""><strong data-start=""122"" data-end=""184"">Booster Fight Gear – Bangkok Series 5 SG Scheenbeschermers</strong><br data-start=""184"" data-end=""187"" /><em data-start=""187"" data-end=""234"">Traditionele Thaise stijl, moderne prestaties</em></p>
<p data-start=""238"" data-end=""434"">Train veilig en stijlvol met de Bangkok Series scheenbeschermers van Booster Fight Gear. Geïnspireerd op Muay Thai en ontworpen voor full-contact vechtsporten zoals kickboksen, Muay Thai en MMA.</p>
<p data-start=""436"" data-end=""466""><strong data-start=""436"" data-end=""464"">Belangrijkste kenmerken:</strong></p>
<ul data-start=""467"" data-end=""975"">
<li data-start=""467"" data-end=""558"">
<p data-start=""469"" data-end=""558""><strong data-start=""469"" data-end=""503"">Meerlaagse traagschuimvulling:</strong> optimale bescherming voor scheenbeen, enkel en voet.</p>
</li>
<li data-start=""559"" data-end=""647"">
<p data-start=""561"" data-end=""647""><strong data-start=""561"" data-end=""589"">Lichtgewicht &amp; wendbaar:</strong> maximale mobiliteit zonder in te leveren op veiligheid.</p>
</li>
<li data-start=""648"" data-end=""765"">
<p data-start=""650"" data-end=""765""><strong data-start=""650"" data-end=""673"">Secure Fit-systeem:</strong> twee klittenbandsluitingen, extra onderband en elastische voetband voor perfecte pasvorm.</p>
</li>
<li data-start=""766"" data-end=""866"">
<p data-start=""768"" data-end=""866""><strong data-start=""768"" data-end=""798"">Duurzaam synthetisch leer:</strong> bestand tegen intensieve trainingen en eenvoudig schoon te maken.</p>
</li>
<li data-start=""867"" data-end=""975"">
<p data-start=""869"" data-end=""975""><strong data-start=""869"" data-end=""919"">Thais geïnspireerd design &amp; opvallend artwork:</strong> combineert traditionele stijl met moderne prestaties.</p>
</li>
</ul>",Booster,Scheenbeschermers,"Bescherming, Scheenbeschermers, Booster",TRUE,Maat,10 oz,JG-BG-STRIKE-Red-1-1-1-2-1-1-10oz,,shopify,12,deny,manual,74.95,,TRUE,TRUE,https://www.fightpro.nl/wp-content/uploads/2025/11/booster-scheenbeschermers-Bangkok-Series-5-zwart.jpg,1,Booster Fight Gear – Bangkok Series 5 scheenbeschermers zwart,FALSE,Booster Fight Gear – Bangkok Series 5 scheenbeschermers zwart,Booster BGL V9 kickbokshandschoenen BLACK/GREY,active,Bescherming
booster-fight-gear-bangkok-series-5-scheenbeschermers-zwart,,,,,,,,12 oz,JG-BG-STRIKE-Red-1-1-1-2-1-1-12oz,,shopify,12,deny,manual,74.95,,TRUE,TRUE,,,,,,,,
booster-fight-gear-bangkok-series-5-scheenbeschermers-zwart,,,,,,,,14 oz,JG-BG-STRIKE-Red-1-1-1-2-1-1-14oz,,shopify,12,deny,manual,74.95,,TRUE,TRUE,,,,,,,,
booster-fight-gear-bangkok-series-5-scheenbeschermers-zwart,,,,,,,,16 oz,JG-BG-STRIKE-Red-1-1-1-2-1-1-16oz,,shopify,12,deny,manual,74.95,,TRUE,TRUE,,,,,,,,
booster-fight-gear-bangkok-series-5-scheenbeschermers-zwart,,,,,,,,,,,,,,,,,,,https://www.fightpro.nl/wp-content/uploads/2025/11/booster-scheenbeschermers-Bangkok-Series-5-zwart-1.jpg,2,,,,,
booster-fight-gear-bangkok-series-1-bokshandschoenen-zwart,Booster Fight Gear – Bangkok Series 5 Bokshandschoenen zwart,"<p data-start=""146"" data-end=""244""><strong data-start=""146"" data-end=""202"">Booster Fight Gear – Bangkok Series 5 Bokshandschoenen</strong><br data-start=""202"" data-end=""205"" /><em data-start=""205"" data-end=""242"">Train hard. Presteer beter. Val op.</em></p>
<p data-start=""246"" data-end=""457"">Til je training naar een hoger niveau met de Bangkok Series bokshandschoenen van Booster Fight Gear. Ontworpen voor vechters van alle niveaus, bieden deze handschoenen perfecte pasvorm, comfort en bescherming.</p>
<p data-start=""459"" data-end=""489""><strong data-start=""459"" data-end=""487"">Belangrijkste kenmerken:</strong></p>
<ul data-start=""490"" data-end=""1104"">
<li data-start=""490"" data-end=""577"">
<p data-start=""492"" data-end=""577""><strong data-start=""492"" data-end=""523"">Precieze pasvorm &amp; comfort:</strong> veilig en comfortabel, verbetert je slagprestaties.</p>
</li>
<li data-start=""578"" data-end=""668"">
<p data-start=""580"" data-end=""668""><strong data-start=""580"" data-end=""610"">Duurzaam synthetisch leer:</strong> behoudt vorm en kwaliteit, zelfs bij intensief gebruik.</p>
</li>
<li data-start=""669"" data-end=""759"">
<p data-start=""671"" data-end=""759""><strong data-start=""671"" data-end=""695"">Spuitgegoten schuim:</strong> uitstekende schokabsorptie, beschermt handen tegen blessures.</p>
</li>
<li data-start=""760"" data-end=""815"">
<p data-start=""762"" data-end=""815""><strong data-start=""762"" data-end=""787"">Ventilerende voering:</strong> snel drogend en geurvrij.</p>
</li>
<li data-start=""816"" data-end=""899"">
<p data-start=""818"" data-end=""899""><strong data-start=""818"" data-end=""853"">7 cm brede klittenbandsluiting:</strong> stevige polsondersteuning, geen wegglijden.</p>
</li>
<li data-start=""900"" data-end=""980"">
<p data-start=""902"" data-end=""980""><strong data-start=""902"" data-end=""923"">Opvallend design:</strong> grafische prints en Booster-logo voor een unieke look.</p>
</li>
<li data-start=""981"" data-end=""1045"">
<p data-start=""983"" data-end=""1045""><strong data-start=""983"" data-end=""1014"">Betaalbaar &amp; professioneel:</strong> kwaliteit zonder hoge prijs.</p>
</li>
<li data-start=""1046"" data-end=""1104"">
<p data-start=""1048"" data-end=""1104""><strong data-start=""1048"" data-end=""1069"">Meerdere kleuren:</strong> kies een stijl die bij jou past.</p>
</li>
</ul>",Booster,Kickbokshandschoenen Kunststof,"Kickbokshandschoenen Kunststof, Booster, Handschoenen",TRUE,Maat,10 oz,JG-BG-STRIKE-Red-1-1-1-2-1-10oz,,shopify,12,deny,manual,64.95,,TRUE,TRUE,https://www.fightpro.nl/wp-content/uploads/2025/11/booster-bokshandschoenen-Bangko-Series-5-zwart.jpg,1,Booster Fight Gear – Bangkok Series 5 Bokshandschoenen zwart,FALSE,Booster Fight Gear – Bangkok Series 5 Bokshandschoenen zwart,Booster BGL V9 kickbokshandschoenen BLACK/GREY,active,Handschoenen
booster-fight-gear-bangkok-series-1-bokshandschoenen-zwart,,,,,,,,12 oz,JG-BG-STRIKE-Red-1-1-1-2-1-12oz,,shopify,12,deny,manual,64.95,,TRUE,TRUE,,,,,,,,
booster-fight-gear-bangkok-series-1-bokshandschoenen-zwart,,,,,,,,14 oz,JG-BG-STRIKE-Red-1-1-1-2-1-14oz,,shopify,12,deny,manual,64.95,,TRUE,TRUE,,,,,,,,
booster-fight-gear-bangkok-series-1-bokshandschoenen-zwart,,,,,,,,16 oz,JG-BG-STRIKE-Red-1-1-1-2-1-16oz,,shopify,12,deny,manual,64.95,,TRUE,TRUE,,,,,,,,
booster-fight-gear-bangkok-series-1-bokshandschoenen-zwart,,,,,,,,,,,,,,,,,,,https://www.fightpro.nl/wp-content/uploads/2025/11/booster-bokshandschoenen-Bangko-Series-5-zwart-1.jpg,2,,,,,
booster-fight-gear-bangkok-series-1-bokshandschoenen-zwart,,,,,,,,,,,,,,,,,,,https://www.fightpro.nl/wp-content/uploads/2025/11/booster-bokshandschoenen-Bangko-Series-5-zwart-2.jpg,3,,,,,
booster-fight-gear-bangkok-series-1-bokshandschoenen-zwart,,,,,,,,,,,,,,,,,,,https://www.fightpro.nl/wp-content/uploads/2025/11/booster-bokshandschoenen-Bangko-Series-5-zwart-3.jpg,4,,,,,
booster-fight-gear-bangkok-series-2-bokshandschoenen-wit,Booster Fight Gear – Bangkok Series 2 Bokshandschoenen wit,"<p data-start=""146"" data-end=""244""><strong data-start=""146"" data-end=""202"">Booster Fight Gear – Bangkok Series Bokshandschoenen</strong><br data-start=""202"" data-end=""205"" /><em data-start=""205"" data-end=""242"">Train hard. Presteer beter. Val op.</em></p>
<p data-start=""246"" data-end=""457"">Til je training naar een hoger niveau met de Bangkok Series bokshandschoenen van Booster Fight Gear. Ontworpen voor vechters van alle niveaus, bieden deze handschoenen perfecte pasvorm, comfort en bescherming.</p>
<p data-start=""459"" data-end=""489""><strong data-start=""459"" data-end=""487"">Belangrijkste kenmerken:</strong></p>
<ul data-start=""490"" data-end=""1104"">
<li data-start=""490"" data-end=""577"">
<p data-start=""492"" data-end=""577""><strong data-start=""492"" data-end=""523"">Precieze pasvorm &amp; comfort:</strong> veilig en comfortabel, verbetert je slagprestaties.</p>
</li>
<li data-start=""578"" data-end=""668"">
<p data-start=""580"" data-end=""668""><strong data-start=""580"" data-end=""610"">Duurzaam synthetisch leer:</strong> behoudt vorm en kwaliteit, zelfs bij intensief gebruik.</p>
</li>
<li data-start=""669"" data-end=""759"">
<p data-start=""671"" data-end=""759""><strong data-start=""671"" data-end=""695"">Spuitgegoten schuim:</strong> uitstekende schokabsorptie, beschermt handen tegen blessures.</p>
</li>
<li data-start=""760"" data-end=""815"">
<p data-start=""762"" data-end=""815""><strong data-start=""762"" data-end=""787"">Ventilerende voering:</strong> snel drogend en geurvrij.</p>
</li>
<li data-start=""816"" data-end=""899"">
<p data-start=""818"" data-end=""899""><strong data-start=""818"" data-end=""853"">7 cm brede klittenbandsluiting:</strong> stevige polsondersteuning, geen wegglijden.</p>
</li>
<li data-start=""900"" data-end=""980"">
<p data-start=""902"" data-end=""980""><strong data-start=""902"" data-end=""923"">Opvallend design:</strong> grafische prints en Booster-logo voor een unieke look.</p>
</li>
<li data-start=""981"" data-end=""1045"">
<p data-start=""983"" data-end=""1045""><strong data-start=""983"" data-end=""1014"">Betaalbaar &amp; professioneel:</strong> kwaliteit zonder hoge prijs.</p>
</li>
<li data-start=""1046"" data-end=""1104"">
<p data-start=""1048"" data-end=""1104""><strong data-start=""1048"" data-end=""1069"">Meerdere kleuren:</strong> kies een stijl die bij jou past.</p>
</li>
</ul>",Booster,Kickbokshandschoenen Kunststof,"Kickbokshandschoenen Kunststof, Booster, Handschoenen",TRUE,Maat,10 oz,JG-BG-STRIKE-Red-1-1-1-2-10oz,,shopify,12,deny,manual,64.95,,TRUE,TRUE,https://www.fightpro.nl/wp-content/uploads/2025/11/booster-bokshandschoenen-Bangko-Series-2-wit.jpg,1,Booster Fight Gear – Bangkok Series 2 Bokshandschoenen wit,FALSE,Booster Fight Gear – Bangkok Series 2 Bokshandschoenen wit,Booster BGL V9 kickbokshandschoenen BLACK/GREY,active,Handschoenen
booster-fight-gear-bangkok-series-2-bokshandschoenen-wit,,,,,,,,12 oz,JG-BG-STRIKE-Red-1-1-1-2-12oz,,shopify,12,deny,manual,64.95,,TRUE,TRUE,,,,,,,,
booster-fight-gear-bangkok-series-2-bokshandschoenen-wit,,,,,,,,14 oz,JG-BG-STRIKE-Red-1-1-1-2-14oz,,shopify,12,deny,manual,64.95,,TRUE,TRUE,,,,,,,,
booster-fight-gear-bangkok-series-2-bokshandschoenen-wit,,,,,,,,16 oz,JG-BG-STRIKE-Red-1-1-1-2-16oz,,shopify,12,deny,manual,64.95,,TRUE,TRUE,,,,,,,,
booster-fight-gear-bangkok-series-2-bokshandschoenen-wit,,,,,,,,,,,,,,,,,,,https://www.fightpro.nl/wp-content/uploads/2025/11/booster-bokshandschoenen-Bangko-Series-2-wit-2.jpg,2,,,,,
booster-fight-gear-bangkok-series-2-bokshandschoenen-wit,,,,,,,,,,,,,,,,,,,https://www.fightpro.nl/wp-content/uploads/2025/11/booster-bokshandschoenen-Bangko-Series-2-wit-3.jpg,3,,,,,
booster-fight-gear-bangkok-series-2-bokshandschoenen-wit,,,,,,,,,,,,,,,,,,,https://www.fightpro.nl/wp-content/uploads/2025/11/booster-bokshandschoenen-Bangko-Series-2-wit-4.jpg,4,,,,,
multi-pad-wandtrainer-px-expert,Multi-Pad Wandtrainer PX EXPERT,"<p>Train volledige combinaties: stoten, lowkicks en body strikes. Met 2 stootpads, 2 lowkick-pads en een centraal bodykussen. Compact en multifunctioneel.</p>",PX,Diversen,"PX, Diversen",TRUE,Title,Default Title,FI-ST-ZW-SM-1-1-1,,shopify,12,deny,manual,399.00,,TRUE,TRUE,https://www.fightpro.nl/wp-content/uploads/2025/11/expert-px-kicktrainer-wandmontage.jpg,1,Multi-Pad Wandtrainer PX EXPERT,FALSE,Multi-Pad Wandtrainer PX EXPERT,De Multi-Pad Wandtrainer PX EXPERT,active,Diversen
fightpro-sporttas-zwart-large-75x35x35-cm-black-on-black-edition,Fightpro sporttas zwart large 75X35X35 cm Black on Black Edition,"<h3 data-start=""240"" data-end=""295""><strong data-start=""247"" data-end=""293"">FightPro Sporttas – Black on Black Edition</strong></h3>
<p data-start=""296"" data-end=""331""><strong data-start=""296"" data-end=""329"">Sterk. Stijlvol. Functioneel.</strong></p>
<p data-start=""333"" data-end=""538"">De nieuwe <strong data-start=""343"" data-end=""364"">FightPro sporttas</strong> is ontworpen voor echte vechters en sporters die gaan voor kwaliteit. Gemaakt van duurzaam, extra sterk materiaal dat bestand is tegen intensief gebruik — dag in, dag uit.</p>
<p data-start=""333"" data-end=""538"">Met <strong data-start=""544"" data-end=""568"">twee ruime zijvakken</strong> berg je moeiteloos je schone kleding, handdoek of accessoires op. De <strong data-start=""638"" data-end=""657"">drie voorvakken</strong> bieden ruimte voor kleinere essentials zoals je <strong data-start=""706"" data-end=""734"">bidon, bitje of telefoon</strong>, zodat alles overzichtelijk en binnen handbereik blijft.</p>
<p data-start=""795"" data-end=""941"">De subtiele <strong data-start=""807"" data-end=""834"">black-on-black branding</strong> geeft de tas een stoere, professionele uitstraling — perfect voor in de gym, op reis of bij wedstrijden.</p>
<p data-start=""943"" data-end=""976""><strong data-start=""943"" data-end=""974"">Verkrijgbaar in drie maten:</strong></p>
<ul data-start=""977"" data-end=""1058"">
<li data-start=""977"" data-end=""1003"">
<p data-start=""979"" data-end=""1003"">Small: 50 × 30 × 30 cm</p>
</li>
<li data-start=""1004"" data-end=""1031"">
<p data-start=""1006"" data-end=""1031"">Medium: 60 × 30 × 30 cm</p>
</li>
<li data-start=""1032"" data-end=""1058"">
<p data-start=""1034"" data-end=""1058"">Large: 75 × 35 × 35 cm</p>
</li>
</ul>
<p data-start=""1060"" data-end=""1158"">✅ Duurzaam en sterk<br data-start=""1079"" data-end=""1082"" />✅ Slim ingedeelde vakken<br data-start=""1106"" data-end=""1109"" />✅ Stijlvol zwart ontwerp<br data-start=""1133"" data-end=""1136"" />✅ FightPro kwaliteit</p>
<p data-start=""1160"" data-end=""1192""><strong data-start=""1160"" data-end=""1192"">FightPro – Built for battle.</strong></p>",Fightpro,Sport tassen,"Fightpro, Uitrusting, Sport tassen",TRUE,Title,Default Title,FI-ST-ZW-SM-1-1,,shopify,12,deny,manual,59.95,,TRUE,TRUE,https://www.fightpro.nl/wp-content/uploads/2025/11/Fightpro-Sport-Tasche-Schwarz-Large-75x35x35-cm.jpg,1,Fightpro sporttas zwart large 75X35X35 cm Black on Black Edition,FALSE,Fightpro sporttas zwart large 75X35X35 cm Black on Black Edition,,active,Uitrusting
fightpro-sporttas-zwart-large-75x35x35-cm-black-on-black-edition,,,,,,,,,,,,,,,,,,,https://www.fightpro.nl/wp-content/uploads/2025/11/Fightpro-Sport-Tasche-Schwarz-Large-75x35x35-cm-2.jpg,2,,,,,
fightpro-sporttas-zwart-large-75x35x35-cm-black-on-black-edition,,,,,,,,,,,,,,,,,,,https://www.fightpro.nl/wp-content/uploads/2025/11/Fightpro-Sport-Tasche-Schwarz-Large-75x35x35-cm-3.jpg,3,,,,,
fightpro-sporttas-zwart-large-75x35x35-cm-black-on-black-edition,,,,,,,,,,,,,,,,,,,https://www.fightpro.nl/wp-content/uploads/2025/11/Fightpro-Sport-Tasche-Schwarz-Large-75x35x35-cm-4.jpg,4,,,,,
fightpro-sporttas-zwart-large-75x35x35-cm-black-on-black-edition,,,,,,,,,,,,,,,,,,,https://www.fightpro.nl/wp-content/uploads/2025/11/Fightpro-Sport-Tasche-Schwarz-Large-75x35x35-cm-5.jpg,5,,,,,
fightpro-sporttas-zwart-large-75x35x35-cm-black-on-black-edition,,,,,,,,,,,,,,,,,,,https://www.fightpro.nl/wp-content/uploads/2025/11/Fightpro-Sport-Tasche-Schwarz-Large-75x35x35-cm-6.jpg,6,,,,,
fightpro-sporttas-zwart-medium-60x30x30-cm-black-on-black-edition,Fightpro sporttas zwart medium 60X30X30 cm Black on Black Edition,"<h3 data-start=""240"" data-end=""295""><strong data-start=""247"" data-end=""293"">FightPro Sporttas – Black on Black Edition</strong></h3>
<p data-start=""296"" data-end=""331""><strong data-start=""296"" data-end=""329"">Sterk. Stijlvol. Functioneel.</strong></p>
<p data-start=""333"" data-end=""538"">De nieuwe <strong data-start=""343"" data-end=""364"">FightPro sporttas</strong> is ontworpen voor echte vechters en sporters die gaan voor kwaliteit. Gemaakt van duurzaam, extra sterk materiaal dat bestand is tegen intensief gebruik — dag in, dag uit.</p>
<p data-start=""333"" data-end=""538"">Met <strong data-start=""544"" data-end=""568"">twee ruime zijvakken</strong> berg je moeiteloos je schone kleding, handdoek of accessoires op. De <strong data-start=""638"" data-end=""657"">drie voorvakken</strong> bieden ruimte voor kleinere essentials zoals je <strong data-start=""706"" data-end=""734"">bidon, bitje of telefoon</strong>, zodat alles overzichtelijk en binnen handbereik blijft.</p>
<p data-start=""795"" data-end=""941"">De subtiele <strong data-start=""807"" data-end=""834"">black-on-black branding</strong> geeft de tas een stoere, professionele uitstraling — perfect voor in de gym, op reis of bij wedstrijden.</p>
<p data-start=""943"" data-end=""976""><strong data-start=""943"" data-end=""974"">Verkrijgbaar in drie maten:</strong></p>
<ul data-start=""977"" data-end=""1058"">
<li data-start=""977"" data-end=""1003"">
<p data-start=""979"" data-end=""1003"">Small: 50 × 30 × 30 cm</p>
</li>
<li data-start=""1004"" data-end=""1031"">
<p data-start=""1006"" data-end=""1031"">Medium: 60 × 30 × 30 cm</p>
</li>
<li data-start=""1032"" data-end=""1058"">
<p data-start=""1034"" data-end=""1058"">Large: 75 × 35 × 35 cm</p>
</li>
</ul>
<p data-start=""1060"" data-end=""1158"">✅ Duurzaam en sterk<br data-start=""1079"" data-end=""1082"" />✅ Slim ingedeelde vakken<br data-start=""1106"" data-end=""1109"" />✅ Stijlvol zwart ontwerp<br data-start=""1133"" data-end=""1136"" />✅ FightPro kwaliteit</p>
<p data-start=""1160"" data-end=""1192""><strong data-start=""1160"" data-end=""1192"">FightPro – Built for battle.</strong></p>",Fightpro,Sport tassen,"Fightpro, Uitrusting, Sport tassen",TRUE,Title,Default Title,FI-ST-ZW-SM-1,,shopify,12,deny,manual,49.95,,TRUE,TRUE,https://www.fightpro.nl/wp-content/uploads/2025/11/Fightpro-Sport-Tasche-Schwarz-Large-75x35x35-cm.jpg,1,Fightpro sporttas zwart medium 60X30X30 cm Black on Black Edition,FALSE,Fightpro sporttas zwart medium 60X30X30 cm Black on Black Edition,,active,Uitrusting
fightpro-sporttas-zwart-medium-60x30x30-cm-black-on-black-edition,,,,,,,,,,,,,,,,,,,https://www.fightpro.nl/wp-content/uploads/2025/11/Fightpro-Sport-Tasche-Schwarz-Large-75x35x35-cm-2.jpg,2,,,,,
fightpro-sporttas-zwart-medium-60x30x30-cm-black-on-black-edition,,,,,,,,,,,,,,,,,,,https://www.fightpro.nl/wp-content/uploads/2025/11/Fightpro-Sport-Tasche-Schwarz-Large-75x35x35-cm-3.jpg,3,,,,,
fightpro-sporttas-zwart-medium-60x30x30-cm-black-on-black-edition,,,,,,,,,,,,,,,,,,,https://www.fightpro.nl/wp-content/uploads/2025/11/Fightpro-Sport-Tasche-Schwarz-Large-75x35x35-cm-4.jpg,4,,,,,
fightpro-sporttas-zwart-medium-60x30x30-cm-black-on-black-edition,,,,,,,,,,,,,,,,,,,https://www.fightpro.nl/wp-content/uploads/2025/11/Fightpro-Sport-Tasche-Schwarz-Large-75x35x35-cm-5.jpg,5,,,,,
fightpro-sporttas-zwart-medium-60x30x30-cm-black-on-black-edition,,,,,,,,,,,,,,,,,,,https://www.fightpro.nl/wp-content/uploads/2025/11/Fightpro-Sport-Tasche-Schwarz-Large-75x35x35-cm-6.jpg,6,,,,,
fightpro-sporttas-zwart-small-50x30x30-cm-black-on-black-edition-kids,Fightpro sporttas zwart small 50X30X30 cm Black on Black Edition Kids,"<h3 data-start=""240"" data-end=""295""><strong data-start=""247"" data-end=""293"">FightPro Sporttas – Black on Black Edition</strong></h3>
<p data-start=""296"" data-end=""331""><strong data-start=""296"" data-end=""329"">Sterk. Stijlvol. Functioneel.</strong></p>
<p data-start=""333"" data-end=""538"">De nieuwe <strong data-start=""343"" data-end=""364"">FightPro sporttas</strong> is ontworpen voor echte vechters en sporters die gaan voor kwaliteit. Gemaakt van duurzaam, extra sterk materiaal dat bestand is tegen intensief gebruik — dag in, dag uit.</p>
<p data-start=""333"" data-end=""538"">Met <strong data-start=""544"" data-end=""568"">twee ruime zijvakken</strong> berg je moeiteloos je schone kleding, handdoek of accessoires op. De <strong data-start=""638"" data-end=""657"">drie voorvakken</strong> bieden ruimte voor kleinere essentials zoals je <strong data-start=""706"" data-end=""734"">bidon, bitje of telefoon</strong>, zodat alles overzichtelijk en binnen handbereik blijft.</p>
<p data-start=""795"" data-end=""941"">De subtiele <strong data-start=""807"" data-end=""834"">black-on-black branding</strong> geeft de tas een stoere, professionele uitstraling — perfect voor in de gym, op reis of bij wedstrijden.</p>
<p data-start=""943"" data-end=""976""><strong data-start=""943"" data-end=""974"">Verkrijgbaar in drie maten:</strong></p>
<ul data-start=""977"" data-end=""1058"">
<li data-start=""977"" data-end=""1003"">
<p data-start=""979"" data-end=""1003"">Small: 50 × 30 × 30 cm</p>
</li>
<li data-start=""1004"" data-end=""1031"">
<p data-start=""1006"" data-end=""1031"">Medium: 60 × 30 × 30 cm</p>
</li>
<li data-start=""1032"" data-end=""1058"">
<p data-start=""1034"" data-end=""1058"">Large: 75 × 35 × 35 cm</p>
</li>
</ul>
<p data-start=""1060"" data-end=""1158"">✅ Duurzaam en sterk<br data-start=""1079"" data-end=""1082"" />✅ Slim ingedeelde vakken<br data-start=""1106"" data-end=""1109"" />✅ Stijlvol zwart ontwerp<br data-start=""1133"" data-end=""1136"" />✅ FightPro kwaliteit</p>
<p data-start=""1160"" data-end=""1192""><strong data-start=""1160"" data-end=""1192"">FightPro – Built for battle.</strong></p>",Fightpro,Kids,"Fightpro, Kids",TRUE,Title,Default Title,FI-ST-ZW-SM,,shopify,12,deny,manual,39.95,,TRUE,TRUE,https://www.fightpro.nl/wp-content/uploads/2025/11/Fightpro-Sport-Tasche-Schwarz-Large-75x35x35-cm.jpg,1,Fightpro sporttas zwart small 50X30X30 cm Black on Black Edition Kids,FALSE,Fightpro sporttas zwart small 50X30X30 cm Black on Black Edition Kids,,active,Kids
fightpro-sporttas-zwart-small-50x30x30-cm-black-on-black-edition-kids,,,,,,,,,,,,,,,,,,,https://www.fightpro.nl/wp-content/uploads/2025/11/Fightpro-Sport-Tasche-Schwarz-Large-75x35x35-cm-2.jpg,2,,,,,
fightpro-sporttas-zwart-small-50x30x30-cm-black-on-black-edition-kids,,,,,,,,,,,,,,,,,,,https://www.fightpro.nl/wp-content/uploads/2025/11/Fightpro-Sport-Tasche-Schwarz-Large-75x35x35-cm-3.jpg,3,,,,,
fightpro-sporttas-zwart-small-50x30x30-cm-black-on-black-edition-kids,,,,,,,,,,,,,,,,,,,https://www.fightpro.nl/wp-content/uploads/2025/11/Fightpro-Sport-Tasche-Schwarz-Large-75x35x35-cm-4.jpg,4,,,,,
fightpro-sporttas-zwart-small-50x30x30-cm-black-on-black-edition-kids,,,,,,,,,,,,,,,,,,,https://www.fightpro.nl/wp-content/uploads/2025/11/Fightpro-Sport-Tasche-Schwarz-Large-75x35x35-cm-5.jpg,5,,,,,
fightpro-sporttas-zwart-small-50x30x30-cm-black-on-black-edition-kids,,,,,,,,,,,,,,,,,,,https://www.fightpro.nl/wp-content/uploads/2025/11/Fightpro-Sport-Tasche-Schwarz-Large-75x35x35-cm-6.jpg,6,,,,,
fightpro-kickbokshandschoenen-kali-top-kwaliteit-leer,Fightpro kickbokshandschoenen KALI Top kwaliteit leer,"<h3 data-start=""204"" data-end=""274""><strong data-start=""211"" data-end=""274"">FightPro KALI Kickbokshandschoenen – Topkwaliteit Echt Leer</strong></h3>
<p data-start=""276"" data-end=""611"">De <strong data-start=""279"" data-end=""296"">FightPro KALI </strong>kickbokshandschoenen zijn ontworpen voor vechters die kracht, precisie en stijl willen combineren. Gemaakt van <strong data-start=""408"" data-end=""432"">hoogwaardig rundleer</strong> en voorzien van een <strong data-start=""453"" data-end=""484"">strakke anatomische pasvorm</strong>, bieden deze handschoenen optimale bescherming, duurzaamheid en comfort — of je nu traint voor kracht, techniek of competitie.</p>
<p data-start=""613"" data-end=""862"">De naam <strong data-start=""621"" data-end=""631"">“KALI”</strong> is geïnspireerd op de <strong data-start=""654"" data-end=""675"">Hindoe-godin Kali</strong>, symbool van <strong data-start=""689"" data-end=""758"">onoverwinnelijke kracht, transformatie en vernietiging van zwakte</strong>. Net als de godin zelf, staan deze handschoenen voor <strong data-start=""812"" data-end=""859"">intensiteit, focus en dominantie in de ring</strong>.</p>
<p data-start=""864"" data-end=""1075"">Met hun premium afwerking, stevige polssluiting en schokabsorberende vulling zijn de FightPro KALI-handschoenen gebouwd om elke uitdaging aan te kunnen — <strong data-start=""1018"" data-end=""1072"">van zware sparringssessies tot harde padtrainingen</strong>.</p>
<p data-start=""1077"" data-end=""1093""><strong data-start=""1077"" data-end=""1091"">Kenmerken:</strong></p>
<ul data-start=""1094"" data-end=""1426"">
<li data-start=""1094"" data-end=""1140"">
<p data-start=""1096"" data-end=""1140"">Gemaakt van <strong data-start=""1108"" data-end=""1138"">100% topkwaliteit rundleer</strong></p>
</li>
<li data-start=""1141"" data-end=""1194"">
<p data-start=""1143"" data-end=""1194""><strong data-start=""1143"" data-end=""1168"">Dubbel gestikte naden</strong> voor extra duurzaamheid</p>
</li>
<li data-start=""1195"" data-end=""1256"">
<p data-start=""1197"" data-end=""1256""><strong data-start=""1197"" data-end=""1225"">Geavanceerde foamvulling</strong> voor maximale schokabsorptie</p>
</li>
<li data-start=""1257"" data-end=""1314"">
<p data-start=""1259"" data-end=""1314""><strong data-start=""1259"" data-end=""1288"">Brede klittenbandsluiting</strong> voor optimale polssteun</p>
</li>
<li data-start=""1315"" data-end=""1371"">
<p data-start=""1317"" data-end=""1371""><strong data-start=""1317"" data-end=""1336"">Ventilatiezones</strong> voor fris en comfortabel trainen</p>
</li>
<li data-start=""1372"" data-end=""1426"">
<p data-start=""1374"" data-end=""1426"">Verkrijgbaar in meerdere gewichten (10 oz – 16 oz)</p>
</li>
</ul>
<p data-start=""1428"" data-end=""1473""><strong data-start=""1428"" data-end=""1473"">FightPro KALI – Unleash the Power Within.</strong></p>",Fightpro,Kickbokshandschoenen leer,"Fightpro, Kickbokshandschoenen leer, Handschoenen, Bestseller",TRUE,Maat,10 oz,Fightpro-LU-HS-1-2-10oz,,shopify,12,deny,manual,109.95,,TRUE,TRUE,https://www.fightpro.nl/wp-content/uploads/2025/10/FIGHTPRO-boxhandschuhe-kali.jpg,1,Fightpro kickbokshandschoenen KALI Top kwaliteit leer,FALSE,Fightpro kickbokshandschoenen KALI Top kwaliteit leer,De “Fightpro KALI” black-on-black bokshandschoen staat bekend om de goede polsbescherming en zit erg aangenaam.,active,Handschoenen
fightpro-kickbokshandschoenen-kali-top-kwaliteit-leer,,,,,,,,12 oz,Fightpro-LU-HS-1-2-12oz,,shopify,12,deny,manual,109.95,,TRUE,TRUE,,,,,,,,
fightpro-kickbokshandschoenen-kali-top-kwaliteit-leer,,,,,,,,14 oz,Fightpro-LU-HS-1-2-14oz,,shopify,12,deny,manual,109.95,,TRUE,TRUE,,,,,,,,
fightpro-kickbokshandschoenen-kali-top-kwaliteit-leer,,,,,,,,16 oz,Fightpro-LU-HS-1-2-16oz,,shopify,12,deny,manual,109.95,,TRUE,TRUE,,,,,,,,
fightpro-kickbokshandschoenen-kali-top-kwaliteit-leer,,,,,,,,4 oz,Fightpro-LU-HS-1-2-4oz,,shopify,12,deny,manual,109.95,,TRUE,TRUE,,,,,,,,
fightpro-kickbokshandschoenen-kali-top-kwaliteit-leer,,,,,,,,6 oz,Fightpro-LU-HS-1-2-6oz,,shopify,12,deny,manual,109.95,,TRUE,TRUE,,,,,,,,
fightpro-kickbokshandschoenen-kali-top-kwaliteit-leer,,,,,,,,8 oz,Fightpro-LU-HS-1-2-8oz,,shopify,12,deny,manual,109.95,,TRUE,TRUE,,,,,,,,
fightpro-kickbokshandschoenen-kali-top-kwaliteit-leer,,,,,,,,,,,,,,,,,,,https://www.fightpro.nl/wp-content/uploads/2025/10/FIGHTPRO-boxhandschuhe-KALI-Leder-2.jpg,2,,,,,
fightpro-kickbokshandschoenen-kali-top-kwaliteit-leer,,,,,,,,,,,,,,,,,,,https://www.fightpro.nl/wp-content/uploads/2025/10/FIGHTPRO-boxhandschuhe-KALI-Leder-3.jpg,3,,,,,
fightpro-kickbokshandschoenen-kali-top-kwaliteit-leer,,,,,,,,,,,,,,,,,,,https://www.fightpro.nl/wp-content/uploads/2025/10/FIGHTPRO-boxhandschuhe-KALI-Leder-4.jpg,4,,,,,
fightpro-kickbokshandschoenen-kali-top-kwaliteit-leer,,,,,,,,,,,,,,,,,,,https://www.fightpro.nl/wp-content/uploads/2025/10/FIGHTPRO-boxhandschuhe-KALI-Leder-5.jpg,5,,,,,
joya-sporttas-v2-camo-goud,Joya Sporttas V2 Camo Goud,"<p>Afmeting: 45x30x30 cm<br />
meerdere vakken<br />
Leuke tas voor de kickboks liefhebbers.</p>",Joya,Kids,"Kids, Joya",TRUE,Title,Default Title,CAMV2-GB-GO,,shopify,12,deny,manual,34.95,,TRUE,TRUE,https://www.fightpro.nl/wp-content/uploads/2025/10/Joya-Camo-V2-Sporttas-goud.jpg,1,Joya Sporttas V2 Camo Goud,FALSE,Joya Sporttas V2 Camo Goud,,active,Kids
booster-bsg-v9-scheenbeschermers-black-grey,Booster BSG V9 scheenbeschermers BLACK/GREY,<p>Booster BSG V9 scheenbeschermers BLACK/GREY</p>,Booster,Scheenbeschermers,"Bescherming, Scheenbeschermers, Booster",TRUE,Maat,10 oz,JG-BG-STRIKE-Red-1-1-1-1-10oz,,shopify,12,deny,manual,119.95,,TRUE,TRUE,https://www.fightpro.nl/wp-content/uploads/2025/09/Booster-BSG-V9-scheenbeschermers-white-gold.jpg,1,Booster BSG V9 scheenbeschermers BLACK/GREY,FALSE,Booster BSG V9 scheenbeschermers BLACK/GREY,Booster BSG V9 scheenbeschermers BLACK/GREY,active,Bescherming
booster-bsg-v9-scheenbeschermers-black-grey,,,,,,,,12 oz,JG-BG-STRIKE-Red-1-1-1-1-12oz,,shopify,12,deny,manual,119.95,,TRUE,TRUE,,,,,,,,
booster-bsg-v9-scheenbeschermers-black-grey,,,,,,,,14 oz,JG-BG-STRIKE-Red-1-1-1-1-14oz,,shopify,12,deny,manual,119.95,,TRUE,TRUE,,,,,,,,
booster-bsg-v9-scheenbeschermers-black-grey,,,,,,,,16 oz,JG-BG-STRIKE-Red-1-1-1-1-16oz,,shopify,12,deny,manual,119.95,,TRUE,TRUE,,,,,,,,
booster-bsg-v9-scheenbeschermers-black-grey,,,,,,,,,,,,,,,,,,,https://www.fightpro.nl/wp-content/uploads/2025/09/Booster-BSG-V9-scheenbeschermers-white-gold2.jpg,2,,,,,
booster-bsg-v9-scheenbeschermers-black-grey,,,,,,,,,,,,,,,,,,,https://www.fightpro.nl/wp-content/uploads/2025/09/Booster-BSG-V9-scheenbeschermers-white-gold3.jpg,3,,,,,
booster-bgl-v9-kickbokshandschoenen-black-grey,Booster BGL V9 kickbokshandschoenen BLACK/GREY,<p>Booster BGL V9 kickbokshandschoenen BLACK/GREY</p>,Booster,Kickbokshandschoenen leer,"Kickbokshandschoenen leer, Booster, Handschoenen",TRUE,Maat,10 oz,JG-BG-STRIKE-Red-1-1-1-10oz,,shopify,12,deny,manual,159.95,,TRUE,TRUE,https://www.fightpro.nl/wp-content/uploads/2025/09/booster-bokshandschoenen-BGL-V9-black-grey.jpg,1,Booster BGL V9 kickbokshandschoenen BLACK/GREY,FALSE,Booster BGL V9 kickbokshandschoenen BLACK/GREY,Booster BGL V9 kickbokshandschoenen BLACK/GREY,active,Handschoenen
booster-bgl-v9-kickbokshandschoenen-black-grey,,,,,,,,12 oz,JG-BG-STRIKE-Red-1-1-1-12oz,,shopify,12,deny,manual,159.95,,TRUE,TRUE,,,,,,,,
booster-bgl-v9-kickbokshandschoenen-black-grey,,,,,,,,14 oz,JG-BG-STRIKE-Red-1-1-1-14oz,,shopify,12,deny,manual,159.95,,TRUE,TRUE,,,,,,,,
booster-bgl-v9-kickbokshandschoenen-black-grey,,,,,,,,16 oz,JG-BG-STRIKE-Red-1-1-1-16oz,,shopify,12,deny,manual,159.95,,TRUE,TRUE,,,,,,,,
booster-bgl-v9-kickbokshandschoenen-black-grey,,,,,,,,,,,,,,,,,,,https://www.fightpro.nl/wp-content/uploads/2025/09/booster-bokshandschoenen-BGL-V9-black-grey2.jpg,2,,,,,
booster-bgl-v9-kickbokshandschoenen-black-grey,,,,,,,,,,,,,,,,,,,https://www.fightpro.nl/wp-content/uploads/2025/09/booster-bokshandschoenen-BGL-V9-black-grey3.jpg,3,,,,,
booster-bgl-v9-kickbokshandschoenen-black-grey,,,,,,,,,,,,,,,,,,,https://www.fightpro.nl/wp-content/uploads/2025/09/booster-bokshandschoenen-BGL-V9-black-grey4.jpg,4,,,,,
booster-bgl-v9-kickbokshandschoenen-white-gold,Booster BGL V9 kickbokshandschoenen WHITE/GOLD,<p>Booster BGL V9 kickbokshandschoenen WHITE/GOLD</p>,Booster,Kickbokshandschoenen leer,"Kickbokshandschoenen leer, Booster, Handschoenen",TRUE,Maat,10 oz,JG-BG-STRIKE-Red-1-1-10oz,,shopify,12,deny,manual,159.95,,TRUE,TRUE,https://www.fightpro.nl/wp-content/uploads/2025/09/booster-bokshandschoenen-BGL-V9-WHITE-GOLD.jpg,1,Booster BGL V9 kickbokshandschoenen WHITE/GOLD,FALSE,Booster BGL V9 kickbokshandschoenen WHITE/GOLD,Booster BGL V9 kickbokshandschoenen WHITE/GOLD,active,Handschoenen
booster-bgl-v9-kickbokshandschoenen-white-gold,,,,,,,,12 oz,JG-BG-STRIKE-Red-1-1-12oz,,shopify,12,deny,manual,159.95,,TRUE,TRUE,,,,,,,,
booster-bgl-v9-kickbokshandschoenen-white-gold,,,,,,,,14 oz,JG-BG-STRIKE-Red-1-1-14oz,,shopify,12,deny,manual,159.95,,TRUE,TRUE,,,,,,,,
booster-bgl-v9-kickbokshandschoenen-white-gold,,,,,,,,16 oz,JG-BG-STRIKE-Red-1-1-16oz,,shopify,12,deny,manual,159.95,,TRUE,TRUE,,,,,,,,
booster-bgl-v9-kickbokshandschoenen-white-gold,,,,,,,,,,,,,,,,,,,https://www.fightpro.nl/wp-content/uploads/2025/09/booster-bokshandschoenen-BGL-V9-WHITE-GOLD2.jpg,2,,,,,
booster-bgl-v9-kickbokshandschoenen-black-blue,Booster BGL V9 kickbokshandschoenen BLACK/BLUE,<p>Booster BGL V9 kickbokshandschoenen BLACK/BLUE</p>,Booster,Kickbokshandschoenen leer,"Kickbokshandschoenen leer, Booster, Handschoenen",TRUE,Maat,10 oz,JG-BG-STRIKE-Red-1-10oz,,shopify,12,deny,manual,159.95,,TRUE,TRUE,https://www.fightpro.nl/wp-content/uploads/2025/09/booster-bokshandschoenen-BGL-V9-black-blue.jpg,1,Booster BGL V9 kickbokshandschoenen BLACK/BLUE,FALSE,Booster BGL V9 kickbokshandschoenen BLACK/BLUE,Booster BGL V9 kickbokshandschoenen BLACK/BLUE,active,Handschoenen
booster-bgl-v9-kickbokshandschoenen-black-blue,,,,,,,,12 oz,JG-BG-STRIKE-Red-1-12oz,,shopify,12,deny,manual,159.95,,TRUE,TRUE,,,,,,,,
booster-bgl-v9-kickbokshandschoenen-black-blue,,,,,,,,14 oz,JG-BG-STRIKE-Red-1-14oz,,shopify,12,deny,manual,159.95,,TRUE,TRUE,,,,,,,,
booster-bgl-v9-kickbokshandschoenen-black-blue,,,,,,,,16 oz,JG-BG-STRIKE-Red-1-16oz,,shopify,12,deny,manual,159.95,,TRUE,TRUE,,,,,,,,
booster-bgl-v9-kickbokshandschoenen-black-blue,,,,,,,,,,,,,,,,,,,https://www.fightpro.nl/wp-content/uploads/2025/09/booster-bokshandschoenen-BGL-V9-black-blue2.jpg,2,,,,,
joya-strike-scheenbeschermers-blauw-leer,Joya Strike Scheenbeschermers -Blauw Leer,"<p data-start=""149"" data-end=""412""><strong data-start=""149"" data-end=""186"">JoyaGear Strike Scheenbeschermers</strong><br data-start=""186"" data-end=""189"" />Handgemaakt in Thailand voor topkwaliteit en prestaties. Lichtgewicht en comfortabel, met stevige vulling voor optimale bescherming. De kliksysteemriemen zorgen voor een veilige pasvorm tijdens elke training of wedstrijd.</p>
<p data-start=""414"" data-end=""430""><strong data-start=""414"" data-end=""428"">Kenmerken:</strong></p>
<ul data-start=""431"" data-end=""614"">
<li data-start=""431"" data-end=""495"">
<p data-start=""433"" data-end=""495"">Professionele kwaliteit, geschikt voor training &amp; competitie</p>
</li>
<li data-start=""496"" data-end=""544"">
<p data-start=""498"" data-end=""544"">Lichtgewicht voor maximale bewegingsvrijheid</p>
</li>
<li data-start=""545"" data-end=""586"">
<p data-start=""547"" data-end=""586"">Stevige kliksysteemriemen met JG-logo</p>
</li>
<li data-start=""587"" data-end=""614"">
<p data-start=""589"" data-end=""614"">Handgemaakt in Thailand</p>
</li>
</ul>",Joya,Scheenbeschermers,"Bescherming, Scheenbeschermers, Joya",TRUE,Maat,14 oz,JG-SG-STRIKE-BLUE-14oz,,shopify,12,deny,manual,109.95,,TRUE,TRUE,https://www.fightpro.nl/wp-content/uploads/2025/09/Joya-scheenbeschermer-strike-blauw.jpg,1,Joya Strike Scheenbeschermers -Blauw Leer,FALSE,Joya Strike Scheenbeschermers -Blauw Leer,Professionele scheenbeschermer van Joya. Handgemaakt in Thailand,active,Bescherming
joya-strike-scheenbeschermers-blauw-leer,,,,,,,,16 oz,JG-SG-STRIKE-BLUE-16oz,,shopify,12,deny,manual,109.95,,TRUE,TRUE,,,,,,,,
joya-strike-scheenbeschermers-rood-leer,Joya Strike Scheenbeschermers -Rood Leer,"<p data-start=""149"" data-end=""412""><strong data-start=""149"" data-end=""186"">JoyaGear Strike Scheenbeschermers</strong><br data-start=""186"" data-end=""189"" />Handgemaakt in Thailand voor topkwaliteit en prestaties. Lichtgewicht en comfortabel, met stevige vulling voor optimale bescherming. De kliksysteemriemen zorgen voor een veilige pasvorm tijdens elke training of wedstrijd.</p>
<p data-start=""414"" data-end=""430""><strong data-start=""414"" data-end=""428"">Kenmerken:</strong></p>
<ul data-start=""431"" data-end=""614"">
<li data-start=""431"" data-end=""495"">
<p data-start=""433"" data-end=""495"">Professionele kwaliteit, geschikt voor training &amp; competitie</p>
</li>
<li data-start=""496"" data-end=""544"">
<p data-start=""498"" data-end=""544"">Lichtgewicht voor maximale bewegingsvrijheid</p>
</li>
<li data-start=""545"" data-end=""586"">
<p data-start=""547"" data-end=""586"">Stevige kliksysteemriemen met JG-logo</p>
</li>
<li data-start=""587"" data-end=""614"">
<p data-start=""589"" data-end=""614"">Handgemaakt in Thailand</p>
</li>
</ul>",Joya,Scheenbeschermers,"Bescherming, Scheenbeschermers, Joya",TRUE,Maat,14 oz,JG-SG-STRIKE-RED-14oz,,shopify,12,deny,manual,109.95,,TRUE,TRUE,https://www.fightpro.nl/wp-content/uploads/2025/09/Joya-scheenbeschermer-strike-rood.jpg,1,Joya Strike Scheenbeschermers -Rood Leer,FALSE,Joya Strike Scheenbeschermers -Rood Leer,Professionele scheenbeschermer van Joya. Handgemaakt in Thailand,active,Bescherming
joya-strike-scheenbeschermers-rood-leer,,,,,,,,16 oz,JG-SG-STRIKE-RED-16oz,,shopify,12,deny,manual,109.95,,TRUE,TRUE,,,,,,,,
joya-strike-scheenbeschermers-rood-leer,,,,,,,,,,,,,,,,,,,https://www.fightpro.nl/wp-content/uploads/2025/09/Joya-scheenbeschermer-strike-rood-1.jpg,2,,,,,
joya-strike-scheenbeschermers-rood-leer,,,,,,,,,,,,,,,,,,,https://www.fightpro.nl/wp-content/uploads/2025/09/Joya-scheenbeschermer-strike-rood-2.jpg,3,,,,,
joya-strike-scheenbeschermers-rood-leer,,,,,,,,,,,,,,,,,,,https://www.fightpro.nl/wp-content/uploads/2025/09/Joya-scheenbeschermer-strike-rood-3.jpg,4,,,,,
joya-strike-scheenbeschermers-rood-leer,,,,,,,,,,,,,,,,,,,https://www.fightpro.nl/wp-content/uploads/2025/09/Joya-scheenbeschermer-strike-rood-4.jpg,5,,,,,
danger-scheenbeschermer-evolution-wit,Danger scheenbeschermer Evolution Wit,"<h3 data-start=""77"" data-end=""123"">Danger Super Evolution Scheenbeschermers</h3>
<ul data-start=""124"" data-end=""321"">
<li data-start=""124"" data-end=""181"">
<p data-start=""126"" data-end=""181"">Gemaakt van sterk kunstleer – duurzaam en comfortabel</p>
</li>
<li data-start=""182"" data-end=""235"">
<p data-start=""184"" data-end=""235"">Stevige klittenbandsluiting voor perfecte pasvorm</p>
</li>
<li data-start=""236"" data-end=""282"">
<p data-start=""238"" data-end=""282"">Geschikt voor kickboksen, thaiboksen &amp; MMA</p>
</li>
<li data-start=""283"" data-end=""321"">
<p data-start=""285"" data-end=""321"">Voor beginners én ervaren vechters</p>
</li>
</ul>
<p data-start=""323"" data-end=""379""><strong data-start=""323"" data-end=""333"">Maten:</strong> S (30 cm), M (32 cm), L (34 cm), XL (37 cm)</p>",King,Scheenbeschermers,"Bescherming, Scheenbeschermers, King",TRUE,Maat,14 oz,KPB/BGVL 3 BLACK-1-2-1-1-1-14oz,,shopify,12,deny,manual,92.50,,TRUE,TRUE,https://www.fightpro.nl/wp-content/uploads/2025/09/Danger-scheenbeschermers-evolution-Wit-Zwart2.jpg,1,Danger scheenbeschermer Evolution Wit,FALSE,Danger scheenbeschermer Evolution Wit,Professionele scheenbeschermer van Danger. Handgemaakt in Thailand,active,Bescherming
danger-scheenbeschermer-evolution-wit,,,,,,,,16 oz,KPB/BGVL 3 BLACK-1-2-1-1-1-16oz,,shopify,12,deny,manual,92.50,,TRUE,TRUE,,,,,,,,
danger-scheenbeschermer-evolution-wit,,,,,,,,,,,,,,,,,,,https://www.fightpro.nl/wp-content/uploads/2025/09/Danger-scheenbeschermers-evolution-Wit-Zwart.jpg,2,,,,,
danger-scheenbeschermer-evolution-wit,,,,,,,,,,,,,,,,,,,https://www.fightpro.nl/wp-content/uploads/2025/09/Danger-scheenbeschermers-evolution-Wit-Zwart3.jpg,3,,,,,
danger-scheenbeschermer-evolution-zwart,Danger scheenbeschermer Evolution Zwart,"<h3 data-start=""77"" data-end=""123"">Danger Super Evolution Scheenbeschermers</h3>
<ul data-start=""124"" data-end=""321"">
<li data-start=""124"" data-end=""181"">
<p data-start=""126"" data-end=""181"">Gemaakt van sterk kunstleer – duurzaam en comfortabel</p>
</li>
<li data-start=""182"" data-end=""235"">
<p data-start=""184"" data-end=""235"">Stevige klittenbandsluiting voor perfecte pasvorm</p>
</li>
<li data-start=""236"" data-end=""282"">
<p data-start=""238"" data-end=""282"">Geschikt voor kickboksen, thaiboksen &amp; MMA</p>
</li>
<li data-start=""283"" data-end=""321"">
<p data-start=""285"" data-end=""321"">Voor beginners én ervaren vechters</p>
</li>
</ul>
<p data-start=""323"" data-end=""379""><strong data-start=""323"" data-end=""333"">Maten:</strong> S (30 cm), M (32 cm), L (34 cm), XL (37 cm)</p>",King,Scheenbeschermers,"Bescherming, Scheenbeschermers, King",TRUE,Maat,14 oz,KPB/BGVL 3 BLACK-1-2-1-1-14oz,,shopify,12,deny,manual,92.50,,TRUE,TRUE,https://www.fightpro.nl/wp-content/uploads/2025/09/Danger-scheenbeschermers-evolution-Zwart.jpg,1,Danger scheenbeschermer Evolution Zwart,FALSE,Danger scheenbeschermer Evolution Zwart,Professionele scheenbeschermer van Danger. Handgemaakt in Thailand,active,Bescherming
danger-scheenbeschermer-evolution-zwart,,,,,,,,16 oz,KPB/BGVL 3 BLACK-1-2-1-1-16oz,,shopify,12,deny,manual,92.50,,TRUE,TRUE,,,,,,,,
danger-scheenbeschermer-evolution-zwart,,,,,,,,,,,,,,,,,,,https://www.fightpro.nl/wp-content/uploads/2025/09/Danger-scheenbeschermers-evolution-Zwart2.jpg,2,,,,,
danger-scheenbeschermer-evolution-zwart,,,,,,,,,,,,,,,,,,,https://www.fightpro.nl/wp-content/uploads/2025/09/Danger-scheenbeschermers-evolution-Zwart3.jpg,3,,,,,
danger-kickbokshandschoenen-rocket-zwart,Danger (kick)bokshandschoenen Rocket Zwart,"<p>Top handschoenen van Danger, super kwaliteit uit Thailand</p>
<p>Danger (kick)bokshandschoenen Rocket Zwart</p>",Danger,Kickbokshandschoenen leer,"Danger, Kickbokshandschoenen leer, Handschoenen",TRUE,Maat,14 oz,KPB/BGVL 3 BLACK-1-2-1-14oz,,shopify,12,deny,manual,134.95,,TRUE,TRUE,https://www.fightpro.nl/wp-content/uploads/2025/09/Danger-bokshandschoenen-Rocket-Zwart1.jpg,1,Danger (kick)bokshandschoenen Rocket Zwart,FALSE,Danger (kick)bokshandschoenen Rocket Zwart,Professionele handschoenen. Handgemaakt in Thailand,active,Handschoenen
danger-kickbokshandschoenen-rocket-zwart,,,,,,,,16 oz,KPB/BGVL 3 BLACK-1-2-1-16oz,,shopify,12,deny,manual,134.95,,TRUE,TRUE,,,,,,,,
danger-kickbokshandschoenen-rocket-zwart,,,,,,,,,,,,,,,,,,,https://www.fightpro.nl/wp-content/uploads/2025/09/Danger-bokshandschoenen-Rocket-Zwart.jpg,2,,,,,
danger-kickbokshandschoenen-rocket-zwart,,,,,,,,,,,,,,,,,,,https://www.fightpro.nl/wp-content/uploads/2025/09/Danger-bokshandschoenen-Rocket-Zwart2.jpg,3,,,,,
danger-kickbokshandschoenen-rocket-wit-zwart-16-oz,Danger (kick)bokshandschoenen Rocket Wit/Zwart 16 oz,"<p>Top handschoenen van Danger, super kwaliteit uit Thailand</p>
<p>Danger (kick)bokshandschoenen Rocket Wit/Zwart</p>",Danger,Kickbokshandschoenen leer,"Danger, Kickbokshandschoenen leer, Handschoenen",TRUE,Maat,14 oz,KPB/BGVL 3 BLACK-1-2-14oz,,shopify,12,deny,manual,134.95,,TRUE,TRUE,https://www.fightpro.nl/wp-content/uploads/2025/09/Danger-bokshandschoenen-Rocket-Wit-Zwart.jpg,1,Danger (kick)bokshandschoenen Rocket Wit/Zwart 16 oz,FALSE,Danger (kick)bokshandschoenen Rocket Wit/Zwart 16 oz,Professionele handschoenen. Handgemaakt in Thailand,active,Handschoenen
danger-kickbokshandschoenen-rocket-wit-zwart-16-oz,,,,,,,,16 oz,KPB/BGVL 3 BLACK-1-2-16oz,,shopify,12,deny,manual,134.95,,TRUE,TRUE,,,,,,,,
danger-kickbokshandschoenen-rocket-wit-zwart-16-oz,,,,,,,,,,,,,,,,,,,https://www.fightpro.nl/wp-content/uploads/2025/09/Danger-bokshandschoenen-Rocket-Wit-Zwart2.jpg,2,,,,,
danger-kickbokshandschoenen-rocket-wit-zwart-16-oz,,,,,,,,,,,,,,,,,,,https://www.fightpro.nl/wp-content/uploads/2025/09/Danger-bokshandschoenen-Rocket-Wit-Zwart3.jpg,3,,,,,
joya-strike-kickbokshandschoenen-rood-leer,Joya Strike kickbokshandschoenen – Rood leer,<p>Joya Strike kickbokshandschoenen &#8211; rood leer</p>,Joya,Kickbokshandschoenen leer,"Joya, Kickbokshandschoenen leer, Handschoenen",TRUE,Maat,10 oz,JG-BG-STRIKE-Red-10oz,,shopify,12,deny,manual,129.95,,TRUE,TRUE,https://www.fightpro.nl/wp-content/uploads/2025/09/Joya-Bokshandschoenen-strike-rood.jpg,1,Joya Strike kickbokshandschoenen – Rood leer,FALSE,Joya Strike kickbokshandschoenen – Rood leer,Joya Strike kickbokshandschoenen – Rood leer,active,Handschoenen
joya-strike-kickbokshandschoenen-rood-leer,,,,,,,,12 oz,JG-BG-STRIKE-Red-12oz,,shopify,12,deny,manual,129.95,,TRUE,TRUE,,,,,,,,
joya-strike-kickbokshandschoenen-rood-leer,,,,,,,,14 oz,JG-BG-STRIKE-Red-14oz,,shopify,12,deny,manual,129.95,,TRUE,TRUE,,,,,,,,
joya-strike-kickbokshandschoenen-rood-leer,,,,,,,,16 oz,JG-BG-STRIKE-Red-16oz,,shopify,12,deny,manual,129.95,,TRUE,TRUE,,,,,,,,
joya-strike-kickbokshandschoenen-rood-leer,,,,,,,,,,,,,,,,,,,https://www.fightpro.nl/wp-content/uploads/2025/09/Joya-Bokshandschoenen-strike-rood1.jpg,2,,,,,
joya-strike-kickbokshandschoenen-rood-leer,,,,,,,,,,,,,,,,,,,https://www.fightpro.nl/wp-content/uploads/2025/09/Joya-Bokshandschoenen-strike-rood2.jpg,3,,,,,
joya-strike-kickbokshandschoenen-rood-leer,,,,,,,,,,,,,,,,,,,https://www.fightpro.nl/wp-content/uploads/2025/09/Joya-Bokshandschoenen-strike-rood3.jpg,4,,,,,
joya-strike-kickbokshandschoenen-rood-leer,,,,,,,,,,,,,,,,,,,https://www.fightpro.nl/wp-content/uploads/2025/09/Joya-Bokshandschoenen-strike-rood4.jpg,5,,,,,
joya-strike-kickbokshandschoenen-blauw-leer,Joya Strike kickbokshandschoenen – Blauw leer,<p>Joya Strike kickbokshandschoenen &#8211; Blauw leer</p>,Joya,Kickbokshandschoenen leer,"Joya, Kickbokshandschoenen leer, Handschoenen",TRUE,Maat,10 oz,JG-BG-STRIKE-BL-10oz,,shopify,12,deny,manual,129.95,,TRUE,TRUE,https://www.fightpro.nl/wp-content/uploads/2025/09/Joya-Bokshandschoenen-strike-blauw.jpg,1,Joya Strike kickbokshandschoenen – Blauw leer,FALSE,Joya Strike kickbokshandschoenen – Blauw leer,Joya Strike kickbokshandschoenen – Blauw leer,active,Handschoenen
joya-strike-kickbokshandschoenen-blauw-leer,,,,,,,,12 oz,JG-BG-STRIKE-BL-12oz,,shopify,12,deny,manual,129.95,,TRUE,TRUE,,,,,,,,
joya-strike-kickbokshandschoenen-blauw-leer,,,,,,,,14 oz,JG-BG-STRIKE-BL-14oz,,shopify,12,deny,manual,129.95,,TRUE,TRUE,,,,,,,,
joya-strike-kickbokshandschoenen-blauw-leer,,,,,,,,16 oz,JG-BG-STRIKE-BL-16oz,,shopify,12,deny,manual,129.95,,TRUE,TRUE,,,,,,,,
joya-strike-kickbokshandschoenen-blauw-leer,,,,,,,,,,,,,,,,,,,https://www.fightpro.nl/wp-content/uploads/2025/09/Joya-Bokshandschoenen-strike-blauw2.jpg,2,,,,,
joya-strike-kickbokshandschoenen-blauw-leer,,,,,,,,,,,,,,,,,,,https://www.fightpro.nl/wp-content/uploads/2025/09/Joya-Bokshandschoenen-strike-blauw3.jpg,3,,,,,
joya-strike-kickbokshandschoenen-blauw-leer,,,,,,,,,,,,,,,,,,,https://www.fightpro.nl/wp-content/uploads/2025/09/Joya-Bokshandschoenen-strike-blauw4.jpg,4,,,,,
joya-strike-kickbokshandschoenen-blauw-leer,,,,,,,,,,,,,,,,,,,https://www.fightpro.nl/wp-content/uploads/2025/09/Joya-Bokshandschoenen-strike-blauw5.jpg,5,,,,,
joyagear-x-enfusion-junior-bokshandschoenen-zwart-goud,"Joyagear X Enfusion Junior Bokshandschoenen Zwart/Goud, Rood, Groen Blauw",<p>Joyagear X Enfusion Junior Bokshandschoenen Zwart/Goud 4-6-8 Oz.</p>,Joya,Kids,"Kids, Joya",TRUE,Maat,10 oz,JGxENF-BGJR-BK-GD-10oz,,shopify,12,deny,manual,49.95,,TRUE,TRUE,https://www.fightpro.nl/wp-content/uploads/2025/09/enfusion-joya-glove.jpg,1,"Joyagear X Enfusion Junior Bokshandschoenen Zwart/Goud, Rood, Groen Blauw",FALSE,"Joyagear X Enfusion Junior Bokshandschoenen Zwart/Goud, Rood, Groen Blauw",Joyagear X Enfusion Junior Bokshandschoenen Zwart/Goud,active,Kids
joyagear-x-enfusion-junior-bokshandschoenen-zwart-goud,,,,,,,,12 oz,JGxENF-BGJR-BK-GD-12oz,,shopify,12,deny,manual,49.95,,TRUE,TRUE,,,,,,,,
joyagear-x-enfusion-junior-bokshandschoenen-zwart-goud,,,,,,,,14 oz,JGxENF-BGJR-BK-GD-14oz,,shopify,12,deny,manual,49.95,,TRUE,TRUE,,,,,,,,
joyagear-x-enfusion-junior-bokshandschoenen-zwart-goud,,,,,,,,16 oz,JGxENF-BGJR-BK-GD-16oz,,shopify,12,deny,manual,49.95,,TRUE,TRUE,,,,,,,,
joyagear-x-enfusion-junior-bokshandschoenen-zwart-goud,,,,,,,,,,,,,,,,,,,https://www.fightpro.nl/wp-content/uploads/2025/09/Joyagear-X-Enfusion-Junior-Bokshandschoenen-Zwart-Goud2.jpg,2,,,,,
joyagear-x-enfusion-junior-bokshandschoenen-zwart-goud,,,,,,,,,,,,,,,,,,,https://www.fightpro.nl/wp-content/uploads/2025/09/Joyagear-X-Enfusion-Junior-Bokshandschoenen-Zwart-Goud3.jpg,3,,,,,
joyagear-x-enfusion-junior-bokshandschoenen-zwart-goud,,,,,,,,,,,,,,,,,,,https://www.fightpro.nl/wp-content/uploads/2025/09/Joyagear-X-Enfusion-Junior-Bokshandschoenen-Zwart-Goud4.jpg,4,,,,,
joyagear-x-enfusion-junior-bokshandschoenen-zwart-goud,,,,,,,,,,,,,,,,,,,https://www.fightpro.nl/wp-content/uploads/2025/09/Joyagear-X-Enfusion-Junior-Bokshandschoenen-Zwart-Goud-1.jpg,5,,,,,
joya-essential-kickboks-bokshandschoenen-wit-goud,JOYA ESSENTIAL KICKBOKS BOKSHANDSCHOENEN – WIT-Goud,<p>JOYA ESSENTIAL KICKBOKS BOKSHANDSCHOENEN &#8211; WIT-Goud</p>,Joya,Kickbokshandschoenen Kunststof,"Kickbokshandschoenen Kunststof, Joya, Handschoenen",TRUE,Maat,10 oz,ESSENTIAL-BG-BK-BK-1-10oz,,shopify,12,deny,manual,54.95,,TRUE,TRUE,https://www.fightpro.nl/wp-content/uploads/2025/09/Joya-Bokshandschoenen-Essential-wit.jpg,1,JOYA ESSENTIAL KICKBOKS BOKSHANDSCHOENEN – WIT-Goud,FALSE,JOYA ESSENTIAL KICKBOKS BOKSHANDSCHOENEN – WIT-Goud,JOYA ESSENTIAL KICKBOKS BOKSHANDSCHOENEN – ZWART,active,Handschoenen
joya-essential-kickboks-bokshandschoenen-wit-goud,,,,,,,,12 oz,ESSENTIAL-BG-BK-BK-1-12oz,,shopify,12,deny,manual,54.95,,TRUE,TRUE,,,,,,,,
joya-essential-kickboks-bokshandschoenen-wit-goud,,,,,,,,14 oz,ESSENTIAL-BG-BK-BK-1-14oz,,shopify,12,deny,manual,54.95,,TRUE,TRUE,,,,,,,,
joya-essential-kickboks-bokshandschoenen-wit-goud,,,,,,,,16 oz,ESSENTIAL-BG-BK-BK-1-16oz,,shopify,12,deny,manual,54.95,,TRUE,TRUE,,,,,,,,
joya-essential-kickboks-bokshandschoenen-wit-goud,,,,,,,,,,,,,,,,,,,https://www.fightpro.nl/wp-content/uploads/2025/09/Joya-Bokshandschoenen-Essential-wit2.jpg,2,,,,,
joya-essential-kickboks-bokshandschoenen-wit-goud,,,,,,,,,,,,,,,,,,,https://www.fightpro.nl/wp-content/uploads/2025/09/Joya-Bokshandschoenen-Essential-wit3.jpg,3,,,,,
fightpro-scheenbeschermers-entry-zwart-pu,Fightpro Scheenbeschermers Entry  Zwart PU,<p>Fightpro Scheenbeschermers Entry Zwart PU</p>,Fightpro,Scheenbeschermers,"Fightpro, Scheenbeschermers, Bescherming",TRUE,Maat,L,082200-1-L,,shopify,12,deny,manual,39.95,,TRUE,TRUE,https://www.fightpro.nl/wp-content/uploads/2025/05/fightpro-Schienbeinschutz-Entry-PU.jpg,1,Fightpro Scheenbeschermers Entry  Zwart PU,FALSE,Fightpro Scheenbeschermers Entry  Zwart PU,Fightpro Scheenbeschermers Entry Zwart PU,active,Bescherming
fightpro-scheenbeschermers-entry-zwart-pu,,,,,,,,M,082200-1-M,,shopify,12,deny,manual,39.95,,TRUE,TRUE,,,,,,,,
fightpro-scheenbeschermers-entry-zwart-pu,,,,,,,,S,082200-1-S,,shopify,12,deny,manual,39.95,,TRUE,TRUE,,,,,,,,
fightpro-scheenbeschermers-entry-zwart-pu,,,,,,,,,,,,,,,,,,,https://www.fightpro.nl/wp-content/uploads/2025/05/fightpro-Schienbeinschutz-Entry-PU-2.jpg,2,,,,,
fightpro-scheenbeschermers-entry-zwart-pu,,,,,,,,,,,,,,,,,,,https://www.fightpro.nl/wp-content/uploads/2025/05/fightpro-Schienbeinschutz-Entry-PU-3.jpg,3,,,,,
fight-pro-headguard-hoofdbeschermer-zwart-leer,Fight Pro headguard  hoofdbeschermer- zwart leer,"<div class=""product-name"">
<p class="""" data-start=""486"" data-end=""851""><strong data-start=""486"" data-end=""533"">Blijf scherp. Blijf veilig. Blijf stijlvol.</strong><br data-start=""533"" data-end=""536"" />De <em data-start=""539"" data-end=""562"">Fight Pro Black Guard</em> is een hoogwaardige leren bokshelm voor vechters die geen concessies doen aan bescherming of uitstraling. Handgemaakt van stevig rundleer en afgewerkt in diepzwart, biedt deze hoofdbescherming maximale veiligheid tijdens sparringsessies – zonder je zicht of bewegingsvrijheid te beperken.</p>
<p class="""" data-start=""853"" data-end=""1019"">✔ Echt leer – duurzaam en ademend<br data-start=""886"" data-end=""889"" />✔ Verstelbare pasvorm voor perfecte aansluiting<br data-start=""936"" data-end=""939"" />✔ Extra padding rondom slapen en kin<br data-start=""975"" data-end=""978"" />✔ Geschikt voor boksen, kickboksen en MMA</p>
<p class="""" data-start=""1021"" data-end=""1172""><strong data-start=""1021"" data-end=""1077"">Train als een pro. Bescherm jezelf als een kampioen.</strong><br data-start=""1077"" data-end=""1080"" />Of je nu beginner bent of ervaren vechter, deze helm is jouw betrouwbare partner in de ring.</p>
</div>",Fightpro,Hoofdbeschermers,"Fightpro, Hoofdbeschermers, Bescherming",TRUE,Maat,L,JFG-FF-HG-BK/GY-1-L,,shopify,12,deny,manual,99.95,,TRUE,TRUE,https://www.fightpro.nl/wp-content/uploads/2025/05/fightpro-kopfschutz-leder-schwarz.jpg,1,Fight Pro headguard  hoofdbeschermer- zwart leer,FALSE,Fight Pro headguard  hoofdbeschermer- zwart leer,Fight Pro headGuard HOOFDBESCHERMER – ZWART gemaakt van top leer / helm voor boksen en kickboksen en andere vechtsporten,active,Bescherming
fight-pro-headguard-hoofdbeschermer-zwart-leer,,,,,,,,M,JFG-FF-HG-BK/GY-1-M,,shopify,12,deny,manual,99.95,,TRUE,TRUE,,,,,,,,
fight-pro-headguard-hoofdbeschermer-zwart-leer,,,,,,,,S,JFG-FF-HG-BK/GY-1-S,,shopify,12,deny,manual,99.95,,TRUE,TRUE,,,,,,,,
fight-pro-headguard-hoofdbeschermer-zwart-leer,,,,,,,,XL,JFG-FF-HG-BK/GY-1-XL,,shopify,12,deny,manual,99.95,,TRUE,TRUE,,,,,,,,
fight-pro-headguard-hoofdbeschermer-zwart-leer,,,,,,,,XS,JFG-FF-HG-BK/GY-1-XS,,shopify,12,deny,manual,99.95,,TRUE,TRUE,,,,,,,,
fight-pro-headguard-hoofdbeschermer-zwart-leer,,,,,,,,XXS,JFG-FF-HG-BK/GY-1-XXS,,shopify,12,deny,manual,99.95,,TRUE,TRUE,,,,,,,,
fight-pro-headguard-hoofdbeschermer-zwart-leer,,,,,,,,,,,,,,,,,,,https://www.fightpro.nl/wp-content/uploads/2025/05/fightpro-kopfschutz-leder-schwarz-2.jpg,2,,,,,
fight-pro-headguard-hoofdbeschermer-zwart-leer,,,,,,,,,,,,,,,,,,,https://www.fightpro.nl/wp-content/uploads/2025/05/fightpro-kopfschutz-leder-schwarz-3.jpg,3,,,,,
fightpro-kickbokshandschoenen-shadow-leer,Fightpro kickbokshandschoenen SHADOW leer,"<div class=""short-description"">
<div class=""std"">Fightpro kickbokshandschoenen SHADOW leer black-on-black look.</div>
<div></div>
<div class=""std"">Voor de beginner, maar ook voor de GEVORDERDE kickboksers. Fightpro-kickbokshandschoenen! De &#8220;Fightpro SHADOW&#8221;  bokshandschoen van hoogwaardig leer is bedoeld voor de serieuze bokser/kickbokser. De bokshandschoen is voorzien van een zeer goede terugtrekkende klittenbandsluiting die de pols erg goed beschermt.<br />
Echt leer en fijne pasvorm</div>
</div>",Fightpro,Kickbokshandschoenen leer,"Fightpro, Kickbokshandschoenen leer, Handschoenen, Bestseller",TRUE,Maat,10 oz,Fightpro-LU-HS-1-1-10oz,,shopify,12,deny,manual,69.95,,TRUE,TRUE,https://www.fightpro.nl/wp-content/uploads/2025/04/FIGHTPRO-boxhandschuhe-shadow-Leder.jpg,1,Fightpro kickbokshandschoenen SHADOW leer,FALSE,Fightpro kickbokshandschoenen SHADOW leer,De “Fightpro de Luxe” black-on-black bokshandschoen staat bekend om de goede polsbescherming en zit erg aangenaam.,active,Handschoenen
fightpro-kickbokshandschoenen-shadow-leer,,,,,,,,12 oz,Fightpro-LU-HS-1-1-12oz,,shopify,12,deny,manual,69.95,,TRUE,TRUE,,,,,,,,
fightpro-kickbokshandschoenen-shadow-leer,,,,,,,,14 oz,Fightpro-LU-HS-1-1-14oz,,shopify,12,deny,manual,69.95,,TRUE,TRUE,,,,,,,,
fightpro-kickbokshandschoenen-shadow-leer,,,,,,,,16 oz,Fightpro-LU-HS-1-1-16oz,,shopify,12,deny,manual,69.95,,TRUE,TRUE,,,,,,,,
fightpro-kickbokshandschoenen-shadow-leer,,,,,,,,4 oz,Fightpro-LU-HS-1-1-4oz,,shopify,12,deny,manual,69.95,,TRUE,TRUE,,,,,,,,
fightpro-kickbokshandschoenen-shadow-leer,,,,,,,,6 oz,Fightpro-LU-HS-1-1-6oz,,shopify,12,deny,manual,69.95,,TRUE,TRUE,,,,,,,,
fightpro-kickbokshandschoenen-shadow-leer,,,,,,,,8 oz,Fightpro-LU-HS-1-1-8oz,,shopify,12,deny,manual,69.95,,TRUE,TRUE,,,,,,,,
fightpro-kickbokshandschoenen-shadow-leer,,,,,,,,,,,,,,,,,,,https://www.fightpro.nl/wp-content/uploads/2025/04/FIGHTPRO-boxhandschuhe-shadow-Leder-2.jpg,2,,,,,
fightpro-kickbokshandschoenen-shadow-leer,,,,,,,,,,,,,,,,,,,https://www.fightpro.nl/wp-content/uploads/2025/04/FIGHTPRO-boxhandschuhe-shadow-Leder-3.jpg,3,,,,,
kruisbeschermer-tok-fightpro-heren,Kruisbeschermer Tok Fightpro heren,<p>Kruisbeschermer Fightpro heren</p>,Fightpro,Kruis bescherming,"Fightpro, Kruis bescherming, Bescherming",TRUE,Title,Default Title,,,shopify,12,deny,manual,14.95,,TRUE,TRUE,https://www.fightpro.nl/wp-content/uploads/2025/03/kruisbeschermer-tok-fightpro1.jpg,1,Kruisbeschermer Tok Fightpro heren,FALSE,Kruisbeschermer Tok Fightpro heren,,active,Bescherming
kruisbeschermer-tok-fightpro-heren,,,,,,,,,,,,,,,,,,,https://www.fightpro.nl/wp-content/uploads/2025/03/kruisbeschermer-tok-fightpro.jpg,2,,,,,
fairtex-kpls2-superior-thai-pads,FAIRTEX KPLS2 “Superior” Thai Pads,"<p><strong>FAIRTEX KPLS2 &#8220;Superior&#8221; Thai Pads – Gebogen Ontwerp</strong></p>
<p>De FAIRTEX Superior pads zijn speciaal ontworpen voor professionals met de hoogste eisen. Deze heavy-duty pads zijn ideaal voor intensieve en langdurige trainingen.</p>
<h3>Belangrijkste eigenschappen:</h3>
<ul>
<li><strong>Ergonomisch ontwerp:</strong> De pads passen perfect om de onderarm, wat zorgt voor optimaal comfort en een natuurlijke grip voor de trainer. Ze zijn licht en goed gebalanceerd, waardoor ze gemakkelijk te hanteren zijn.</li>
<li><strong>Gebogen vorm:</strong> Het licht gebogen ontwerp biedt meer controle en veiligheid tijdens het trainen, waardoor zowel stoten als trappen nauwkeurig kunnen worden opgevangen.</li>
<li><strong>Duurzame materialen:</strong> Gemaakt van 100% premium rundleer, met een vulling van meerlagig speciaal schuim voor uitstekende schokabsorptie.</li>
<li><strong>Handgemaakt in Thailand:</strong> Vakmanschap van topkwaliteit, ontwikkeld door het gerenommeerde merk FAIRTEX.</li>
</ul>
<p>Deze Thai Pads zijn een perfecte keuze voor vechtsporttrainers en atleten die streven naar professionele kwaliteit en optimale prestaties.</p>",Fairtex,trap/stoot kussens,"trap/stoot kussens, Uitrusting, Fairtex",TRUE,Title,Default Title,BPV1-2-1,,shopify,12,deny,manual,275.00,,TRUE,TRUE,https://www.fightpro.nl/wp-content/uploads/2024/11/FAIRTEX-KPLS2-Superior-Thai-Pads.jpg,1,FAIRTEX KPLS2 “Superior” Thai Pads,FALSE,FAIRTEX KPLS2 “Superior” Thai Pads,FAIRTEX KPLS2 “Superior” Thai Pads,active,Uitrusting
fairtex-kpls2-superior-thai-pads,,,,,,,,,,,,,,,,,,,https://www.fightpro.nl/wp-content/uploads/2024/11/FAIRTEX-KPLS2-Superior-Thai-Pads-1.jpg,2,,,,,
fairtex-kpls2-superior-thai-pads,,,,,,,,,,,,,,,,,,,https://www.fightpro.nl/wp-content/uploads/2024/11/FAIRTEX-KPLS2-Superior-Thai-Pads-2.jpg,3,,,,,
fairtex-kpls2-superior-thai-pads,,,,,,,,,,,,,,,,,,,https://www.fightpro.nl/wp-content/uploads/2024/11/FAIRTEX-KPLS2-Superior-Thai-Pads-3.jpg,4,,,,,
px-legacy-thai-shorts-mesh-black,"PX Legacy Thai Shorts , Mesh, black","<div class=""short-description"">
<div class=""std"">PX Legacy Thai Shorts , Mesh, black</div>
<div class=""std""></div>
</div>",PX,Broekjes,"Kleding, Broekjes, PX, Bestseller",TRUE,Title,Default Title,Fightpro-PU-HS-2-1-1,,shopify,12,deny,manual,39.95,,TRUE,TRUE,https://www.fightpro.nl/wp-content/uploads/2024/11/PX-Legacy-Thai-Shorts-Mesh-black.jpg,1,"PX Legacy Thai Shorts , Mesh, black",FALSE,"PX Legacy Thai Shorts , Mesh, black","PX Legacy Thai Shorts , Mesh, black",active,Kleding
px-legacy-thai-shorts-mesh-black,,,,,,,,,,,,,,,,,,,https://www.fightpro.nl/wp-content/uploads/2024/11/PX-Legacy-Thai-Shorts-Mesh-black-1.jpg,2,,,,,
px-legacy-thai-shorts-mesh-black,,,,,,,,,,,,,,,,,,,https://www.fightpro.nl/wp-content/uploads/2024/11/PX-Legacy-Thai-Shorts-Mesh-black-2.jpg,3,,,,,
twins-kpl-12-kicking-arm-pads,Twins-KPL-12 Kicking arm Pads,"<p>Twins-KPL-12 Kicking arm Pads<br />
L = 20 x 41 x 8 cm</p>
<p>Twins-KPL-12 Kicking arm Pads</p>
<p>De <strong>Twins KPL-12 Kicking Pads</strong> zijn een absolute must-have voor vechtsporttrainers en atleten die gericht willen werken aan traptechnieken. Deze kicking pads staan bekend om hun uitstekende kwaliteit en duurzaamheid, zoals je mag verwachten van het gerenommeerde merk Twins.</p>
<h3>Belangrijkste kenmerken:</h3>
<ul>
<li><strong>Hoogwaardig vakmanschap:</strong> Handgemaakt in Thailand, met gebruik van premiumkwaliteit leer voor maximale duurzaamheid.</li>
<li><strong>Optimale bescherming:</strong> De dikke, schokabsorberende vulling zorgt voor ultieme bescherming van de trainer tijdens intensieve sessies.</li>
<li><strong>Ergonomisch ontwerp:</strong> De pads zijn ontworpen met een licht gebogen vorm, waardoor zowel trappen als stoten met precisie kunnen worden opgevangen.</li>
<li><strong>Veilige en verstelbare pasvorm:</strong> Voorzien van stevige klittenbandsluitingen en handgrepen voor een comfortabele en veilige grip.</li>
<li><strong>Ideaal voor intensief gebruik:</strong> Perfect voor professionele vechtsporters en sportscholen die werken met hoge intensiteit.</li>
</ul>
<p>Met de Twins KPL-12 Kicking Pads kun je snelheid, kracht en techniek verbeteren, terwijl je als trainer verzekerd bent van comfort en bescherming. Een investering in kwaliteit die jarenlang meegaat!</p>",Twins,trap/stoot kussens,"Twins, trap/stoot kussens, Uitrusting",TRUE,Title,Default Title,BPV2-1-1-1,,shopify,12,deny,manual,275.00,,TRUE,TRUE,https://www.fightpro.nl/wp-content/uploads/2024/11/Twins-KPL-12-Deluxe-Kicking-arm-Pads.jpg,1,Twins-KPL-12 Kicking arm Pads,FALSE,Twins-KPL-12 Kicking arm Pads,"Twins-KPL-12 Kicking arm Pads, voor de coach die voor kwaliteit gaat.",active,Uitrusting
px-body-thighs-armour,PX BODY & THIGHS ARMOUR,<p>PX BODY &amp; THIGHS ARMOUR. Zeer geschikt voor PT en kickboks/karate coaches</p>,PX,trap/stoot kussens,"PX, trap/stoot kussens, Uitrusting",TRUE,Title,Default Title,,,shopify,12,deny,manual,199.95,,TRUE,TRUE,https://www.fightpro.nl/wp-content/uploads/2024/11/PX-KICKBOX-BODY-THIGHS-ARMOUR-PROTECTION.jpg,1,PX BODY & THIGHS ARMOUR,FALSE,PX BODY & THIGHS ARMOUR,PX BODY & THIGHS ARMOUR,active,Uitrusting
px-body-thighs-armour,,,,,,,,,,,,,,,,,,,https://www.fightpro.nl/wp-content/uploads/2024/11/PX-KICKBOX-BODY-THIGHS-ARMOUR-PROTECTION-1.jpg,2,,,,,
venum-silent-power-cotton-shorts-black,Venum Silent Power Cotton Shorts black,"<p>Venum Silent Power Cotton Shorts black, lekker voor fitness of vakantie</p>
<p>De Silent Power-collectie van Venum combineert moeiteloze stijl met subtiele Venum-details en neutrale kleuren.<br />
De Silent Power-shorts in zwart zijn voorzien van open steekzakken en een achterzak met een logodetail. De tailleband met trekkoord zorgt voor een veilige en comfortabele pasvorm.</p>
<ul>
<li>Open steekzakken en een achterzak</li>
<li>Geborduurd logo</li>
<li>Machinewas op 30°C</li>
<li>Niet in de droger plaatsen</li>
</ul>",Venum,Broekjes,"Venum, Broekjes, Kleding",TRUE,Maat,M,V05018-001-M,,shopify,12,deny,manual,45.95,,TRUE,TRUE,https://www.fightpro.nl/wp-content/uploads/2024/11/Venum-Silent-Power-Cotton-Shorts-black-1.jpg,1,Venum Silent Power Cotton Shorts black,FALSE,Venum Silent Power Cotton Shorts black,,active,Kleding
venum-silent-power-cotton-shorts-black,,,,,,,,L,V05018-001-L,,shopify,12,deny,manual,45.95,,TRUE,TRUE,,,,,,,,
venum-silent-power-cotton-shorts-black,,,,,,,,XL,V05018-001-XL,,shopify,12,deny,manual,45.95,,TRUE,TRUE,,,,,,,,
venum-silent-power-cotton-shorts-black,,,,,,,,XXL,V05018-001-XXL,,shopify,12,deny,manual,45.95,,TRUE,TRUE,,,,,,,,
venum-silent-power-cotton-shorts-black,,,,,,,,,,,,,,,,,,,https://www.fightpro.nl/wp-content/uploads/2024/11/Venum-Silent-Power-Cotton-Shorts-black-2.jpg,2,,,,,
venum-silent-power-cotton-shorts-black,,,,,,,,,,,,,,,,,,,https://www.fightpro.nl/wp-content/uploads/2024/11/Venum-Silent-Power-Cotton-Shorts-black-3.jpg,3,,,,,
fairtex-leg-protection-tp3-thigh-pads-black,Fairtex leg-protection TP3 Thigh-Pads black,"<p>Fairtex leg-protection TP3 Thigh-Pads black</p>
<ul>
<li>Ontworpen om de snelheid, timing en nauwkeurigheid van traptechnieken te verbeteren.</li>
<li>Voorzien van tailleband met clips en veter voor een strakke pasvorm en extra ondersteuning.</li>
<li>Inclusief vier witte doelpunten voor precisietraining.</li>
<li>Lichtgewicht en duurzaam.</li>
<li>Geschikt voor intensief gebruik.</li>
</ul>",Fairtex,trap/stoot kussens,"trap/stoot kussens, Uitrusting, Fairtex",TRUE,Title,Default Title,BPV1-2,,shopify,12,deny,manual,219.95,,TRUE,TRUE,https://www.fightpro.nl/wp-content/uploads/2024/11/Fairtex-leg-protection-TP3-Thigh-Pads-black.jpg,1,Fairtex leg-protection TP3 Thigh-Pads black,FALSE,Fairtex leg-protection TP3 Thigh-Pads black,Fairtex leg-protection TP3 Thigh-Pads black,active,Uitrusting
fairtex-leg-protection-tp3-thigh-pads-black,,,,,,,,,,,,,,,,,,,https://www.fightpro.nl/wp-content/uploads/2024/11/Fairtex-leg-protection-TP3-Thigh-Pads-black-1.jpg,2,,,,,
fairtex-leg-protection-tp3-thigh-pads-black,,,,,,,,,,,,,,,,,,,https://www.fightpro.nl/wp-content/uploads/2024/11/Fairtex-leg-protection-TP3-Thigh-Pads-black-2.jpg,3,,,,,
king-kickboks-scheenbeschermers-kpb-sg-shogun,KING Kickboks scheenbeschermers KPB-SG-Shogun,"<p>KING Kickboks scheenbeschermers KPB-SG-Shogun</p>
<p>Voor de beginnende en de gevorderde kickbokser</p>",King,Scheenbeschermers,"Bescherming, Scheenbeschermers, King",TRUE,Maat,XS,KPB/SGL 7-1-XS,,shopify,12,deny,manual,79.95,,TRUE,TRUE,https://www.fightpro.nl/wp-content/uploads/2024/10/king-scheenbeschermers-KPB-SG-Shogun.jpg,1,KING Kickboks scheenbeschermers KPB-SG-Shogun,FALSE,KING Kickboks scheenbeschermers KPB-SG-Shogun,,active,Bescherming
king-kickboks-scheenbeschermers-kpb-sg-shogun,,,,,,,,S,KPB/SGL 7-1-S,,shopify,12,deny,manual,79.95,,TRUE,TRUE,,,,,,,,
king-kickboks-scheenbeschermers-kpb-sg-shogun,,,,,,,,M,KPB/SGL 7-1-M,,shopify,12,deny,manual,79.95,,TRUE,TRUE,,,,,,,,
king-kickboks-scheenbeschermers-kpb-sg-shogun,,,,,,,,L,KPB/SGL 7-1-L,,shopify,12,deny,manual,79.95,,TRUE,TRUE,,,,,,,,
king-kickboks-scheenbeschermers-kpb-sg-shogun,,,,,,,,XL,KPB/SGL 7-1-XL,,shopify,12,deny,manual,79.95,,TRUE,TRUE,,,,,,,,
king-kickboks-scheenbeschermers-kpb-sg-shogun,,,,,,,,XXL,KPB/SGL 7-1-XXL,,shopify,12,deny,manual,79.95,,TRUE,TRUE,,,,,,,,
king-kickboks-scheenbeschermers-kpb-sg-shogun,,,,,,,,,,,,,,,,,,,https://www.fightpro.nl/wp-content/uploads/2024/10/king-scheenbeschermers-KPB-SG-Shogun-2.jpg,2,,,,,
king-pro-boxing-kickbokshandschoenen-kpb-bg-shogun-zwart-goud,King PRO-BOXING kickbokshandschoenen  KPB/BG SHOGUN zwart/goud,"<p>Top handschoenen van King-Pro, super kwaliteit!</p>
<p>King PRO-BOXING kickbokshandschoenen KPB/BG SHOGUN zwart/goud</p>",King,Kickbokshandschoenen leer,"Handschoenen, Kickbokshandschoenen leer, King",TRUE,Maat,14 oz,KPB/BGVL 3 BLACK-1-1-14oz,,shopify,12,deny,manual,79.95,,TRUE,TRUE,https://www.fightpro.nl/wp-content/uploads/2024/10/king-bokshandschoen-KPB-BG-Shogun.jpg,1,King PRO-BOXING kickbokshandschoenen  KPB/BG SHOGUN zwart/goud,FALSE,King PRO-BOXING kickbokshandschoenen  KPB/BG SHOGUN zwart/goud,Professionele handschoenen. Handgemaakt in Thailand,active,Handschoenen
king-pro-boxing-kickbokshandschoenen-kpb-bg-shogun-zwart-goud,,,,,,,,16 oz,KPB/BGVL 3 BLACK-1-1-16oz,,shopify,12,deny,manual,79.95,,TRUE,TRUE,,,,,,,,
king-pro-boxing-kickbokshandschoenen-kpb-bg-shogun-zwart-goud,,,,,,,,,,,,,,,,,,,https://www.fightpro.nl/wp-content/uploads/2024/10/king-bokshandschoen-KPB-BG-Shogun-1.jpg,2,,,,,
king-pro-boxing-kickbokshandschoenen-kpb-bg-shogun-zwart-goud,,,,,,,,,,,,,,,,,,,https://www.fightpro.nl/wp-content/uploads/2024/10/king-bokshandschoen-KPB-BG-Shogun-2.jpg,3,,,,,
king-pro-boxing-kickbokshandschoenen-kpb-bg-shogun-zwart-goud,,,,,,,,,,,,,,,,,,,https://www.fightpro.nl/wp-content/uploads/2024/10/king-bokshandschoen-KPB-BG-Shogun-3.jpg,4,,,,,
king-pro-boxing-kickbokshandschoenen-kpb-bg-shogun-zwart-goud,,,,,,,,,,,,,,,,,,,https://www.fightpro.nl/wp-content/uploads/2024/10/king-bokshandschoen-KPB-BG-Shogun-4.jpg,5,,,,,
king-pro-boxing-kickbokshandschoenen-kpb-bg-shogun-zwart-goud,,,,,,,,,,,,,,,,,,,https://www.fightpro.nl/wp-content/uploads/2024/10/king-bokshandschoen-KPB-BG-Shogun-6.jpg,6,,,,,
king-pro-boxing-kickbokshandschoenen-kpb-bg-star-12-zwart-zwart,King PRO-BOXING kickbokshandschoenen  KPB/BG STAR 12 zwart/zwart,"<p>Top handschoenen van King-Pro, super kwaliteit!</p>
<p>King PRO-BOXING kickbokshandschoenen KPB/BG STAR 12 zwart/zwart</p>",King,Kickbokshandschoenen leer,"Handschoenen, Kickbokshandschoenen leer, King",TRUE,Maat,14 oz,KPB/BGVL 3 BLACK-1-14oz,,shopify,12,deny,manual,159.95,,TRUE,TRUE,https://www.fightpro.nl/wp-content/uploads/2024/07/King-PRO-BOXING-kickbokshandschoenen-KPB-BG-STAR-12.jpg,1,King PRO-BOXING kickbokshandschoenen  KPB/BG STAR 12 zwart/zwart,FALSE,King PRO-BOXING kickbokshandschoenen  KPB/BG STAR 12 zwart/zwart,Professionele handschoenen. Handgemaakt in Thailand,active,Handschoenen
king-pro-boxing-kickbokshandschoenen-kpb-bg-star-12-zwart-zwart,,,,,,,,16 oz,KPB/BGVL 3 BLACK-1-16oz,,shopify,12,deny,manual,159.95,,TRUE,TRUE,,,,,,,,
king-pro-boxing-kickbokshandschoenen-kpb-bg-star-12-zwart-zwart,,,,,,,,,,,,,,,,,,,https://www.fightpro.nl/wp-content/uploads/2024/07/King-PRO-BOXING-kickbokshandschoenen-KPB-BG-STAR-12-1.jpg,2,,,,,
king-pro-boxing-kickbokshandschoenen-kpb-bg-star-12-zwart-zwart,,,,,,,,,,,,,,,,,,,https://www.fightpro.nl/wp-content/uploads/2024/07/King-PRO-BOXING-kickbokshandschoenen-KPB-BG-STAR-12-2.jpg,3,,,,,
king-pro-boxing-kickbokshandschoenen-kpb-bg-star-12-zwart-zwart,,,,,,,,,,,,,,,,,,,https://www.fightpro.nl/wp-content/uploads/2024/07/King-PRO-BOXING-kickbokshandschoenen-KPB-BG-STAR-12-3.jpg,4,,,,,
safejawz-marvel-mouthguard-bitje,SafeJawz marvel mouthguard bitje,"<p>De nieuwe Marvel-collectie van Safejawz met stoere superhelden gebitsbeschermers, Iron Man, Captain America, Black Panther, Spider Man, Venom.</p>",Hayabusa,Gebitsbeschermer,"Bescherming, Gebitsbeschermer, Hayabusa",TRUE,Title,Default Title,safejaws-mar-1,,shopify,12,deny,manual,19.95,,TRUE,TRUE,https://www.fightpro.nl/wp-content/uploads/2024/06/SafeJawz-marvel-mouthguards-bitje.jpg,1,SafeJawz marvel mouthguard bitje,FALSE,SafeJawz marvel mouthguard bitje,SafeJawz-marvel-mouthguards-bitje,active,Bescherming
safejawz-marvel-mouthguard-bitje,,,,,,,,,,,,,,,,,,,https://www.fightpro.nl/wp-content/uploads/2024/06/SafeJawz-marvel-mouthguards-bitje-black-panther.jpg,2,,,,,
safejawz-marvel-mouthguard-bitje,,,,,,,,,,,,,,,,,,,https://www.fightpro.nl/wp-content/uploads/2024/06/SafeJawz-marvel-mouthguards-bitje-captain-america.jpg,3,,,,,
safejawz-marvel-mouthguard-bitje,,,,,,,,,,,,,,,,,,,https://www.fightpro.nl/wp-content/uploads/2024/06/SafeJawz-marvel-mouthguards-bitje-ironman.jpg,4,,,,,
safejawz-marvel-mouthguard-bitje,,,,,,,,,,,,,,,,,,,https://www.fightpro.nl/wp-content/uploads/2024/06/SafeJawz-marvel-mouthguards-bitje-spiderman.jpg,5,,,,,
safejawz-marvel-mouthguard-bitje,,,,,,,,,,,,,,,,,,,https://www.fightpro.nl/wp-content/uploads/2024/06/SafeJawz-marvel-mouthguards-bitje-venom.jpg,6,,,,,
bitje-mouthguard-wacoku-a-white-blue-adult,Bitje mouthguard WACOKU A+ White / Blue Adult,<p>Bitje mouthguard WACOKU A+ White / Blue Adult</p>,Hayabusa,Gebitsbeschermer,"Bescherming, Gebitsbeschermer, Hayabusa",TRUE,Title,Default Title,100-MS14WB,,shopify,12,deny,manual,14.95,,TRUE,TRUE,https://www.fightpro.nl/wp-content/uploads/2024/06/Wacoku-Mouthguard-A-gel-gum-shield-view.webp,1,Bitje mouthguard WACOKU A+ White / Blue Adult,FALSE,Bitje mouthguard WACOKU A+ White / Blue Adult,WACOKU is al jaren bekend als een van de beste bitjes in de wereld.,active,Bescherming
bitje-mouthguard-wacoku-a-white-blue-adult,,,,,,,,,,,,,,,,,,,https://www.fightpro.nl/wp-content/uploads/2024/06/wacoku-mouthguard-bitje.jpg,2,,,,,
joya-ff-metal-pro-scheenbeschermers-volledig-zwart,JOYA FF METAL PRO SCHEENBESCHERMERS – VOLLEDIG ZWART,<p>JOYA FF METAL PRO SCHEENBESCHERMERS &#8211; VOLLEDIG ZWART</p>,Joya,Scheenbeschermers,"Bescherming, Scheenbeschermers, Joya",TRUE,Maat,L,FF0033-BK-L,,shopify,12,deny,manual,69.95,,TRUE,TRUE,https://www.fightpro.nl/wp-content/uploads/2024/06/JOYA-FF-METAL-PRO-SCHEENBESCHERMERS-VOLLEDIG-ZWART.jpg,1,JOYA FF METAL PRO SCHEENBESCHERMERS – VOLLEDIG ZWART,FALSE,JOYA FF METAL PRO SCHEENBESCHERMERS – VOLLEDIG ZWART,Joya Scheenbeschermer voor de jeugd en volwassen.,active,Bescherming
joya-ff-metal-pro-scheenbeschermers-volledig-zwart,,,,,,,,M,FF0033-BK-M,,shopify,12,deny,manual,69.95,,TRUE,TRUE,,,,,,,,
joya-ff-metal-pro-scheenbeschermers-volledig-zwart,,,,,,,,S,FF0033-BK-S,,shopify,12,deny,manual,69.95,,TRUE,TRUE,,,,,,,,
joya-ff-metal-pro-scheenbeschermers-volledig-zwart,,,,,,,,XL,FF0033-BK-XL,,shopify,12,deny,manual,69.95,,TRUE,TRUE,,,,,,,,
joya-ff-metal-pro-scheenbeschermers-volledig-zwart,,,,,,,,XS,FF0033-BK-XS,,shopify,12,deny,manual,69.95,,TRUE,TRUE,,,,,,,,
joya-ff-metal-pro-scheenbeschermers-volledig-zwart,,,,,,,,XXS,FF0033-BK-XXS,,shopify,12,deny,manual,69.95,,TRUE,TRUE,,,,,,,,
joya-ff-metal-pro-scheenbeschermers-volledig-zwart,,,,,,,,,,,,,,,,,,,https://www.fightpro.nl/wp-content/uploads/2024/06/whatsapp_image_2023-01-07_at_16.28.14_1__1.jpeg,2,,,,,
joya-ff-metal-pro-scheenbeschermers-volledig-zwart,,,,,,,,,,,,,,,,,,,https://www.fightpro.nl/wp-content/uploads/2024/06/whatsapp_image_2023-01-07_at_16.28.14_1.jpeg,3,,,,,
joya-ff-metal-pro-scheenbeschermers-volledig-zwart,,,,,,,,,,,,,,,,,,,https://www.fightpro.nl/wp-content/uploads/2024/06/whatsapp_image_2023-01-07_at_16.28.13_1__1.jpeg,4,,,,,
joya-ff-metal-pro-scheenbeschermers-junior-volledig-zwart,JOYA FF METAL PRO SCHEENBESCHERMERS JUNIOR – VOLLEDIG ZWART,<p>JOYA FF METAL PRO SCHEENBESCHERMERS JUNIOR &#8211; VOLLEDIG ZWART</p>,Joya,Kids,"Kids, Joya",TRUE,Maat,L,FF0032-BK-L,,shopify,12,deny,manual,39.95,,TRUE,TRUE,https://www.fightpro.nl/wp-content/uploads/2024/06/JOYA-FF-METAL-PRO-SCHEENBESCHERMERS-VOLLEDIG-ZWART.jpg,1,JOYA FF METAL PRO SCHEENBESCHERMERS JUNIOR – VOLLEDIG ZWART,FALSE,JOYA FF METAL PRO SCHEENBESCHERMERS JUNIOR – VOLLEDIG ZWART,Joya Scheenbeschermer voor de jeugd en volwassen.,active,Kids
joya-ff-metal-pro-scheenbeschermers-junior-volledig-zwart,,,,,,,,M,FF0032-BK-M,,shopify,12,deny,manual,39.95,,TRUE,TRUE,,,,,,,,
joya-ff-metal-pro-scheenbeschermers-junior-volledig-zwart,,,,,,,,S,FF0032-BK-S,,shopify,12,deny,manual,39.95,,TRUE,TRUE,,,,,,,,
joya-ff-metal-pro-scheenbeschermers-junior-volledig-zwart,,,,,,,,XL,FF0032-BK-XL,,shopify,12,deny,manual,39.95,,TRUE,TRUE,,,,,,,,
joya-ff-metal-pro-scheenbeschermers-junior-volledig-zwart,,,,,,,,XS,FF0032-BK-XS,,shopify,12,deny,manual,39.95,,TRUE,TRUE,,,,,,,,
joya-ff-metal-pro-scheenbeschermers-junior-volledig-zwart,,,,,,,,XXS,FF0032-BK-XXS,,shopify,12,deny,manual,39.95,,TRUE,TRUE,,,,,,,,
joya-ff-metal-pro-scheenbeschermers-junior-volledig-zwart,,,,,,,,,,,,,,,,,,,https://www.fightpro.nl/wp-content/uploads/2024/06/whatsapp_image_2023-01-07_at_16.28.14_1__1.jpeg,2,,,,,
joya-ff-metal-pro-scheenbeschermers-junior-volledig-zwart,,,,,,,,,,,,,,,,,,,https://www.fightpro.nl/wp-content/uploads/2024/06/whatsapp_image_2023-01-07_at_16.28.14_1.jpeg,3,,,,,
joya-ff-metal-pro-scheenbeschermers-junior-volledig-zwart,,,,,,,,,,,,,,,,,,,https://www.fightpro.nl/wp-content/uploads/2024/06/whatsapp_image_2023-01-07_at_16.28.13_1__1.jpeg,4,,,,,
joya-fight-fast-hoofdbeschermer-zwart-grijs,JOYA FIGHT FAST HOOFDBESCHERMER – ZWART/GRIJS,"<div class=""product-name"">
<h1>JOYA FIGHT FAST HOOFDBESCHERMER &#8211; ZWART/GRIJS Leer</h1>
</div>",Joya,Hoofdbeschermers,"Bescherming, Joya, Hoofdbeschermers",TRUE,Maat,L,JFG-FF-HG-BK/GY-L,,shopify,12,deny,manual,69.95,,TRUE,TRUE,https://www.fightpro.nl/wp-content/uploads/2024/06/helm-joya-leer-1.jpg,1,JOYA FIGHT FAST HOOFDBESCHERMER – ZWART/GRIJS,FALSE,JOYA FIGHT FAST HOOFDBESCHERMER – ZWART/GRIJS,hoofdbeschermer / helm voor boksen en kickboksen,active,Bescherming
joya-fight-fast-hoofdbeschermer-zwart-grijs,,,,,,,,M,JFG-FF-HG-BK/GY-M,,shopify,12,deny,manual,69.95,,TRUE,TRUE,,,,,,,,
joya-fight-fast-hoofdbeschermer-zwart-grijs,,,,,,,,S,JFG-FF-HG-BK/GY-S,,shopify,12,deny,manual,69.95,,TRUE,TRUE,,,,,,,,
joya-fight-fast-hoofdbeschermer-zwart-grijs,,,,,,,,XL,JFG-FF-HG-BK/GY-XL,,shopify,12,deny,manual,69.95,,TRUE,TRUE,,,,,,,,
joya-fight-fast-hoofdbeschermer-zwart-grijs,,,,,,,,XS,JFG-FF-HG-BK/GY-XS,,shopify,12,deny,manual,69.95,,TRUE,TRUE,,,,,,,,
joya-fight-fast-hoofdbeschermer-zwart-grijs,,,,,,,,XXS,JFG-FF-HG-BK/GY-XXS,,shopify,12,deny,manual,69.95,,TRUE,TRUE,,,,,,,,
joya-essential-kickboks-bokshandschoenen-zwart,JOYA ESSENTIAL KICKBOKS BOKSHANDSCHOENEN – ZWART,<p>JOYA ESSENTIAL KICKBOKS BOKSHANDSCHOENEN &#8211; ZWART</p>,Joya,Kickbokshandschoenen Kunststof,"Kickbokshandschoenen Kunststof, Joya, Handschoenen",TRUE,Maat,10 oz,ESSENTIAL-BG-BK-BK-10oz,,shopify,12,deny,manual,54.95,,TRUE,TRUE,https://www.fightpro.nl/wp-content/uploads/2024/06/Joya-Bokshandschoenen-Essential-Zwart.jpg,1,JOYA ESSENTIAL KICKBOKS BOKSHANDSCHOENEN – ZWART,FALSE,JOYA ESSENTIAL KICKBOKS BOKSHANDSCHOENEN – ZWART,JOYA ESSENTIAL KICKBOKS BOKSHANDSCHOENEN – ZWART,active,Handschoenen
joya-essential-kickboks-bokshandschoenen-zwart,,,,,,,,12 oz,ESSENTIAL-BG-BK-BK-12oz,,shopify,12,deny,manual,54.95,,TRUE,TRUE,,,,,,,,
joya-essential-kickboks-bokshandschoenen-zwart,,,,,,,,14 oz,ESSENTIAL-BG-BK-BK-14oz,,shopify,12,deny,manual,54.95,,TRUE,TRUE,,,,,,,,
joya-essential-kickboks-bokshandschoenen-zwart,,,,,,,,16 oz,ESSENTIAL-BG-BK-BK-16oz,,shopify,12,deny,manual,54.95,,TRUE,TRUE,,,,,,,,
joya-essential-kickboks-bokshandschoenen-zwart,,,,,,,,,,,,,,,,,,,https://www.fightpro.nl/wp-content/uploads/2024/06/Joya-Bokshandschoenen-Essential-Zwart-2.jpg,2,,,,,
joya-essential-kickboks-bokshandschoenen-zwart-roze,JOYA ESSENTIAL KICKBOKS BOKSHANDSCHOENEN – ZWART ROZE,<p>JOYA ESSENTIAL KICKBOKS BOKSHANDSCHOENEN &#8211; ZWART ROZE</p>,Joya,Kickbokshandschoenen Kunststof,"Kickbokshandschoenen Kunststof, Joya, Handschoenen",TRUE,Maat,10 oz,ESSENTIAL-BG-BK-PK-10oz,,shopify,12,deny,manual,54.95,,TRUE,TRUE,https://www.fightpro.nl/wp-content/uploads/2024/06/Joya-Bokshandschoenen-Essential-Zwart-Roze-2.jpg,1,JOYA ESSENTIAL KICKBOKS BOKSHANDSCHOENEN – ZWART ROZE,FALSE,JOYA ESSENTIAL KICKBOKS BOKSHANDSCHOENEN – ZWART ROZE,JOYA ESSENTIAL KICKBOKS BOKSHANDSCHOENEN – ZWART ROZE,active,Handschoenen
joya-essential-kickboks-bokshandschoenen-zwart-roze,,,,,,,,12 oz,ESSENTIAL-BG-BK-PK-12oz,,shopify,12,deny,manual,54.95,,TRUE,TRUE,,,,,,,,
joya-essential-kickboks-bokshandschoenen-zwart-roze,,,,,,,,14 oz,ESSENTIAL-BG-BK-PK-14oz,,shopify,12,deny,manual,54.95,,TRUE,TRUE,,,,,,,,
joya-essential-kickboks-bokshandschoenen-zwart-roze,,,,,,,,16 oz,ESSENTIAL-BG-BK-PK-16oz,,shopify,12,deny,manual,54.95,,TRUE,TRUE,,,,,,,,
joya-essential-kickboks-bokshandschoenen-zwart-roze,,,,,,,,,,,,,,,,,,,https://www.fightpro.nl/wp-content/uploads/2024/06/Joya-Bokshandschoenen-Essential-Zwart-Roze.jpg,2,,,,,
joya-essential-kickboks-bokshandschoenen-zwart-goud,JOYA ESSENTIAL KICKBOKS BOKSHANDSCHOENEN – ZWART GOUD,<p>JOYA ESSENTIAL KICKBOKS BOKSHANDSCHOENEN &#8211; ZWART GOUD</p>,Joya,Kickbokshandschoenen Kunststof,"Kickbokshandschoenen Kunststof, Joya, Handschoenen",TRUE,Maat,10 oz,ESSENTIAL-BG-BK-GD-10oz,,shopify,12,deny,manual,54.95,,TRUE,TRUE,https://www.fightpro.nl/wp-content/uploads/2024/06/Joya-Bokshandschoenen-Essential-Zwart-GOUD.jpg,1,JOYA ESSENTIAL KICKBOKS BOKSHANDSCHOENEN – ZWART GOUD,FALSE,JOYA ESSENTIAL KICKBOKS BOKSHANDSCHOENEN – ZWART GOUD,JOYA ESSENTIAL KICKBOKS BOKSHANDSCHOENEN – ZWART GOUD,active,Handschoenen
joya-essential-kickboks-bokshandschoenen-zwart-goud,,,,,,,,12 oz,ESSENTIAL-BG-BK-GD-12oz,,shopify,12,deny,manual,54.95,,TRUE,TRUE,,,,,,,,
joya-essential-kickboks-bokshandschoenen-zwart-goud,,,,,,,,14 oz,ESSENTIAL-BG-BK-GD-14oz,,shopify,12,deny,manual,54.95,,TRUE,TRUE,,,,,,,,
joya-essential-kickboks-bokshandschoenen-zwart-goud,,,,,,,,16 oz,ESSENTIAL-BG-BK-GD-16oz,,shopify,12,deny,manual,54.95,,TRUE,TRUE,,,,,,,,
joya-essential-kickboks-bokshandschoenen-zwart-goud,,,,,,,,,,,,,,,,,,,https://www.fightpro.nl/wp-content/uploads/2024/06/Joya-Bokshandschoenen-Essential-Zwart-GOUD-2.jpg,2,,,,,
joya-essential-kickboks-scheenbeschermer-zwart-goud,JOYA ESSENTIAL KICKBOKS SCHEENBESCHERMER- ZWART GOUD,<p>Joya-scheenbeschermers-Essential-Zwart goud</p>,Joya,Kids,"Kids, Joya",TRUE,Maat,L,ESSENTIAL-SG-BK-BK-1-L,,shopify,12,deny,manual,49.95,,TRUE,TRUE,https://www.fightpro.nl/wp-content/uploads/2024/06/Joya-scheenbeschermers-Essential-Zwart-goud.jpg,1,JOYA ESSENTIAL KICKBOKS SCHEENBESCHERMER- ZWART GOUD,FALSE,JOYA ESSENTIAL KICKBOKS SCHEENBESCHERMER- ZWART GOUD,Joya Scheenbeschermer voor de jeugd en volwassen.,active,Kids
joya-essential-kickboks-scheenbeschermer-zwart-goud,,,,,,,,M,ESSENTIAL-SG-BK-BK-1-M,,shopify,12,deny,manual,49.95,,TRUE,TRUE,,,,,,,,
joya-essential-kickboks-scheenbeschermer-zwart-goud,,,,,,,,S,ESSENTIAL-SG-BK-BK-1-S,,shopify,12,deny,manual,49.95,,TRUE,TRUE,,,,,,,,
joya-essential-kickboks-scheenbeschermer-zwart-goud,,,,,,,,XL,ESSENTIAL-SG-BK-BK-1-XL,,shopify,12,deny,manual,49.95,,TRUE,TRUE,,,,,,,,
joya-essential-kickboks-scheenbeschermer-zwart-goud,,,,,,,,XS,ESSENTIAL-SG-BK-BK-1-XS,,shopify,12,deny,manual,49.95,,TRUE,TRUE,,,,,,,,
joya-essential-kickboks-scheenbeschermer-zwart-goud,,,,,,,,XXS,ESSENTIAL-SG-BK-BK-1-XXS,,shopify,12,deny,manual,49.95,,TRUE,TRUE,,,,,,,,
joya-essential-kickboks-scheenbeschermer-zwart-goud,,,,,,,,,,,,,,,,,,,https://www.fightpro.nl/wp-content/uploads/2024/06/Joya-scheenbeschermers-Essential-Zwart-goud-2.jpg,2,,,,,
joya-essential-kickboks-scheenbeschermer-zwart,JOYA ESSENTIAL KICKBOKS SCHEENBESCHERMER- ZWART,<p>Joya-scheenbeschermers-Essential-Zwart</p>,Joya,Kids,"Kids, Joya",TRUE,Maat,L,ESSENTIAL-SG-BK-BK-L,,shopify,12,deny,manual,49.95,,TRUE,TRUE,https://www.fightpro.nl/wp-content/uploads/2024/06/Joya-scheenbeschermers-Essential-Zwart.jpg,1,JOYA ESSENTIAL KICKBOKS SCHEENBESCHERMER- ZWART,FALSE,JOYA ESSENTIAL KICKBOKS SCHEENBESCHERMER- ZWART,Joya Scheenbeschermer voor de jeugd en volwassen.,active,Kids
joya-essential-kickboks-scheenbeschermer-zwart,,,,,,,,M,ESSENTIAL-SG-BK-BK-M,,shopify,12,deny,manual,49.95,,TRUE,TRUE,,,,,,,,
joya-essential-kickboks-scheenbeschermer-zwart,,,,,,,,S,ESSENTIAL-SG-BK-BK-S,,shopify,12,deny,manual,49.95,,TRUE,TRUE,,,,,,,,
joya-essential-kickboks-scheenbeschermer-zwart,,,,,,,,XL,ESSENTIAL-SG-BK-BK-XL,,shopify,12,deny,manual,49.95,,TRUE,TRUE,,,,,,,,
joya-essential-kickboks-scheenbeschermer-zwart,,,,,,,,XS,ESSENTIAL-SG-BK-BK-XS,,shopify,12,deny,manual,49.95,,TRUE,TRUE,,,,,,,,
joya-essential-kickboks-scheenbeschermer-zwart,,,,,,,,XXS,ESSENTIAL-SG-BK-BK-XXS,,shopify,12,deny,manual,49.95,,TRUE,TRUE,,,,,,,,
joya-essential-kickboks-scheenbeschermer-zwart,,,,,,,,,,,,,,,,,,,https://www.fightpro.nl/wp-content/uploads/2024/06/Joya-scheenbeschermers-Essential-Zwart-2.jpg,2,,,,,
joya-essential-kickboks-scheenbeschermer-zwart-roze,JOYA ESSENTIAL KICKBOKS SCHEENBESCHERMER- ZWART-ROZE,<p>Joya-scheenbeschermers-Essential-Zwart-roze</p>,Joya,Kids,"Kids, Joya",TRUE,Maat,L,ESSENTIAL-SG-BK-PK-L,,shopify,12,deny,manual,49.95,,TRUE,TRUE,https://www.fightpro.nl/wp-content/uploads/2024/06/Joya-scheenbeschermers-Essential-Zwart-roze.jpg,1,JOYA ESSENTIAL KICKBOKS SCHEENBESCHERMER- ZWART-ROZE,FALSE,JOYA ESSENTIAL KICKBOKS SCHEENBESCHERMER- ZWART-ROZE,Joya Scheenbeschermer voor de jeugd en volwassen.,active,Kids
joya-essential-kickboks-scheenbeschermer-zwart-roze,,,,,,,,M,ESSENTIAL-SG-BK-PK-M,,shopify,12,deny,manual,49.95,,TRUE,TRUE,,,,,,,,
joya-essential-kickboks-scheenbeschermer-zwart-roze,,,,,,,,S,ESSENTIAL-SG-BK-PK-S,,shopify,12,deny,manual,49.95,,TRUE,TRUE,,,,,,,,
joya-essential-kickboks-scheenbeschermer-zwart-roze,,,,,,,,XL,ESSENTIAL-SG-BK-PK-XL,,shopify,12,deny,manual,49.95,,TRUE,TRUE,,,,,,,,
joya-essential-kickboks-scheenbeschermer-zwart-roze,,,,,,,,XS,ESSENTIAL-SG-BK-PK-XS,,shopify,12,deny,manual,49.95,,TRUE,TRUE,,,,,,,,
joya-essential-kickboks-scheenbeschermer-zwart-roze,,,,,,,,XXS,ESSENTIAL-SG-BK-PK-XXS,,shopify,12,deny,manual,49.95,,TRUE,TRUE,,,,,,,,
joya-essential-kickboks-scheenbeschermer-zwart-roze,,,,,,,,,,,,,,,,,,,https://www.fightpro.nl/wp-content/uploads/2024/06/Joya-scheenbeschermers-Essential-Zwart-roze-2.jpg,2,,,,,
fairtex-syntek-banana-bag-zandzak-hb6-gevuld,Fairtex Syntek™ ” Banana Bag” zandzak  HB6 (gevuld),"<p>De Fairtex Syntek™ &#8221; Banana Bag&#8221; bokszak HB6 is een professionele bokszak en handgemaakt in Thailand. In meerdere kleuren verkrijgbaar.<br />
De bokszak wordt <strong>GEVULD</strong> geleverd.</p>",Fairtex,Bokszakken,"Bokszakken, Uitrusting, Fairtex",TRUE,Title,Default Title,HB6-1,,shopify,12,deny,manual,275.00,,TRUE,TRUE,https://www.fightpro.nl/wp-content/uploads/2022/01/Fairtex-Syntek-Banana-Bag-bokszak-HB6.jpg,1,Fairtex Syntek™ ” Banana Bag” zandzak  HB6 (gevuld),FALSE,Fairtex Syntek™ ” Banana Bag” zandzak  HB6 (gevuld),"Fairtex Syntek™ ” Banana Bag” zandzak HB6. (niet voorradig, wel te bestellen)",active,Uitrusting
fairtex-muay-thai-short-superstition-wit,Fairtex Muay Thai Short Superstition wit,<p>Fairtex Muay Thai Short Superstition wit</p>,Fairtex,Broekjes,"Kleding, Broekjes, Fairtex",TRUE,Maat,M,BS0639-1-M,,shopify,12,deny,manual,64.95,,TRUE,TRUE,https://www.fightpro.nl/wp-content/uploads/2024/04/Fairtex-Muay-Thai-Short-Superstition.jpg,1,Fairtex Muay Thai Short Superstition wit,FALSE,Fairtex Muay Thai Short Superstition wit,,active,Kleding
fairtex-muay-thai-short-superstition-wit,,,,,,,,L,BS0639-1-L,,shopify,12,deny,manual,64.95,,TRUE,TRUE,,,,,,,,
fairtex-muay-thai-short-superstition-wit,,,,,,,,XL,BS0639-1-XL,,shopify,12,deny,manual,64.95,,TRUE,TRUE,,,,,,,,
fairtex-muay-thai-short-superstition-wit,,,,,,,,XXL,BS0639-1-XXL,,shopify,12,deny,manual,64.95,,TRUE,TRUE,,,,,,,,
fairtex-muay-thai-short-superstition-wit,,,,,,,,,,,,,,,,,,,https://www.fightpro.nl/wp-content/uploads/2024/04/Fairtex-Muay-Thai-Short-Superstition-1.jpg,2,,,,,
fairtex-muay-thai-short-superstition-wit,,,,,,,,,,,,,,,,,,,https://www.fightpro.nl/wp-content/uploads/2024/04/Fairtex-Muay-Thai-Short-Superstition-2.jpg,3,,,,,
joya-kickboksbroek-23-zwart-kopie,JOYA ESSENTIAL FIGHTSHORT – ZWART-ZWART,"<p>De Joya ESSENTIAL Fightshort is handgemaakt van hoogwaardige materialen. De short is gesublimeerd met de ESSENTIAL print. Deze JoyaGear fightshort heeft een traditionele tailleband die hem goed rond de heupen houdt, voor totale bewegingsvrijheid. De zijsplitten zorgen voor mobiliteit, behendigheid en flexibiliteit voor je slagen in de ring. De ESSENTIAL Fightshort heeft een uniek, kleurrijk ontwerp met het Joya-logo op de voorkant. Bies aan de randen maken de short compleet’ look en garandeerd grote duurzaamheid in de tijd.</p>",Joya,Broekjes,"Kleding, Broekjes, Joya",TRUE,Maat,XXS,57000-23-black-1-XXS,,shopify,12,deny,manual,39.95,,TRUE,TRUE,https://www.fightpro.nl/wp-content/uploads/2024/04/JOYA-ESSENTIAL-FIGHTSHORT-ZWART-ZWART.jpg,1,JOYA ESSENTIAL FIGHTSHORT – ZWART-ZWART,FALSE,JOYA ESSENTIAL FIGHTSHORT – ZWART-ZWART,100% polyester: voor meer veerkracht en duurzaamheid. Gaaspanelen aan de zijkanten: voor optimale ventilatie. Traditionele Thaise tailleband voor meer ondersteuning en comfort. Zijsplitten speciaal ontworpen om de mobiliteit en flexibiliteit te vergroten. Bies langs randen: voor verbeterde duurzaam,active,Kleding
joya-kickboksbroek-23-zwart-kopie,,,,,,,,XS,57000-23-black-1-XS,,shopify,12,deny,manual,39.95,,TRUE,TRUE,,,,,,,,
joya-kickboksbroek-23-zwart-kopie,,,,,,,,S,57000-23-black-1-S,,shopify,12,deny,manual,39.95,,TRUE,TRUE,,,,,,,,
joya-kickboksbroek-23-zwart-kopie,,,,,,,,M,57000-23-black-1-M,,shopify,12,deny,manual,39.95,,TRUE,TRUE,,,,,,,,
joya-kickboksbroek-23-zwart-kopie,,,,,,,,L,57000-23-black-1-L,,shopify,12,deny,manual,39.95,,TRUE,TRUE,,,,,,,,
joya-kickboksbroek-23-zwart-kopie,,,,,,,,XL,57000-23-black-1-XL,,shopify,12,deny,manual,39.95,,TRUE,TRUE,,,,,,,,
joya-kickboksbroek-23-zwart-kopie,,,,,,,,XXL,57000-23-black-1-XXL,,shopify,12,deny,manual,39.95,,TRUE,TRUE,,,,,,,,
joya-kickboksbroek-23-zwart-kopie,,,,,,,,,,,,,,,,,,,https://www.fightpro.nl/wp-content/uploads/2024/04/JOYA-ESSENTIAL-FIGHTSHORT-ZWART-ZWART-1.jpg,2,,,,,
px-bjj-grabn-fight-gi-black,PX BJJ GRAB’N FIGHT GI BLACK,"<p>PX BJJ GRAB&#8217;N FIGHT GI BLACK</p>
<div>Licht, maar stevige BJJ-pak. De jas is gemaakt van scheurbestendig 100% katoen Pearl-Weave stof met een gewicht van 450 gr/m² en heeft versterkingen op alle bijzonder belaste plekken, zoals schouders, borst en jassplitten. De broek, gemaakt van bijzonder scheurbestendige RIPSTOP-stof, is versterkt bij de knieën. Het pak is gemaakt van 100% katoen en is voorgewassen op 40°C, dus na correct wassen op 40°C krimpt het slechts minimaal.</div>",PX,BJJ,"BJJ, PX, Kleding",TRUE,Title,Default Title,,,shopify,12,deny,manual,85.00,,TRUE,TRUE,https://www.fightpro.nl/wp-content/uploads/2024/04/PX-BJJ-GRAB-N-FIGHT-BLACK-GI.jpg,1,PX BJJ GRAB’N FIGHT GI BLACK,FALSE,PX BJJ GRAB’N FIGHT GI BLACK,PX BJJ GRAB’N FIGHT GI BLACK,active,Kleding
px-bjj-grabn-fight-gi-black,,,,,,,,,,,,,,,,,,,https://www.fightpro.nl/wp-content/uploads/2024/04/PX-BJJ-GRAB-N-FIGHT-BLACK-GI-1.jpg,2,,,,,
px-bjj-grabn-fight-gi-black,,,,,,,,,,,,,,,,,,,https://www.fightpro.nl/wp-content/uploads/2024/04/PX-BJJ-GRAB-N-FIGHT-BLACK-GI-2.jpg,3,,,,,
px-bjj-grabn-fight-gi-black,,,,,,,,,,,,,,,,,,,https://www.fightpro.nl/wp-content/uploads/2024/04/PX-BJJ-GRAB-N-FIGHT-BLACK-GI-3.jpg,4,,,,,
fairtex-fmv13-maximized-focus-pads-black-red,Fairtex FMV13 Maximized Focus Pads black red,<p>[et_pb_section fb_built=&#8221;1&#8243; theme_builder_area=&#8221;post_content&#8221; _builder_version=&#8221;4.24.2&#8243; _module_preset=&#8221;default&#8221;][/et_pb_section]</p>,Fairtex,trap/stoot kussens,"trap/stoot kussens, Uitrusting, Fairtex",TRUE,Title,Default Title,FTBGV5BWR-1-1,,shopify,12,deny,manual,159.95,,TRUE,TRUE,https://www.fightpro.nl/wp-content/uploads/2024/03/FAIRTEX-FMV13-Focus-Pads.jpg,1,Fairtex FMV13 Maximized Focus Pads black red,FALSE,Fairtex FMV13 Maximized Focus Pads black red,Topkwaliteit Fairtex FMV13 Maximized Focus Pads black red,active,Uitrusting
fairtex-fmv13-maximized-focus-pads-black-red,,,,,,,,,,,,,,,,,,,https://www.fightpro.nl/wp-content/uploads/2024/03/FAIRTEX-FMV13-Focus-Pads-2.jpg,2,,,,,
fairtex-fmv13-maximized-focus-pads-black-red,,,,,,,,,,,,,,,,,,,https://www.fightpro.nl/wp-content/uploads/2024/03/FAIRTEX-FMV13-Focus-Pads-3.jpg,3,,,,,
px-focus-boxing-hand-pads-leather,PX focus boxing hand pads leather,"<p>PX focus boxing hand pads leather</p>
<ul>
<li>zwart</li>
<li>leer</li>
</ul>",PX,trap/stoot kussens,"PX, trap/stoot kussens, Uitrusting",TRUE,Title,Default Title,,,shopify,12,deny,manual,49.95,,TRUE,TRUE,https://www.fightpro.nl/wp-content/uploads/2024/03/PX-focus-pads-leer.jpg,1,PX focus boxing hand pads leather,FALSE,PX focus boxing hand pads leather,PX focus boxing hand pads leather,active,Uitrusting
px-focus-boxing-hand-pads-leather,,,,,,,,,,,,,,,,,,,https://www.fightpro.nl/wp-content/uploads/2024/03/PX-focus-pads-leer-1.jpg,2,,,,,
px-focus-boxing-handpads-leer,PX ROUND COACHING PUNCH SHIELD leather,"<p>PX focus boxing handpads LEER, zwart rood.</p>
<ul>
<li>zwart</li>
<li>leer</li>
<li>40 x 12 cm</li>
</ul>",PX,trap/stoot kussens,"PX, trap/stoot kussens, Uitrusting",TRUE,Title,Default Title,,,shopify,12,deny,manual,59.95,,TRUE,TRUE,https://www.fightpro.nl/wp-content/uploads/2024/03/PX-ROUND-COACHING-PUNCH-SHIELD.jpg,1,PX ROUND COACHING PUNCH SHIELD leather,FALSE,PX ROUND COACHING PUNCH SHIELD leather,PX ROUND COACHING PUNCH SHIELD leather,active,Uitrusting
px-focus-boxing-handpads-leer,,,,,,,,,,,,,,,,,,,https://www.fightpro.nl/wp-content/uploads/2024/03/PX-ROUND-COACHING-PUNCH-SHIELD-2.jpg,2,,,,,
px-focus-boxing-handpads-leer,,,,,,,,,,,,,,,,,,,https://www.fightpro.nl/wp-content/uploads/2024/03/PX-ROUND-COACHING-PUNCH-SHIELD-3.jpg,3,,,,,
px-focus-boxing-handpads-leer,,,,,,,,,,,,,,,,,,,https://www.fightpro.nl/wp-content/uploads/2024/03/PX-ROUND-COACHING-PUNCH-SHIELD-4.jpg,4,,,,,
fairtex-bgv14sb-muay-thai-super-sparring-glovezwart-leer,FAIRTEX BGV14SB Muay Thai Super Sparring Glovezwart leer,<p>Muay Thai FAIRTEX BGV14SB Bokshandschoenen voor sparren en intensieve trainingen.</p>,Fairtex,Kickbokshandschoenen leer,"Handschoenen, Kickbokshandschoenen leer, Fairtex",TRUE,Maat,16 oz,FTBGV5BWR-1-16oz,,shopify,12,deny,manual,114.95,,TRUE,TRUE,https://www.fightpro.nl/wp-content/uploads/2024/03/FAIRTEX-kickbokshandschoenen-BGV14SB.jpg,1,FAIRTEX BGV14SB Muay Thai Super Sparring Glovezwart leer,FALSE,FAIRTEX BGV14SB Muay Thai Super Sparring Glovezwart leer,,active,Handschoenen
fairtex-bgv14sb-muay-thai-super-sparring-glovezwart-leer,,,,,,,,,,,,,,,,,,,https://www.fightpro.nl/wp-content/uploads/2024/03/FAIRTEX-kickbokshandschoenen-BGV14SB-1.jpg,2,,,,,
smai-elite-p85-kickbokshandschoenen-leer,SMAI ELITE P85 KICKBOKSHANDSCHOENEN LEER,"<p>SMAI ELITE P85 KICKBOKSHANDSCHOENEN LEER van top kwaliteit runder leder. Nr 1 merk in Australië.<br />
Voor gevorderd en starters!</p>
<p>Smai bestaat sinds 1985!</p>
<ul>
<li>Rundsleder</li>
</ul>",Smai,Kickbokshandschoenen leer,"Smai, Kickbokshandschoenen leer, Handschoenen",TRUE,Title,Default Title,BPV1-1-1-1-1-1,,shopify,12,deny,manual,109.95,,TRUE,TRUE,https://www.fightpro.nl/wp-content/uploads/2024/03/SMAI-ELITE-P85-BOXING-GLOVES.jpg,1,SMAI ELITE P85 KICKBOKSHANDSCHOENEN LEER,FALSE,SMAI ELITE P85 KICKBOKSHANDSCHOENEN LEER,SMAI ELITE P85 KICKBOKSHANDSCHOENEN LEER,active,Handschoenen
smai-elite-p85-kickbokshandschoenen-leer,,,,,,,,,,,,,,,,,,,https://www.fightpro.nl/wp-content/uploads/2024/03/SMAI-ELITE-P85-BOXING-GLOVES-1.jpg,2,,,,,
smai-elite-p85-kickbokshandschoenen-leer,,,,,,,,,,,,,,,,,,,https://www.fightpro.nl/wp-content/uploads/2024/03/SMAI-ELITE-P85-BOXING-GLOVES-2.jpg,3,,,,,
smai-elite-p85-kickbokshandschoenen-leer,,,,,,,,,,,,,,,,,,,https://www.fightpro.nl/wp-content/uploads/2024/03/SMAI-ELITE-P85-BOXING-GLOVES-3.jpg,4,,,,,
smai-elite-p85-kickbokshandschoenen-leer,,,,,,,,,,,,,,,,,,,https://www.fightpro.nl/wp-content/uploads/2024/03/SMAI-ELITE-P85-BOXING-GLOVES-4.jpg,5,,,,,
smai-elite-p85-thai-pads-leather,SMAI ELITE P85 THAI PADS LEATHER,"<p>SMAI ELITE P85 THAI PADS LEATHER van top kwaliteit runder leder. Nr 1 merk in Australië.<br />
VOOR STOTEN, TRAPPEN EN KNIETJES!</p>
<p>Binnenhandschoen bevat mesh voor beter doorluchten. Smai bestaat sinds 1985!</p>
<ul>
<li>Rundsleder</li>
<li>35 cm (H) x 20 cm-13 cm (B)</li>
<li>Dikte 7 cm</li>
<li>Per paar</li>
</ul>",Smai,trap/stoot kussens,"Smai, trap/stoot kussens, Uitrusting",TRUE,Title,Default Title,BPV1-1-1-1-1,,shopify,12,deny,manual,199.95,,TRUE,TRUE,https://www.fightpro.nl/wp-content/uploads/2024/03/SMAI-ELITE-P85-LEATHER-THAI-PADS.jpg,1,SMAI ELITE P85 THAI PADS LEATHER,FALSE,SMAI ELITE P85 THAI PADS LEATHER,SMAI ELITE P85 THAI PADS LEATHER,active,Uitrusting
smai-elite-p85-thai-pads-leather,,,,,,,,,,,,,,,,,,,https://www.fightpro.nl/wp-content/uploads/2024/03/SMAI-ELITE-P85-LEATHER-THAI-PADS-2.jpg,2,,,,,
smai-elite-p85-thai-pads-leather,,,,,,,,,,,,,,,,,,,https://www.fightpro.nl/wp-content/uploads/2024/03/SMAI-ELITE-P85-LEATHER-THAI-PADS-3.jpg,3,,,,,
smai-elite-p85-thai-pads-leather,,,,,,,,,,,,,,,,,,,https://www.fightpro.nl/wp-content/uploads/2024/03/SMAI-ELITE-P85-LEATHER-THAI-PADS-4.jpg,4,,,,,
smai-focus-boxing-pads-elite-p85,SMAI Focus boxing Pads Elite P85 leder,"<p>SMAI Boxing focus pads van top kwaliteit runder leder. Nr 1 merk in Australië.</p>
<p>Binnenhandschoen bevat mesh voor beter doorluchten. Smai bestaat sinds 1985!</p>
<ul>
<li>Rundsleder</li>
<li>23 cm (H) x 19 cm (B)</li>
<li>Dikte 4,5 cm</li>
<li>One size</li>
</ul>",Smai,trap/stoot kussens,"Smai, trap/stoot kussens, Uitrusting",TRUE,Title,Default Title,BPV1-1-1-1,,shopify,12,deny,manual,99.95,,TRUE,TRUE,https://www.fightpro.nl/wp-content/uploads/2024/03/SMAI-Focus-boxing-Pads-Elite-P85.jpg,1,SMAI Focus boxing Pads Elite P85 leder,FALSE,SMAI Focus boxing Pads Elite P85 leder,SMAI Boxing focus pads van top kwaliteit runder leder. Nr 1 merk in Australië.,active,Uitrusting
smai-focus-boxing-pads-elite-p85,,,,,,,,,,,,,,,,,,,https://www.fightpro.nl/wp-content/uploads/2024/03/SMAI-Focus-boxing-Pads-Elite-P85-2.jpg,2,,,,,
smai-focus-boxing-pads-elite-p85,,,,,,,,,,,,,,,,,,,https://www.fightpro.nl/wp-content/uploads/2024/03/SMAI-Focus-boxing-Pads-Elite-P85-3.jpg,3,,,,,
smai-focus-boxing-pads-elite-p85,,,,,,,,,,,,,,,,,,,https://www.fightpro.nl/wp-content/uploads/2024/03/SMAI-Focus-boxing-Pads-Elite-P85-4.jpg,4,,,,,
tatami-vechtsport-vloer-puzzelmat-4-cm-dik-100x100-cm-zwart-grijs-rood-blauw,Tatami vechtsport vloer Puzzelmat 4 cm dik 100×100 cm – zwart/grijs/rood/blauw,"<p>Tatami / Dojo Puzzelmat 4 cm dik. Zeer geschikt voor sporten als judo.<br />
Kan met beide kleuren gebruikt worden.</p>
<ul>
<li>Sportschool kwaliteit</li>
<li>Afwasbaar</li>
<li>100&#215;100 cm</li>
<li>Geschikt voor verschillende vechtsporten</li>
<li>Ook verkrijgbaar in 4 cm (voor bijvoorbeeld judo)</li>
</ul>
<p>Let op!<br />
Puzzelmatten en bokszakken worden per pallet verstuurd. Daar zitten andere prijzen aan vast. Vraag een offerte aan!</p>
<p>Voor het gebruik, even contact opnemen met ons over correcte manier van leggen en uitpakken!</p>",Fightpro,Sportvloeren,"Fightpro, Uitrusting, Sportvloeren",TRUE,Title,Default Title,168104a-1-1,,shopify,12,deny,manual,69.95,,TRUE,TRUE,https://www.fightpro.nl/wp-content/uploads/2024/03/vechtsport-mat-tatami-puzzle-zwart-rood-100x100x4cm2.jpg,1,Tatami vechtsport vloer Puzzelmat 4 cm dik 100×100 cm – zwart/grijs/rood/blauw,FALSE,Tatami vechtsport vloer Puzzelmat 4 cm dik 100×100 cm – zwart/grijs/rood/blauw,"MEERDERE KLEUREN COMBINATIES MOGELIJK, TOP KWALITEIT PUZZLEMAT.",active,Uitrusting
tatami-vechtsport-vloer-puzzelmat-4-cm-dik-100x100-cm-zwart-grijs-rood-blauw,,,,,,,,,,,,,,,,,,,https://www.fightpro.nl/wp-content/uploads/2024/03/vechtsport-mat-tatami-puzzle-zwart-rood-100x100x4cm.jpg,2,,,,,
tatami-vechtsport-vloer-puzzelmat-4-cm-dik-100x100-cm-zwart-grijs-rood-blauw,,,,,,,,,,,,,,,,,,,https://www.fightpro.nl/wp-content/uploads/2024/03/vechtsport-mat-tatami-puzzle-blauw-rood-100x100x4cm2.jpg,3,,,,,
tatami-vechtsport-vloer-puzzelmat-4-cm-dik-100x100-cm-zwart-grijs-rood-blauw,,,,,,,,,,,,,,,,,,,https://www.fightpro.nl/wp-content/uploads/2024/03/vechtsport-mat-tatami-puzzle-blauw-rood-100x100x4cm.jpg,4,,,,,
px-kickbokshandschoenen-leer-contest,PX KICKBOKSHANDSCHOENEN LEER CONTEST,"<p>PX KICKBOKSHANDSCHOENEN LEER CONTEST<br />
Voor elk niveau kickboksers, zeer goede prijs kwaliteit verhouding.<br />
Gemaakt van rundleder.</p>",PX,Kickbokshandschoenen leer,"PX, Kickbokshandschoenen leer, Handschoenen",TRUE,Title,Default Title,,,shopify,12,deny,manual,84.95,,TRUE,TRUE,https://www.fightpro.nl/wp-content/uploads/2024/03/PX-KICKBOKSHANDSCHOEN-LEER-Contest.jpg,1,PX KICKBOKSHANDSCHOENEN LEER CONTEST,FALSE,PX KICKBOKSHANDSCHOENEN LEER CONTEST,Zeer goede prijs kwaliteit verhouding!,active,Handschoenen
px-kickbokshandschoenen-leer-contest,,,,,,,,,,,,,,,,,,,https://www.fightpro.nl/wp-content/uploads/2024/03/PX-KICKBOKSHANDSCHOEN-LEER-Contest-5.jpg,2,,,,,
px-kickbokshandschoenen-leer-contest,,,,,,,,,,,,,,,,,,,https://www.fightpro.nl/wp-content/uploads/2024/03/PX-KICKBOKSHANDSCHOEN-LEER-Contest-4.jpg,3,,,,,
px-kickbokshandschoenen-leer-contest,,,,,,,,,,,,,,,,,,,https://www.fightpro.nl/wp-content/uploads/2024/03/PX-KICKBOKSHANDSCHOEN-LEER-Contest-3.jpg,4,,,,,
px-kickbokshandschoenen-leer-contest,,,,,,,,,,,,,,,,,,,https://www.fightpro.nl/wp-content/uploads/2024/03/PX-KICKBOKSHANDSCHOEN-LEER-Contest-2.jpg,5,,,,,
px-kickbokshandschoenen-leer-zwart-basic-kopie,PX KICKBOKSHANDSCHOENEN LEER ZWART-ROOD,"<p>PX KICKBOKSHANDSCHOENEN LEER ZWART &#8211; ROOD.<br />
Leuke zeer betaalbare Bokshandschoen voor de startende en ervaren kickboksers, zeer goede prijs kwaliteit verhouding.<br />
Gemaakt van rundleder.<br />
Met mesh aan de binnenkant voor betere beluchting.</p>
<p>&nbsp;</p>",PX,Kickbokshandschoenen leer,"PX, Kickbokshandschoenen leer, Handschoenen",TRUE,Title,Default Title,,,shopify,12,deny,manual,79.95,,TRUE,TRUE,https://www.fightpro.nl/wp-content/uploads/2024/03/PX-KICKBOKSHANDSCHOEN-LEER-black-red.jpg,1,PX KICKBOKSHANDSCHOENEN LEER ZWART-ROOD,FALSE,PX KICKBOKSHANDSCHOENEN LEER ZWART-ROOD,Zeer goede prijs kwaliteit verhouding!,active,Handschoenen
px-kickbokshandschoenen-leer-zwart-basic-kopie,,,,,,,,,,,,,,,,,,,https://www.fightpro.nl/wp-content/uploads/2024/03/PX-KICKBOKSHANDSCHOEN-LEER-black-red-2.jpg,2,,,,,
px-kickbokshandschoenen-leer-zwart-basic-kopie,,,,,,,,,,,,,,,,,,,https://www.fightpro.nl/wp-content/uploads/2024/03/PX-KICKBOKSHANDSCHOEN-LEER-black-red-3.jpg,3,,,,,
px-kickbokshandschoenen-leer-zwart-basic-kopie,,,,,,,,,,,,,,,,,,,https://www.fightpro.nl/wp-content/uploads/2024/03/PX-KICKBOKSHANDSCHOEN-LEER-black-red-4.jpg,4,,,,,
px-kickbokshandschoenen-leer-zwart-basic-kopie,,,,,,,,,,,,,,,,,,,https://www.fightpro.nl/wp-content/uploads/2024/03/PX-KICKBOKSHANDSCHOEN-LEER-black-red-5.jpg,5,,,,,
tatami-vechtsport-vloer-puzzelmat-2-cm-dik-100x100-cm-zwart-grijs,Tatami vechtsport vloer Puzzelmat 2 cm dik 100×100 cm – zwart/grijs/rood/blauw,"<p>Tatami / Dojo Puzzelmat 2 cm dik.<br />
Kan als zwarte mat of als grijze mat gebruikt worden.</p>
<ul>
<li>Sportschool kwaliteit</li>
<li>Afwasbaar</li>
<li>100&#215;100 cm</li>
<li>Geschikt voor verschillende vechtsporten</li>
<li>Ook verkrijgbaar in 4 cm (voor bijvoorbeeld judo)</li>
</ul>
<p>Let op!<br />
Puzzelmatten en bokszakken worden per pallet verstuurd. Daar zitten andere prijzen aan vast. Vraag een offerte aan!</p>
<p>Voor het gebruik, even contact opnemen met ons over correcte manier van leggen en uitpakken!</p>",Fightpro,Sportvloeren,"Fightpro, Uitrusting, Sportvloeren",TRUE,Title,Default Title,168104a-1,,shopify,12,deny,manual,39.95,,TRUE,TRUE,https://www.fightpro.nl/wp-content/uploads/2024/03/vechtsport-mat-tatami-puzzle-zwart-grijs-100x100x2cm.jpg,1,Tatami vechtsport vloer Puzzelmat 2 cm dik 100×100 cm – zwart/grijs/rood/blauw,FALSE,Tatami vechtsport vloer Puzzelmat 2 cm dik 100×100 cm – zwart/grijs/rood/blauw,"MEERDERE KLEUREN COMBINATIES MOGELIJK, TOP KWALITEIT PUZZLEMAT.",active,Uitrusting
tatami-vechtsport-vloer-puzzelmat-2-cm-dik-100x100-cm-zwart-grijs,,,,,,,,,,,,,,,,,,,https://www.fightpro.nl/wp-content/uploads/2024/03/vechtsport-mat-tatami-puzzle-zwart-rood-100x100x2cm.jpg,2,,,,,
tatami-vechtsport-vloer-puzzelmat-2-cm-dik-100x100-cm-zwart-grijs,,,,,,,,,,,,,,,,,,,https://www.fightpro.nl/wp-content/uploads/2024/03/vechtsport-mat-tatami-puzzle-zwart-BLAUW-100x100x2cm.jpg,3,,,,,
tatami-vechtsport-vloer-puzzelmat-2-cm-dik-100x100-cm-zwart-grijs,,,,,,,,,,,,,,,,,,,https://www.fightpro.nl/wp-content/uploads/2024/03/vechtsport-mat-tatami-puzzle-zwart-grijs-100x100x2cm-4.jpg,4,,,,,
tatami-vechtsport-vloer-puzzelmat-2-cm-dik-100x100-cm-zwart-grijs,,,,,,,,,,,,,,,,,,,https://www.fightpro.nl/wp-content/uploads/2024/03/vechtsport-mat-tatami-puzzle-zwart-grijs-100x100x2cm-3.jpg,5,,,,,
tatami-vechtsport-vloer-puzzelmat-2-cm-dik-100x100-cm-zwart-grijs,,,,,,,,,,,,,,,,,,,https://www.fightpro.nl/wp-content/uploads/2024/03/vechtsport-mat-tatami-puzzle-zwart-grijs-100x100x2cm-2.jpg,6,,,,,
tatami-vechtsport-vloer-puzzelmat-2-cm-dik-100x100-cm-zwart-grijs,,,,,,,,,,,,,,,,,,,https://www.fightpro.nl/wp-content/uploads/2024/03/vechtsport-mat-tatami-puzzle-zwart-rood-100x100x2cm2.jpg,7,,,,,
joya-sporttas-evolution-bag-zwart-goud-wit,Joya Sporttas EVOLUTION BAG – ZWART-GOUD-WIT,"<p>Joya Sporttas EVOLUTION BAG &#8211; ZWART-GOUD-WIT</p>
<p>Joya Sporttas verschillende kleuren met meerdere vakken</p>
<ul>
<li>Hoofdvak met rits</li>
<li>Zijvak met rits</li>
<li>Schouder dragen</li>
<li>Waterdichte rits</li>
<li>Ontwerp met zijdeprint</li>
<li>Hittegeperst ontwerp</li>
<li>borduurwerk</li>
<li>Monogram voering</li>
</ul>",Joya,Sport tassen,"Joya, Uitrusting, Sport tassen",TRUE,Title,Default Title,JGE-BAG01,,shopify,12,deny,manual,59.95,,TRUE,TRUE,https://www.fightpro.nl/wp-content/uploads/2024/02/JOYA-sporttas-EVOLUTION-BAG2.jpg,1,Joya Sporttas EVOLUTION BAG – ZWART-GOUD-WIT,FALSE,Joya Sporttas EVOLUTION BAG – ZWART-GOUD-WIT,,active,Uitrusting
joya-sporttas-evolution-bag-zwart-goud-wit,,,,,,,,,,,,,,,,,,,https://www.fightpro.nl/wp-content/uploads/2024/02/JOYA-sporttas-EVOLUTION-BAG.jpg,2,,,,,
joya-sporttas-evolution-bag-zwart-goud-wit,,,,,,,,,,,,,,,,,,,https://www.fightpro.nl/wp-content/uploads/2024/02/JOYA-sporttas-EVOLUTION-BAG3.jpg,3,,,,,
thaise-namman-muay-creme-100-gr,THAISE NAMMAN MUAY CREME 100 GR,"<p>THAISE NAMMAN MUAY CREME, voor blessures, spieren opwarmen en nog veel meer.<br />
100 GR</p>",Namman Muay,Diversen,"Namman Muay, Diversen",TRUE,Title,Default Title,048800a-1,,shopify,12,deny,manual,24.95,,TRUE,TRUE,https://www.fightpro.nl/wp-content/uploads/2024/01/Namman_Muay_thai-creme.jpg,1,THAISE NAMMAN MUAY CREME 100 GR,FALSE,THAISE NAMMAN MUAY CREME 100 GR,,active,Diversen
esn-shaker-black-transparent,"ESN SHAKER, BLACK TRANSPARENT","<p>ESN SHAKER, BLACK TRANSPARENT</p>",ESN,Diversen,"ESN, Diversen",TRUE,Title,Default Title,,,shopify,12,deny,manual,4.90,,TRUE,TRUE,https://www.fightpro.nl/wp-content/uploads/2023/12/ESN-SHAKER-600ml.jpg,1,"ESN SHAKER, BLACK TRANSPARENT",FALSE,"ESN SHAKER, BLACK TRANSPARENT","ESN SHAKER, BLACK TRANSPARENT, Inhoud 600 ml Stevig materiaal, vrij van BPA & DEHP Met maatverdeling voor eenvoudig doseren",active,Diversen
super-pro-combat-gear-legend-kickbokshandschoenen-leer,SUPER PRO COMBAT GEAR LEGEND KICKBOKSHANDSCHOENEN LEER,"<p>SUPER PRO COMBAT GEAR LEGEND KICKBOKSHANDSCHOENEN LEER. Voor de serieuze vechtsporter.</p>
<p>&nbsp;</p>",Super Pro,Kickbokshandschoenen leer,"Super Pro, Kickbokshandschoenen leer, Handschoenen",TRUE,Title,Default Title,,,shopify,12,deny,manual,99.95,,TRUE,TRUE,https://www.fightpro.nl/wp-content/uploads/2023/11/SUPER-PRO-COMBAT-GEAR-LEGEND-KICKBOKSHANDSCHOENEN-black-2.jpg,1,SUPER PRO COMBAT GEAR LEGEND KICKBOKSHANDSCHOENEN LEER,FALSE,SUPER PRO COMBAT GEAR LEGEND KICKBOKSHANDSCHOENEN LEER,,active,Handschoenen
super-pro-combat-gear-legend-kickbokshandschoenen-leer,,,,,,,,,,,,,,,,,,,https://www.fightpro.nl/wp-content/uploads/2023/11/SUPER-PRO-COMBAT-GEAR-LEGEND-KICKBOKSHANDSCHOENEN-black-3.jpg,2,,,,,
super-pro-combat-gear-legend-kickbokshandschoenen-leer,,,,,,,,,,,,,,,,,,,https://www.fightpro.nl/wp-content/uploads/2023/11/SUPER-PRO-COMBAT-GEAR-LEGEND-KICKBOKSHANDSCHOENEN-black-4.jpg,3,,,,,
super-pro-combat-gear-legend-kickbokshandschoenen-leer,,,,,,,,,,,,,,,,,,,https://www.fightpro.nl/wp-content/uploads/2023/11/SUPER-PRO-COMBAT-GEAR-LEGEND-KICKBOKSHANDSCHOENEN-black-5.jpg,4,,,,,
super-pro-combat-gear-legend-kickbokshandschoenen-leer,,,,,,,,,,,,,,,,,,,https://www.fightpro.nl/wp-content/uploads/2023/11/SUPER-PRO-COMBAT-GEAR-LEGEND-KICKBOKSHANDSCHOENEN-black-6.jpg,5,,,,,
super-pro-combat-gear-legend-kickbokshandschoenen-leer,,,,,,,,,,,,,,,,,,,https://www.fightpro.nl/wp-content/uploads/2023/11/SUPER-PRO-COMBAT-GEAR-LEGEND-KICKBOKSHANDSCHOENEN-black-7.jpg,6,,,,,
super-pro-gym-sporttas-zwart-wit-small,Super Pro Gym Sporttas – Zwart/Wit Small,"<p>5 vakken<br />
Een extra vak voor natte spullen<br />
Afmeting: 46 x 30 x 29 cm (small)</p>
<p>&nbsp;</p>",Super Pro,Sport tassen,"Super Pro, Uitrusting, Sport tassen",TRUE,Title,Default Title,,,shopify,12,deny,manual,39.95,,TRUE,TRUE,https://www.fightpro.nl/wp-content/uploads/2020/07/SUPER-PRO-COMBAT-GEAR-GYM-SPORTTAS.jpg,1,Super Pro Gym Sporttas – Zwart/Wit Small,FALSE,Super Pro Gym Sporttas – Zwart/Wit Small,,active,Uitrusting
super-pro-gym-sporttas-zwart-wit-small,,,,,,,,,,,,,,,,,,,https://www.fightpro.nl/wp-content/uploads/2020/07/SUPER-PRO-COMBAT-GEAR-GYM-SPORTTAS-1.jpg,2,,,,,
super-pro-gym-sporttas-zwart-wit-small,,,,,,,,,,,,,,,,,,,https://www.fightpro.nl/wp-content/uploads/2023/11/SUPER-PRO-COMBAT-GEAR-GYM-SPORTTAS-2.jpg,3,,,,,
hayabusa-bokszak-heavy-bag,Hayabusa bokszak Heavy Bag gevuld 150 cm,"<p>Hayabusa bokszak Heavy Bag.<br />
Gevuld, professionele bokszak.<br />
180 cm<br />
Eventueel vast te zetten aan de grond met bijbehorende &#8220;Heavy Bag Anker&#8221;.</p>
<p>Voor thuis gebruik en professioneel sportschool gebruik.</p>",Hayabusa,Bokszakken,"Bokszakken, Uitrusting, Hayabusa",TRUE,Title,Default Title,HAY-BZ-150,,shopify,12,deny,manual,299.00,,TRUE,TRUE,https://www.fightpro.nl/wp-content/uploads/2023/10/Hayabusa-bokszak-Heavy-Bag-1.jpg,1,Hayabusa bokszak Heavy Bag gevuld 150 cm,FALSE,Hayabusa bokszak Heavy Bag gevuld 150 cm,Hayabusa bokszak Heavy Bag 180 cm,active,Uitrusting
hayabusa-bokszak-heavy-bag,,,,,,,,,,,,,,,,,,,https://www.fightpro.nl/wp-content/uploads/2023/10/Hayabusa-bokszak-Heavy-Bag-2.jpg,2,,,,,
hayabusa-bokszak-heavy-bag,,,,,,,,,,,,,,,,,,,https://www.fightpro.nl/wp-content/uploads/2023/10/Hayabusa-bokszak-Heavy-Bag-3.jpg,3,,,,,
hayabusa-bokszak-heavy-bag,,,,,,,,,,,,,,,,,,,https://www.fightpro.nl/wp-content/uploads/2023/10/Hayabusa-bokszak-Heavy-Bag-4.jpg,4,,,,,
hayabusa-bokszak-heavy-bag,,,,,,,,,,,,,,,,,,,https://www.fightpro.nl/wp-content/uploads/2023/10/Hayabusa-bokszak-Heavy-Bag-5.jpg,5,,,,,
hayabusa-bokszak-heavy-bag,,,,,,,,,,,,,,,,,,,https://www.fightpro.nl/wp-content/uploads/2023/10/Hayabusa-bokszak-Heavy-Bag-6.jpg,6,,,,,
fightpro-kickboks-broekje-black-on-black,Fightpro kickboks-broekje black-on-black,"<div class=""short-description"">
<div class=""std"">Fightpro kickboks-broekje black-on-black, goede kwaliteit met geborduurd FIGHTPRO logo.</div>
<div class=""std""></div>
</div>",Fightpro,Broekjes,"Fightpro, Broekjes, Kleding, Bestseller",TRUE,Title,Default Title,Fightpro-PU-HS-2-1,,shopify,12,deny,manual,34.95,,TRUE,TRUE,https://www.fightpro.nl/wp-content/uploads/2023/10/Kickboxhose-Muay-Thai-Shorts-Fightpro.jpg,1,Fightpro kickboks-broekje black-on-black,FALSE,Fightpro kickboks-broekje black-on-black,Fightpro kickboks-broekje black-on-black,active,Kleding
fightpro-kickboks-broekje-black-on-black,,,,,,,,,,,,,,,,,,,https://www.fightpro.nl/wp-content/uploads/2023/10/Kickboxhose-Muay-Thai-Shorts-Fightpro-back.jpg,2,,,,,
fightpro-kickboks-broekje-black-on-black,,,,,,,,,,,,,,,,,,,https://www.fightpro.nl/wp-content/uploads/2023/10/FIGHTPRO-kickboks-broekje-geborduurd1.jpg,3,,,,,
fightpro-scheenbeschermers-skintex-black-on-black,Fightpro scheenbeschermers deLuxe black-on-black,"<div class=""short-description"">
<div class=""std"">Voor alle kickboksers geschikt, van beginner tot gevorderd. Fightpro shinguards!</div>
<div class=""std"">De scheenbeschermers zijn gemaakt van van hoogwaardige skintex en doen niets onder voor de leren variant.</div>
<div class=""std""></div>
</div>",Fightpro,Scheenbeschermers,"Fightpro, Scheenbeschermers, Bescherming, Bestseller",TRUE,Title,Default Title,Fightpro-PU-HS-2,,shopify,12,deny,manual,74.95,,TRUE,TRUE,https://www.fightpro.nl/wp-content/uploads/2023/10/fightpro-Schienbeinschutz-deluxe.jpg,1,Fightpro scheenbeschermers deLuxe black-on-black,FALSE,Fightpro scheenbeschermers deLuxe black-on-black,Fightpro scheenbeschermers black-on-black. Meerdere maten!,active,Bescherming
fightpro-scheenbeschermers-skintex-black-on-black,,,,,,,,,,,,,,,,,,,https://www.fightpro.nl/wp-content/uploads/2023/10/fightpro-Schienbeinschutz-deluxe-1.jpg,2,,,,,
fightpro-scheenbeschermers-skintex-black-on-black,,,,,,,,,,,,,,,,,,,https://www.fightpro.nl/wp-content/uploads/2023/10/fightpro-Schienbeinschutz-deluxe-2.jpg,3,,,,,
fightpro-scheenbeschermers-skintex-black-on-black,,,,,,,,,,,,,,,,,,,https://www.fightpro.nl/wp-content/uploads/2023/10/fightpro-Schienbeinschutz-deluxe-3.jpg,4,,,,,
hayabusa-perfect-stretch-hand-wraps-bandage-purple-lotus,"Hayabusa Perfect Stretch Hand Wraps / bandage purple lotus, blue/geo, red/tribal","<p>Hayabusa Perfect Stretch Hand Wraps / bandage</p>
<p>Hayabusa Bandage van zeer goede kwaliteit.<br />
voor de serieuze en professionele sporter.<br />
kleur: Purple Lotus.<br />
Lengte 450 cm</p>
<p>&nbsp;</p>",Hayabusa,Bandages,"Bandages, Bescherming, Hayabusa",TRUE,Title,Default Title,HAY-HW-PL,,shopify,12,deny,manual,19.95,,TRUE,TRUE,https://www.fightpro.nl/wp-content/uploads/2023/10/Hayabusa-Perfect-Stretch-Handwraps.jpg,1,"Hayabusa Perfect Stretch Hand Wraps / bandage purple lotus, blue/geo, red/tribal",FALSE,"Hayabusa Perfect Stretch Hand Wraps / bandage purple lotus, blue/geo, red/tribal",Hayabusa Perfect Stretch Handwraps Purple Lotus bandage,active,Bescherming
hayabusa-perfect-stretch-hand-wraps-bandage-purple-lotus,,,,,,,,,,,,,,,,,,,https://www.fightpro.nl/wp-content/uploads/2023/10/Hayabusa-Perfect-Stretch-Handwraps-Purple-Lotus-bandage-2.jpg,2,,,,,
hayabusa-perfect-stretch-hand-wraps-bandage-purple-lotus,,,,,,,,,,,,,,,,,,,https://www.fightpro.nl/wp-content/uploads/2023/10/Hayabusa-Perfect-Stretch-Handwraps-Purple-Lotus-bandage-3.jpg,3,,,,,
hayabusa-perfect-stretch-hand-wraps-bandage-purple-lotus,,,,,,,,,,,,,,,,,,,https://www.fightpro.nl/wp-content/uploads/2023/10/Hayabusa-Perfect-Stretch-Handwraps-Purple-Lotus-bandage-4.jpg,4,,,,,
hayabusa-perfect-stretch-hand-wraps-bandage-purple-lotus,,,,,,,,,,,,,,,,,,,https://www.fightpro.nl/wp-content/uploads/2023/10/Hayabusa-Perfect-Stretch-Handwraps-blu-geo-bandage-2.jpg,5,,,,,
hayabusa-perfect-stretch-hand-wraps-bandage-purple-lotus,,,,,,,,,,,,,,,,,,,https://www.fightpro.nl/wp-content/uploads/2023/10/Hayabusa-Perfect-Stretch-Handwraps-Purple-Lotus-bandage-1.jpg,6,,,,,
hayabusa-perfect-stretch-hand-wraps-bandage-purple-lotus,,,,,,,,,,,,,,,,,,,https://www.fightpro.nl/wp-content/uploads/2023/10/Hayabusa-Perfect-Stretch-Handwraps-red-tribal-bandage.jpg,7,,,,,
hayabusa-t3-neon-boxing-gloves-yellow,Hayabusa T3 Neon Boxing Gloves yellow,"<p>Hayabusa handschoenen van zeer goede kwaliteit. Prijswinnaar van Men&#8217;s Health in 2019 voor beste Gloves in the world!<br />
voor de serieuze en professionele sporter. Neon yellow.</p>
<p>&#8220;Next level&#8221; pols support en knokkel bescherming.</p>",Hayabusa,Kickbokshandschoenen leer,"Handschoenen, Kickbokshandschoenen leer, Hayabusa",TRUE,Maat,14 oz,HAY-BH-T3N-YE-14oz,,shopify,12,deny,manual,179.00,,TRUE,TRUE,https://www.fightpro.nl/wp-content/uploads/2023/10/Hayabusa-T3-Neon-Boxing-Gloves-yellow.jpg,1,Hayabusa T3 Neon Boxing Gloves yellow,FALSE,Hayabusa T3 Neon Boxing Gloves yellow,Al jaren bekend als een van de beste handschoen merken in de wereld. Hayabusa T3 Neon Boxing Gloves yellow,active,Handschoenen
hayabusa-t3-neon-boxing-gloves-yellow,,,,,,,,16 oz,HAY-BH-T3N-YE-16oz,,shopify,12,deny,manual,179.00,,TRUE,TRUE,,,,,,,,
hayabusa-t3-neon-boxing-gloves-yellow,,,,,,,,,,,,,,,,,,,https://www.fightpro.nl/wp-content/uploads/2023/10/Hayabusa-T3-Neon-Boxing-Gloves-yellow-1.jpg,2,,,,,
hayabusa-t3-neon-boxing-gloves-yellow,,,,,,,,,,,,,,,,,,,https://www.fightpro.nl/wp-content/uploads/2023/10/Hayabusa-T3-Neon-Boxing-Gloves-yellow-2.jpg,3,,,,,
hayabusa-t3-neon-boxing-gloves-yellow,,,,,,,,,,,,,,,,,,,https://www.fightpro.nl/wp-content/uploads/2023/10/Hayabusa-T3-Neon-Boxing-Gloves-yellow-3.jpg,4,,,,,
hayabusa-t3-neon-boxing-gloves-yellow,,,,,,,,,,,,,,,,,,,https://www.fightpro.nl/wp-content/uploads/2023/10/Hayabusa-T3-Neon-Boxing-Gloves-yellow-4-1.jpg,5,,,,,
hayabusa-t3-neon-boxing-gloves-orange,Hayabusa T3 Neon Boxing Gloves orange,"<p>Hayabusa handschoenen van zeer goede kwaliteit. Prijswinnaar van Men&#8217;s Health in 2019 voor beste Gloves in the world!<br />
voor de serieuze en professionele sporter. Neon orange.</p>
<p>&#8220;Next level&#8221; pols support en knokkel bescherming.</p>",Hayabusa,Kickbokshandschoenen leer,"Handschoenen, Kickbokshandschoenen leer, Hayabusa",TRUE,Maat,14 oz,HAY-BH-T3N-OR-14oz,,shopify,12,deny,manual,179.00,,TRUE,TRUE,https://www.fightpro.nl/wp-content/uploads/2023/10/Hayabusa-T3-Neon-Boxing-Gloves-orange-5.jpg,1,Hayabusa T3 Neon Boxing Gloves orange,FALSE,Hayabusa T3 Neon Boxing Gloves orange,Al jaren bekend als een van de beste handschoen merken in de wereld. Hayabusa T3 Neon Boxing Gloves orange,active,Handschoenen
hayabusa-t3-neon-boxing-gloves-orange,,,,,,,,16 oz,HAY-BH-T3N-OR-16oz,,shopify,12,deny,manual,179.00,,TRUE,TRUE,,,,,,,,
hayabusa-t3-neon-boxing-gloves-orange,,,,,,,,,,,,,,,,,,,https://www.fightpro.nl/wp-content/uploads/2023/10/Hayabusa-T3-Neon-Boxing-Gloves-orange-1.jpg,2,,,,,
hayabusa-t3-neon-boxing-gloves-orange,,,,,,,,,,,,,,,,,,,https://www.fightpro.nl/wp-content/uploads/2023/10/Hayabusa-T3-Neon-Boxing-Gloves-orange-2.jpg,3,,,,,
hayabusa-t3-neon-boxing-gloves-orange,,,,,,,,,,,,,,,,,,,https://www.fightpro.nl/wp-content/uploads/2023/10/Hayabusa-T3-Neon-Boxing-Gloves-orange-3.jpg,4,,,,,
hayabusa-t3-neon-boxing-gloves-orange,,,,,,,,,,,,,,,,,,,https://www.fightpro.nl/wp-content/uploads/2023/10/Hayabusa-T3-Neon-Boxing-Gloves-orange-4.jpg,5,,,,,
hayabusa-t3-neon-boxing-gloves-orange,,,,,,,,,,,,,,,,,,,https://www.fightpro.nl/wp-content/uploads/2023/10/Hayabusa-T3-Neon-Boxing-Gloves-orange.jpg,6,,,,,
hayabusa-t3-neon-boxing-gloves-blue,Hayabusa T3 Neon Boxing Gloves blue,"<p>Hayabusa handschoenen van zeer goede kwaliteit. Prijswinnaar van Men&#8217;s Health in 2019 voor beste Gloves in the world!<br />
voor de serieuze en professionele sporter. Neon blauw.</p>
<p>&#8220;Next level&#8221; pols support en knokkel bescherming.</p>",Hayabusa,Kickbokshandschoenen leer,"Handschoenen, Kickbokshandschoenen leer, Hayabusa",TRUE,Maat,14 oz,HAY-BH-T3N-BL-14oz,,shopify,12,deny,manual,179.95,,TRUE,TRUE,https://www.fightpro.nl/wp-content/uploads/2023/10/Hayabusa-T3-Neon-Boxing-Gloves-blue.jpg,1,Hayabusa T3 Neon Boxing Gloves blue,FALSE,Hayabusa T3 Neon Boxing Gloves blue,Al jaren bekend als een van de beste handschoen merken in de wereld. Hayabusa T3 Neon Boxing Gloves,active,Handschoenen
hayabusa-t3-neon-boxing-gloves-blue,,,,,,,,16 oz,HAY-BH-T3N-BL-16oz,,shopify,12,deny,manual,179.95,,TRUE,TRUE,,,,,,,,
hayabusa-t3-neon-boxing-gloves-blue,,,,,,,,,,,,,,,,,,,https://www.fightpro.nl/wp-content/uploads/2023/10/Hayabusa-T3-Neon-Boxing-Gloves-blue-1.jpg,2,,,,,
hayabusa-t3-neon-boxing-gloves-blue,,,,,,,,,,,,,,,,,,,https://www.fightpro.nl/wp-content/uploads/2023/10/Hayabusa-T3-Neon-Boxing-Gloves-blue-2.jpg,3,,,,,
hayabusa-t3-neon-boxing-gloves-blue,,,,,,,,,,,,,,,,,,,https://www.fightpro.nl/wp-content/uploads/2023/10/Hayabusa-T3-Neon-Boxing-Gloves-blue-3.jpg,4,,,,,
hayabusa-t3-neon-boxing-gloves-blue,,,,,,,,,,,,,,,,,,,https://www.fightpro.nl/wp-content/uploads/2023/10/Hayabusa-T3-Neon-Boxing-Gloves-blue-4.jpg,5,,,,,
hayabusa-falcon-muay-thai-shorts-blue,Hayabusa Falcon Muay Thai Shorts – BLUE,<p>Een mooi sportbroekje van het merk Hayabusa. Traditionele muay thai shorts in het blauw</p>,Hayabusa,Broekjes,"Kleding, Broekjes, Hayabusa",TRUE,Maat,XXS,,,shopify,12,deny,manual,69.95,,TRUE,TRUE,https://www.fightpro.nl/wp-content/uploads/2023/10/Hayabusa-Falcon-Muay-Thai-Shorts-blue.jpg,1,Hayabusa Falcon Muay Thai Shorts – BLUE,FALSE,Hayabusa Falcon Muay Thai Shorts – BLUE,,active,Kleding
hayabusa-falcon-muay-thai-shorts-blue,,,,,,,,XS,,,shopify,12,deny,manual,69.95,,TRUE,TRUE,,,,,,,,
hayabusa-falcon-muay-thai-shorts-blue,,,,,,,,S,,,shopify,12,deny,manual,69.95,,TRUE,TRUE,,,,,,,,
hayabusa-falcon-muay-thai-shorts-blue,,,,,,,,M,,,shopify,12,deny,manual,69.95,,TRUE,TRUE,,,,,,,,
hayabusa-falcon-muay-thai-shorts-blue,,,,,,,,L,,,shopify,12,deny,manual,69.95,,TRUE,TRUE,,,,,,,,
hayabusa-falcon-muay-thai-shorts-blue,,,,,,,,XL,,,shopify,12,deny,manual,69.95,,TRUE,TRUE,,,,,,,,
hayabusa-falcon-muay-thai-shorts-blue,,,,,,,,XXL,,,shopify,12,deny,manual,69.95,,TRUE,TRUE,,,,,,,,
hayabusa-falcon-muay-thai-shorts-red,Hayabusa Falcon Muay Thai Shorts – RED,<p>Een mooi sportbroekje van het merk Hayabusa. Traditionele muay thai shorts</p>,Hayabusa,Broekjes,"Kleding, Broekjes, Hayabusa",TRUE,Maat,XXS,,,shopify,12,deny,manual,69.95,,TRUE,TRUE,https://www.fightpro.nl/wp-content/uploads/2023/10/Hayabusa-Falcon-Muay-Thai-Shorts-red.jpg,1,Hayabusa Falcon Muay Thai Shorts – RED,FALSE,Hayabusa Falcon Muay Thai Shorts – RED,,active,Kleding
hayabusa-falcon-muay-thai-shorts-red,,,,,,,,XS,,,shopify,12,deny,manual,69.95,,TRUE,TRUE,,,,,,,,
hayabusa-falcon-muay-thai-shorts-red,,,,,,,,S,,,shopify,12,deny,manual,69.95,,TRUE,TRUE,,,,,,,,
hayabusa-falcon-muay-thai-shorts-red,,,,,,,,M,,,shopify,12,deny,manual,69.95,,TRUE,TRUE,,,,,,,,
hayabusa-falcon-muay-thai-shorts-red,,,,,,,,L,,,shopify,12,deny,manual,69.95,,TRUE,TRUE,,,,,,,,
hayabusa-falcon-muay-thai-shorts-red,,,,,,,,XL,,,shopify,12,deny,manual,69.95,,TRUE,TRUE,,,,,,,,
hayabusa-falcon-muay-thai-shorts-red,,,,,,,,XXL,,,shopify,12,deny,manual,69.95,,TRUE,TRUE,,,,,,,,
bjj-tatami-nova-absolute-black-gi,BJJ TATAMI Nova Absolute Black Gi,<p>BJJ TATAMI Nova Absolute Black Gi</p>,Tatami Fightwear,BJJ,"Tatami Fightwear, Kleding, BJJ",TRUE,Maat,A2 / 180,,,shopify,12,deny,manual,85.00,,TRUE,TRUE,https://www.fightpro.nl/wp-content/uploads/2023/09/tatami-BJJ-Nova-Absolute-Black-Gi.jpg,1,BJJ TATAMI Nova Absolute Black Gi,FALSE,BJJ TATAMI Nova Absolute Black Gi,Maten voor GI’s ofwel BJJ pakken BJJ TATAMI Nova Absolute Black Gi,active,Kleding
bjj-tatami-nova-absolute-black-gi,,,,,,,,A3 / 190,,,shopify,12,deny,manual,85.00,,TRUE,TRUE,,,,,,,,
bjj-tatami-nova-absolute-black-gi,,,,,,,,M4 / 155,,,shopify,12,deny,manual,85.00,,TRUE,TRUE,,,,,,,,
bjj-tatami-nova-absolute-black-gi,,,,,,,,,,,,,,,,,,,https://www.fightpro.nl/wp-content/uploads/2023/09/tatami-BJJ-Nova-Absolute-Black-Gi-2.jpg,2,,,,,
bjj-tatami-nova-absolute-black-gi,,,,,,,,,,,,,,,,,,,https://www.fightpro.nl/wp-content/uploads/2023/09/tatami-BJJ-Nova-Absolute-Black-Gi-3.jpg,3,,,,,
bjj-tatami-nova-absolute-black-gi,,,,,,,,,,,,,,,,,,,https://www.fightpro.nl/wp-content/uploads/2023/09/tatami-BJJ-Nova-Absolute-Black-Gi-4.jpg,4,,,,,
bjj-tatami-nova-absolute-black-gi,,,,,,,,,,,,,,,,,,,https://www.fightpro.nl/wp-content/uploads/2023/09/bjj-gi-maten-size.jpg,5,,,,,
gepersonaliseerde-bokszak-custom-gevuld-en-met-ketting-180-cm-met-eigen-logo,GEPERSONALISEERDE  BOKSZAK ‘CUSTOM’ gevuld en met ketting 180 cm (MET EIGEN LOGO),"<p>Bokszak kopen? mogelijk om te laten personaliseren met eigen logo, tekst of plaatje.<br />
Bij afname van 5 bokszakken of meer, gelden ANDERE PRIJZEN! (SPORTSCHOLEN/INSTELLINGEN/PERSONAL TRAINERS HEBBEN ANDERE PRIJZEN.)</p>
<p>BOKSZAK &#8216;CUSTOM&#8221; is gevuld en met ketting 180 cm. Kwalitatieve bokszak voor de beginner maar ook voor sportscholen zeer geschikt.</p>
<p>Ook te bestellen in de maten:<br />
80cm<br />
100 cm<br />
120 cm<br />
150 cm<br />
180 cm</p>
<p><strong>Prijs op aanvraag. Neem contact met ons op voor een offerte.</strong></p>",Fightpro,Bokszakken,"Fightpro, Bokszakken, Uitrusting",TRUE,Title,Default Title,,,shopify,12,deny,manual,0.00,,TRUE,TRUE,https://www.fightpro.nl/wp-content/uploads/2023/07/Boxsack-gefullt-langlebig-180cm-mit-Kette.jpg,1,GEPERSONALISEERDE  BOKSZAK ‘CUSTOM’ gevuld en met ketting 180 cm (MET EIGEN LOGO),FALSE,GEPERSONALISEERDE  BOKSZAK ‘CUSTOM’ gevuld en met ketting 180 cm (MET EIGEN LOGO),"Bokszak kopen in Enschede? Prijs op aanvraag. Neem contact met ons op voor een offerte. Fightpro bokszak 180 cm, top kwaliteit en ook voor professioneel gebruik. Mogelijk met eigen logo of tekst.",active,Uitrusting
shockdoctor-tok-kruisbeschermer-core-supporter-with-bioflex-cup,Shockdoctor tok Kruisbeschermer Core Supporter With BioFlex Cup,"<p>Shockdoctor tok Kruisbeschermer Core Supporter With BioFlex Cup.</p>
<p>Meerdere maten verkrijgbaar. Topkwaliteit met een mooi design.</p>",Shockdoctor,Kruis bescherming,"Bescherming, Shockdoctor, Kruis bescherming",TRUE,Maat,L,sd-213-L,,shopify,12,deny,manual,19.95,,TRUE,TRUE,https://www.fightpro.nl/wp-content/uploads/2023/06/shockdoctor-Core-Supporter-With-BioFlex-Cup-1.jpg,1,Shockdoctor tok Kruisbeschermer Core Supporter With BioFlex Cup,FALSE,Shockdoctor tok Kruisbeschermer Core Supporter With BioFlex Cup,Shockdoctor tok Kruisbeschermer Core Supporter With BioFlex Cup,active,Bescherming
shockdoctor-tok-kruisbeschermer-core-supporter-with-bioflex-cup,,,,,,,,M,sd-213-M,,shopify,12,deny,manual,19.95,,TRUE,TRUE,,,,,,,,
shockdoctor-tok-kruisbeschermer-core-supporter-with-bioflex-cup,,,,,,,,S,sd-213-S,,shopify,12,deny,manual,19.95,,TRUE,TRUE,,,,,,,,
shockdoctor-tok-kruisbeschermer-core-supporter-with-bioflex-cup,,,,,,,,XL,sd-213-XL,,shopify,12,deny,manual,19.95,,TRUE,TRUE,,,,,,,,
shockdoctor-tok-kruisbeschermer-core-supporter-with-bioflex-cup,,,,,,,,XS,sd-213-XS,,shopify,12,deny,manual,19.95,,TRUE,TRUE,,,,,,,,
shockdoctor-tok-kruisbeschermer-core-supporter-with-bioflex-cup,,,,,,,,XXS,sd-213-XXS,,shopify,12,deny,manual,19.95,,TRUE,TRUE,,,,,,,,
biotech-one-a-day-multivitamine-100-tabletten,Biotech One a Day multivitamine 100 tabletten,"<p>Biotech One a Day multivitamine 100 tabletten. Met de one-a-day van het topmerk Biotech, heb je verder weinig nodig. Alle vitaminen die je nodig hebt, zitten in deze tabletten.</p>
<ul>
<li>12 soorten vitamine</li>
<li>10 soorten mineralen</li>
<li>Glutenvrij</li>
<li>Lactosevrij</li>
<li>Per dag 1 tablet,  genoeg voor 100 dagen.</li>
<li>Vegan</li>
</ul>
<p>Voor een gezond en actief leven.</p>",Bio Tech,Voeding,"Bio Tech, Voeding",TRUE,Title,Default Title,8717624163357-1-1-1-1-1-1-1-1-1,,shopify,12,deny,manual,16.95,,TRUE,TRUE,https://www.fightpro.nl/wp-content/uploads/2023/04/Biotech-One-a-Day-multivitamine.jpg,1,Biotech One a Day multivitamine 100 tabletten,FALSE,Biotech One a Day multivitamine 100 tabletten,Biotech One a Day multivitamine 100 tabletten.,active,Voeding
hot-blood-hardcore-pre-workout-scitec-nutrition,Hot Blood Hardcore Pre-Workout – Scitec Nutrition,<p>Hot Blood Hardcore Pre-Workout &#8211; Scitec Nutrition. Zeer goede en sterke pre-workout van Scitec/Biotech</p>,Bio Tech,Voeding,"Bio Tech, Voeding",TRUE,Title,Default Title,8717624163357-1-1-1-1-1-1-1-1,,shopify,12,deny,manual,29.95,,TRUE,TRUE,https://www.fightpro.nl/wp-content/uploads/2023/04/Hot-Blood-Hardcore-Pre-Workout-Scitec-Nutrition.jpg,1,Hot Blood Hardcore Pre-Workout – Scitec Nutrition,FALSE,Hot Blood Hardcore Pre-Workout – Scitec Nutrition,Hot Blood Hardcore Pre-Workout – Scitec Nutrition,active,Voeding
hayabusa-pts3-thai-arm-pads,Hayabusa PTS3 Thai arm Pads,"<p>Hayabusa PTS3 voorgevormde Thai arm Pads.</p>
<p>Zeer goede kwaliteit, ook voor professioneel gebruik.</p>
<p>5 laags schuim met sterke afwerking.</p>",Hayabusa,trap/stoot kussens,"trap/stoot kussens, Uitrusting, Hayabusa",TRUE,Title,Default Title,hayabusa-pts3,,shopify,12,deny,manual,169.95,,TRUE,TRUE,https://www.fightpro.nl/wp-content/uploads/2023/04/Thai-arm-pads-Hayabusa-PTS3.jpg,1,Hayabusa PTS3 Thai arm Pads,FALSE,Hayabusa PTS3 Thai arm Pads,,active,Uitrusting
hayabusa-pts3-thai-arm-pads,,,,,,,,,,,,,,,,,,,https://www.fightpro.nl/wp-content/uploads/2023/04/Thai-arm-pads-Hayabusa-PTS3-1.jpg,2,,,,,
hayabusa-pts3-thai-arm-pads,,,,,,,,,,,,,,,,,,,https://www.fightpro.nl/wp-content/uploads/2023/04/Thai-arm-pads-Hayabusa-PTS3-2.jpg,3,,,,,
hayabusa-pts3-thai-arm-pads,,,,,,,,,,,,,,,,,,,https://www.fightpro.nl/wp-content/uploads/2023/04/Thai-arm-pads-Hayabusa-PTS3-3.jpg,4,,,,,
scitec-nutrition-tribu-2000-90-tablets,Scitec Nutrition Tribu 2000 90 tablets,<p>Scitec Nutrition Tribu 2000 90 tablets</p>,Bio Tech,Voeding,"Bio Tech, Voeding",TRUE,Title,Default Title,8717624163357-1-1-1-1-1-1-1,,shopify,12,deny,manual,24.95,,TRUE,TRUE,https://www.fightpro.nl/wp-content/uploads/2023/03/Scitec-Nutrition-Tribu-2000-90-tablets.jpg,1,Scitec Nutrition Tribu 2000 90 tablets,FALSE,Scitec Nutrition Tribu 2000 90 tablets,Scitec Nutrition Tribu 2000 90 tablets,active,Voeding
fightpro-kickbokshandschoenen-de-luxe-zwart,Fightpro-kickbokshandschoenen-DE LUXE Zwart,"<div class=""short-description"">
<div class=""std"">Fightpro-kickbokshandschoenen-DE LUXE Zwart, met coole black-on-black look.</div>
<div></div>
<div class=""std"">Voor de GEVORDERDE kickboksers. Fightpro-kickbokshandschoenen! De &#8220;Fightpro de Luxe&#8221;  bokshandschoen van hoogwaardig leer is bedoeld voor de serieuze bokser/kickbokser. Zwart en tijdloos met een rand koolstofvezeleffect.<br />
De bokshandschoen is voorzien van een zeer goede terugtrekkende klittenbandsluiting die de pols erg goed beschermt.<br />
De suède leren duim is erg praktisch om zweet te wissen van je gezicht.</div>
</div>",Fightpro,Kickbokshandschoenen leer,"Fightpro, Kickbokshandschoenen leer, Handschoenen, Bestseller",TRUE,Maat,10 oz,Fightpro-LU-HS-1-10oz,,shopify,12,deny,manual,99.95,,TRUE,TRUE,https://www.fightpro.nl/wp-content/uploads/2022/11/fightpro-boxhandschuhe-de-luxe-leder.jpg,1,Fightpro-kickbokshandschoenen-DE LUXE Zwart,FALSE,Fightpro-kickbokshandschoenen-DE LUXE Zwart,De “Fightpro de Luxe” black-on-black bokshandschoen staat bekend om de goede polsbescherming en zit erg aangenaam.,active,Handschoenen
fightpro-kickbokshandschoenen-de-luxe-zwart,,,,,,,,12 oz,Fightpro-LU-HS-1-12oz,,shopify,12,deny,manual,99.95,,TRUE,TRUE,,,,,,,,
fightpro-kickbokshandschoenen-de-luxe-zwart,,,,,,,,14 oz,Fightpro-LU-HS-1-14oz,,shopify,12,deny,manual,99.95,,TRUE,TRUE,,,,,,,,
fightpro-kickbokshandschoenen-de-luxe-zwart,,,,,,,,16 oz,Fightpro-LU-HS-1-16oz,,shopify,12,deny,manual,99.95,,TRUE,TRUE,,,,,,,,
fightpro-kickbokshandschoenen-de-luxe-zwart,,,,,,,,4 oz,Fightpro-LU-HS-1-4oz,,shopify,12,deny,manual,99.95,,TRUE,TRUE,,,,,,,,
fightpro-kickbokshandschoenen-de-luxe-zwart,,,,,,,,6 oz,Fightpro-LU-HS-1-6oz,,shopify,12,deny,manual,99.95,,TRUE,TRUE,,,,,,,,
fightpro-kickbokshandschoenen-de-luxe-zwart,,,,,,,,8 oz,Fightpro-LU-HS-1-8oz,,shopify,12,deny,manual,99.95,,TRUE,TRUE,,,,,,,,
fightpro-kickbokshandschoenen-de-luxe-zwart,,,,,,,,,,,,,,,,,,,https://www.fightpro.nl/wp-content/uploads/2022/11/fightpro-boxhandschuhe-de-luxe-leder-2.jpg,2,,,,,
fightpro-kickbokshandschoenen-de-luxe-zwart,,,,,,,,,,,,,,,,,,,https://www.fightpro.nl/wp-content/uploads/2022/11/fightpro-boxhandschuhe-de-luxe-leder-3.jpg,3,,,,,
fightpro-kickbokshandschoenen-de-luxe-zwart,,,,,,,,,,,,,,,,,,,https://www.fightpro.nl/wp-content/uploads/2022/11/fightpro-boxhandschuhe-de-luxe-leder-4.jpg,4,,,,,
fightpro-kickbokshandschoenen-de-luxe-zwart,,,,,,,,,,,,,,,,,,,https://www.fightpro.nl/wp-content/uploads/2022/11/fightpro-boxhandschuhe-de-luxe-leder-5.jpg,5,,,,,
exercise-wheel-booster-abs-core-training,EXERCISE WHEEL BOOSTER abs – core training,<p>EXERCISE WHEEL BOOSTER abs &#8211; core training.</p>,Booster,Fitness en cardio,"Fitness en cardio, Booster, Uitrusting",TRUE,Title,Default Title,8717624162510-1,,shopify,12,deny,manual,16.50,,TRUE,TRUE,https://www.fightpro.nl/wp-content/uploads/2022/11/excercise-wheel-abs-booster.jpg,1,EXERCISE WHEEL BOOSTER abs – core training,FALSE,EXERCISE WHEEL BOOSTER abs – core training,,active,Uitrusting
thermo-drine-60-capsules-vetverbrander-weight-loss,"Thermo Drine 60 capsules, vetverbrander Weight Loss","<p>Thermo Drine 60 capsules, vetverbrander Weight Loss</p>",Bio Tech,Voeding,"Bio Tech, Voeding",TRUE,Title,Default Title,8717624163357-1-1-1-1-1,,shopify,12,deny,manual,19.95,,TRUE,TRUE,https://www.fightpro.nl/wp-content/uploads/2022/10/Thermo-Drine-60-capsules-vetverbrander.jpg,1,"Thermo Drine 60 capsules, vetverbrander Weight Loss",FALSE,"Thermo Drine 60 capsules, vetverbrander Weight Loss","Stacker Weight Loss, vetverbrander Stacker 4 -100 capsules",active,Voeding
stacker-weight-loss-vetverbrander-stacker-4-100-capsules,"Stacker Weight Loss, vetverbrander Stacker 4 -100 capsules","<p>Stacker Weight Loss, vetverbrander Stacker 4 -100 capsules</p>
<p>&nbsp;</p>
<p>Een van de beste vetverbranders op de markt.</p>",Fightpro,Voeding,"Fightpro, Voeding",TRUE,Title,Default Title,8717624163357-1-1-1-1,,shopify,12,deny,manual,29.95,,TRUE,TRUE,https://www.fightpro.nl/wp-content/uploads/2022/10/Stacker-Weight-Loss-Stacker-4-100-capsules.jpg,1,"Stacker Weight Loss, vetverbrander Stacker 4 -100 capsules",FALSE,"Stacker Weight Loss, vetverbrander Stacker 4 -100 capsules","Stacker Weight Loss, vetverbrander Stacker 4 -100 capsules",active,Voeding
dt-4-professionele-boxing-timer-klok-booster,DT-4 Professionele boxing timer-klok Booster,"<p>DT-4 Professionele boxing timer-klok Booster</p>
<ul>
<li><strong>Ronde tijd:</strong> Bereik tussen 1-9 minuten (per minuut)</li>
<li><strong>Aantal rondes:</strong>  1-99</li>
<li><strong>Interval Beep</strong></li>
<li><strong>Rust tijd:</strong> Bereik tussen 10-90 seconden</li>
<li><strong>Geluid:</strong> 4 levels voor volume</li>
</ul>",Booster,Diversen,"Booster, Diversen",TRUE,Title,Default Title,VSB022-1,,shopify,12,deny,manual,199.95,,TRUE,TRUE,https://www.fightpro.nl/wp-content/uploads/2022/07/DT-4-boxing-timer-klok-booster-2.jpg,1,DT-4 Professionele boxing timer-klok Booster,FALSE,DT-4 Professionele boxing timer-klok Booster,DT-4 Professionele boxing timer-klok Booster,active,Diversen
dt-4-professionele-boxing-timer-klok-booster,,,,,,,,,,,,,,,,,,,https://www.fightpro.nl/wp-content/uploads/2022/07/DT-4-boxing-timer-klok-booster.jpg,2,,,,,
dt-4-professionele-boxing-timer-klok-booster,,,,,,,,,,,,,,,,,,,https://www.fightpro.nl/wp-content/uploads/2022/07/DT-4-boxing-timer-klok-booster-1.jpg,3,,,,,
twins-bplk-leder-buik-en-been-pantser-belly-leg-protector,TWINS BPLK leder buik en been pantser belly – leg  protector,<p>TWINS BPLK leder buik en been pantser belly &#8211; leg protector</p>,Twins,trap/stoot kussens,"Twins, trap/stoot kussens, Uitrusting",TRUE,Title,Default Title,BPV2-1-1,,shopify,12,deny,manual,252.00,,TRUE,TRUE,https://www.fightpro.nl/wp-content/uploads/2022/07/TWINS-BPLK-BPMUAY-THAI-BELLY-leg-PAD-1.jpg,1,TWINS BPLK leder buik en been pantser belly – leg  protector,FALSE,TWINS BPLK leder buik en been pantser belly – leg  protector,TWINS BPLK leder buik en been pantser belly – leg protector,active,Uitrusting
twins-bplk-leder-buik-en-been-pantser-belly-leg-protector,,,,,,,,,,,,,,,,,,,https://www.fightpro.nl/wp-content/uploads/2022/07/TWINS-BPLK-BPMUAY-THAI-BELLY-leg-PAD-2.jpg,2,,,,,
kpb-bp-king-pro-boxing-leder-buik-pantser-belly-protector,KPB/BP KING PRO BOXING leder buik pantser belly protector,<p>KPB/BP KING PRO BOXING leder buik pantser belly protector</p>,King,trap/stoot kussens,"trap/stoot kussens, Uitrusting, King",TRUE,Title,Default Title,BPV2-1,,shopify,12,deny,manual,134.00,,TRUE,TRUE,https://www.fightpro.nl/wp-content/uploads/2022/07/king-KPB-BPMUAY-THAI-BELLY-PAD.jpg,1,KPB/BP KING PRO BOXING leder buik pantser belly protector,FALSE,KPB/BP KING PRO BOXING leder buik pantser belly protector,KPB/BP KING PRO BOXING leder buik pantser belly protector,active,Uitrusting
kpb-bp-king-pro-boxing-leder-buik-pantser-belly-protector,,,,,,,,,,,,,,,,,,,https://www.fightpro.nl/wp-content/uploads/2022/07/king-KPB-BPMUAY-THAI-BELLY-PAD-1.jpg,2,,,,,
queen-scheenbeschermers-sgq-amazone-camo,QUEEN SCHEENBESCHERMERS SGQ AMAZONE CAMO,"<div class=""short-description"">
<div class=""std"">Queen vrolijke dames SCHEENBESCHERMERS van goede kwaliteit skintex.</div>
</div>",Queen,Scheenbeschermers,"Bescherming, Scheenbeschermers, Queen",TRUE,Maat,10 oz,DR35-GO-1-1-1-1-1-1-10oz,,shopify,12,deny,manual,49.95,64.95,TRUE,TRUE,https://www.fightpro.nl/wp-content/uploads/2022/07/QUEEN-SCHEENBESCHERMER-CAMO-AMAZONE.jpg,1,QUEEN SCHEENBESCHERMERS SGQ AMAZONE CAMO,FALSE,QUEEN SCHEENBESCHERMERS SGQ AMAZONE CAMO,QUEEN SCHEENBESCHERMERS SGQ AMAZONE CAMO,active,Bescherming
queen-scheenbeschermers-sgq-amazone-camo,,,,,,,,12 oz,DR35-GO-1-1-1-1-1-1-12oz,,shopify,12,deny,manual,49.95,64.95,TRUE,TRUE,,,,,,,,
smai-full-belly-protector-borst-pantser,SMAI FULL BELLY PROTECTOR /BORST PANTSER,"<p>SMAI FULL BELLY PROTECTOR /BORST PANTSER. Nr 1 merk in Australië.</p>
<ul>
<li>Rundsleder</li>
<li>One size</li>
</ul>",Smai,trap/stoot kussens,"Smai, trap/stoot kussens, Uitrusting",TRUE,Title,Default Title,BPV1-1-1,,shopify,12,deny,manual,179.95,,TRUE,TRUE,https://www.fightpro.nl/wp-content/uploads/2022/07/SMAI-full-body-BELLY-PAD.jpg,1,SMAI FULL BELLY PROTECTOR /BORST PANTSER,FALSE,SMAI FULL BELLY PROTECTOR /BORST PANTSER,SMAI FULL BELLY PROTECTOR /BORST PANTSER 55 mm dik 60 cm hoog Rundleder,active,Uitrusting
smai-full-belly-protector-borst-pantser,,,,,,,,,,,,,,,,,,,https://www.fightpro.nl/wp-content/uploads/2022/07/SMAI-full-body-BELLY-PAD-1.jpg,2,,,,,
smai-full-belly-protector-borst-pantser,,,,,,,,,,,,,,,,,,,https://www.fightpro.nl/wp-content/uploads/2022/07/SMAI-full-body-BELLY-PAD-2.jpg,3,,,,,
smai-full-belly-protector-borst-pantser,,,,,,,,,,,,,,,,,,,https://www.fightpro.nl/wp-content/uploads/2022/07/SMAI-full-body-BELLY-PAD-3.jpg,4,,,,,
smai-full-belly-protector-borst-pantser,,,,,,,,,,,,,,,,,,,https://www.fightpro.nl/wp-content/uploads/2022/07/SMAI-full-body-BELLY-PAD-4.jpg,5,,,,,
smai-elite85-muay-thai-belly-protector-borst-pantser,SMAI ELITE85 MUAY THAI BELLY PROTECTOR /BORST PANTSER,"<p>SMAI ELITE85 MUAY THAI BELLY PROTECTOR /BORST PANTSER. Nr 1 merk in Australië.</p>
<ul>
<li>Rundsleder</li>
<li>One size</li>
</ul>",Smai,trap/stoot kussens,"Smai, trap/stoot kussens, Uitrusting",TRUE,Title,Default Title,BPV1-1,,shopify,12,deny,manual,129.95,,TRUE,TRUE,https://www.fightpro.nl/wp-content/uploads/2022/07/SMAI-ELITE85-MUAY-THAI-BELLY-PAD.jpg,1,SMAI ELITE85 MUAY THAI BELLY PROTECTOR /BORST PANTSER,FALSE,SMAI ELITE85 MUAY THAI BELLY PROTECTOR /BORST PANTSER,SMAI ELITE85 MUAY THAI BELLY PROTECTOR /BORST PANTSER,active,Uitrusting
smai-elite85-muay-thai-belly-protector-borst-pantser,,,,,,,,,,,,,,,,,,,https://www.fightpro.nl/wp-content/uploads/2022/07/SMAI-ELITE85-MUAY-THAI-BELLY-PAD-1.jpg,2,,,,,
smai-elite85-muay-thai-belly-protector-borst-pantser,,,,,,,,,,,,,,,,,,,https://www.fightpro.nl/wp-content/uploads/2022/07/SMAI-ELITE85-MUAY-THAI-BELLY-PAD-2.jpg,3,,,,,
smai-elite85-muay-thai-belly-protector-borst-pantser,,,,,,,,,,,,,,,,,,,https://www.fightpro.nl/wp-content/uploads/2022/07/SMAI-ELITE85-MUAY-THAI-BELLY-PAD-3.jpg,4,,,,,
smai-elite85-muay-thai-belly-protector-borst-pantser,,,,,,,,,,,,,,,,,,,https://www.fightpro.nl/wp-content/uploads/2022/07/SMAI-ELITE85-MUAY-THAI-BELLY-PAD-4.jpg,5,,,,,
smai-elite85-muay-thai-belly-protector-borst-pantser,,,,,,,,,,,,,,,,,,,https://www.fightpro.nl/wp-content/uploads/2022/07/SMAI-ELITE85-MUAY-THAI-BELLY-PAD-5.jpg,6,,,,,
joya-voet-en-enkelbeschermers,JOYA VOET en ENKELBESCHERMERS,"<p>JOYA VOET en ENKELBESCHERMERS</p>
<p>Meerdere kleuren en maten.</p>",Joya,Diversen,"Joya, Diversen",TRUE,Maat,L,048601-L,,shopify,12,deny,manual,9.95,,TRUE,TRUE,https://www.fightpro.nl/wp-content/uploads/2022/07/JOYA-ENKELBESCHERMERS-voet-sok.jpg,1,JOYA VOET en ENKELBESCHERMERS,FALSE,JOYA VOET en ENKELBESCHERMERS,,active,Diversen
joya-voet-en-enkelbeschermers,,,,,,,,M,048601-M,,shopify,12,deny,manual,9.95,,TRUE,TRUE,,,,,,,,
joya-voet-en-enkelbeschermers,,,,,,,,S,048601-S,,shopify,12,deny,manual,9.95,,TRUE,TRUE,,,,,,,,
joya-voet-en-enkelbeschermers,,,,,,,,XL,048601-XL,,shopify,12,deny,manual,9.95,,TRUE,TRUE,,,,,,,,
joya-voet-en-enkelbeschermers,,,,,,,,XS,048601-XS,,shopify,12,deny,manual,9.95,,TRUE,TRUE,,,,,,,,
joya-voet-en-enkelbeschermers,,,,,,,,XXS,048601-XXS,,shopify,12,deny,manual,9.95,,TRUE,TRUE,,,,,,,,
joya-spiegelhanger-bokshandschoenen-vlaggen-landen,JOYA spiegelhanger bokshandschoenen vlaggen landen,"<p>JOYA spiegelhanger bokshandschoenen vlaggen landen</p>
<ul>
<li>Holland</li>
<li>Morocco</li>
<li>Turkey</li>
<li>Suriname</li>
</ul>",Joya,Diversen,"Joya, Diversen",TRUE,Title,Default Title,048901,,shopify,12,deny,manual,5.95,,TRUE,TRUE,https://www.fightpro.nl/wp-content/uploads/2022/07/JOYA-spiegelhanger-bokshandschoen.jpg,1,JOYA spiegelhanger bokshandschoenen vlaggen landen,FALSE,JOYA spiegelhanger bokshandschoenen vlaggen landen,Verkrijgbaar: Holland Morocco Turkey Suriname,active,Diversen
joya-spiegelhanger-bokshandschoenen-vlaggen-landen,,,,,,,,,,,,,,,,,,,https://www.fightpro.nl/wp-content/uploads/2022/07/JOYA-spiegelhanger-bokshandschoen1.jpg,2,,,,,
100-pure-whey-1000gr-door-biotech-usa,100% Pure Whey (1000gr) door BioTech USA,"<p>100% Pure Whey (1000 gr) door BioTech USA. Een van de best producten op de markt. Daarnaast erg lekker van smaak.</p>
<ul>
<li>met toegevoegde functionele aminozuren</li>
<li>palmolievrij en conserveermiddelen vrij</li>
<li>1 dosis bevat (28 g): 21 g eiwitten waarvan 6 g BCAA&#8217;s</li>
</ul>",Bio Tech,Voeding,"Bio Tech, Voeding",TRUE,Title,Default Title,8717624163357-1-2,,shopify,12,deny,manual,39.95,,TRUE,TRUE,https://www.fightpro.nl/wp-content/uploads/2022/07/BioTech-Pure-Whey-vanilla-1000g.jpg,1,100% Pure Whey (1000gr) door BioTech USA,FALSE,100% Pure Whey (1000gr) door BioTech USA,100% Pure Whey voor eiwit shakes. VERKRIJGBAAR IN VANILLE EN AARDBEI,active,Voeding
joya-elasto-deluxe-bandages-450cm-zwart-goud,Joya Elasto Deluxe Bandages 450cm zwart/goud,<p>Joya Elasto Deluxe Bandages 450cm zwart/goud</p>,Joya,Bandages,"Bandages, Joya, Bescherming",TRUE,Title,Default Title,J48001-BK/GD,,shopify,12,deny,manual,12.95,,TRUE,TRUE,https://www.fightpro.nl/wp-content/uploads/2022/07/JOYAGEAR-ELASTO-BANDAGES-ZWART-goud.jpg,1,Joya Elasto Deluxe Bandages 450cm zwart/goud,FALSE,Joya Elasto Deluxe Bandages 450cm zwart/goud,"Verstevig je polsen met de boksbandages van Joya. We hebben handwraps in verschillende lengtes, maar ook met meerdere designs en kleuren. Algemeen advies is: 280 cm voor MMA en jeugd. Volwassenen (man en vrouw) gebruiken meestal 350 cm. Vaak last van pols? Of grote handen? neem dan 450 cm. 100% Kato",active,Bescherming
joya-elasto-deluxe-bandages-450cm-zwart-goud,,,,,,,,,,,,,,,,,,,https://www.fightpro.nl/wp-content/uploads/2022/07/JOYAGEAR-ELASTO-BANDAGES-ZWART-ZILVER-2.jpg,2,,,,,
joya-elasto-deluxe-bandages-450cm-zwart-zilver,Joya Elasto Deluxe Bandages 450cm zwart/zilver,<p>Joya Elasto Deluxe Bandages 450cm zwart/zilver</p>,Joya,Bandages,"Bandages, Joya, Bescherming",TRUE,Title,Default Title,J48001-BK/SV,,shopify,12,deny,manual,12.95,,TRUE,TRUE,https://www.fightpro.nl/wp-content/uploads/2022/07/JOYAGEAR-ELASTO-BANDAGES-ZWART-ZILVER.jpg,1,Joya Elasto Deluxe Bandages 450cm zwart/zilver,FALSE,Joya Elasto Deluxe Bandages 450cm zwart/zilver,"Verstevig je polsen met de boksbandages van Joya. We hebben handwraps in verschillende lengtes, maar ook met meerdere designs en kleuren. Algemeen advies is: 280 cm voor MMA en jeugd. Volwassenen (man en vrouw) gebruiken meestal 350 cm. Vaak last van pols? Of grote handen? neem dan 450 cm. 100% Kato",active,Bescherming
joya-elasto-deluxe-bandages-450cm-zwart-zilver,,,,,,,,,,,,,,,,,,,https://www.fightpro.nl/wp-content/uploads/2022/07/JOYAGEAR-ELASTO-BANDAGES-ZWART-ZILVER-2.jpg,2,,,,,
joya-dragon-kickboks-scheenbeschermers-roze,Joya Dragon Kickboks Scheenbeschermers roze,<p>Dragon scheendekkers van Joya. Voor de jeugdige vechters</p>,Joya,Kids,"Kids, Joya",TRUE,Maat,L,JFG-DN-SG-GD-1-1-L,,shopify,12,deny,manual,39.95,,TRUE,TRUE,https://www.fightpro.nl/wp-content/uploads/2022/07/JOYA-DRAGON-SCHEENBESCHERMERS-ROZE.jpg,1,Joya Dragon Kickboks Scheenbeschermers roze,FALSE,Joya Dragon Kickboks Scheenbeschermers roze,Joya Scheenbeschermer voor de jeugd.,active,Kids
joya-dragon-kickboks-scheenbeschermers-roze,,,,,,,,M,JFG-DN-SG-GD-1-1-M,,shopify,12,deny,manual,39.95,,TRUE,TRUE,,,,,,,,
joya-dragon-kickboks-scheenbeschermers-roze,,,,,,,,S,JFG-DN-SG-GD-1-1-S,,shopify,12,deny,manual,39.95,,TRUE,TRUE,,,,,,,,
joya-dragon-kickboks-scheenbeschermers-roze,,,,,,,,XL,JFG-DN-SG-GD-1-1-XL,,shopify,12,deny,manual,39.95,,TRUE,TRUE,,,,,,,,
joya-dragon-kickboks-scheenbeschermers-roze,,,,,,,,XS,JFG-DN-SG-GD-1-1-XS,,shopify,12,deny,manual,39.95,,TRUE,TRUE,,,,,,,,
joya-dragon-kickboks-scheenbeschermers-roze,,,,,,,,XXS,JFG-DN-SG-GD-1-1-XXS,,shopify,12,deny,manual,39.95,,TRUE,TRUE,,,,,,,,
joya-dragon-kickboks-scheenbeschermers-goud,Joya Dragon Kickboks Scheenbeschermers goud,<p>Dragon scheendekkers van Joya. Voor de jeugdige vechters</p>,Joya,Kids,"Kids, Joya",TRUE,Maat,L,JFG-DN-SG-GD-1-L,,shopify,12,deny,manual,34.95,,TRUE,TRUE,https://www.fightpro.nl/wp-content/uploads/2022/07/JOYA-DRAGON-SCHEENBESCHERMERS-GOUD-1.jpg,1,Joya Dragon Kickboks Scheenbeschermers goud,FALSE,Joya Dragon Kickboks Scheenbeschermers goud,Joya Scheenbeschermer voor de jeugd.,active,Kids
joya-dragon-kickboks-scheenbeschermers-goud,,,,,,,,M,JFG-DN-SG-GD-1-M,,shopify,12,deny,manual,34.95,,TRUE,TRUE,,,,,,,,
joya-dragon-kickboks-scheenbeschermers-goud,,,,,,,,S,JFG-DN-SG-GD-1-S,,shopify,12,deny,manual,34.95,,TRUE,TRUE,,,,,,,,
joya-dragon-kickboks-scheenbeschermers-goud,,,,,,,,XL,JFG-DN-SG-GD-1-XL,,shopify,12,deny,manual,34.95,,TRUE,TRUE,,,,,,,,
joya-dragon-kickboks-scheenbeschermers-goud,,,,,,,,XS,JFG-DN-SG-GD-1-XS,,shopify,12,deny,manual,34.95,,TRUE,TRUE,,,,,,,,
joya-dragon-kickboks-scheenbeschermers-goud,,,,,,,,XXS,JFG-DN-SG-GD-1-XXS,,shopify,12,deny,manual,34.95,,TRUE,TRUE,,,,,,,,
joya-dragon-kickboks-scheenbeschermers-goud,,,,,,,,,,,,,,,,,,,https://www.fightpro.nl/wp-content/uploads/2022/07/JOYA-DRAGON-SCHEENBESCHERMERS-GOUD-1-1.jpg,2,,,,,
joya-dragon-kickboks-scheenbeschermers-goud,,,,,,,,,,,,,,,,,,,https://www.fightpro.nl/wp-content/uploads/2022/07/JOYA-DRAGON-SCHEENBESCHERMERS-GOUD-2.jpg,3,,,,,
king-kickboks-scheenbeschermers-kpb-sgl-7,KING Kickboks scheenbeschermers KPB/SGL 7,"<p>KING Kickboks scheenbeschermers KPB/SGL 7</p>
<p>Voor de fanatieke serieuze kickbokser</p>",King,Scheenbeschermers,"Bescherming, Scheenbeschermers, King",TRUE,Maat,XS,KPB/SGL 7-XS,,shopify,12,deny,manual,119.95,,TRUE,TRUE,https://www.fightpro.nl/wp-content/uploads/2022/07/KING-PRO-BOXING-shinguard-KPB-SGL-7-S.jpg,1,KING Kickboks scheenbeschermers KPB/SGL 7,FALSE,KING Kickboks scheenbeschermers KPB/SGL 7,,active,Bescherming
king-kickboks-scheenbeschermers-kpb-sgl-7,,,,,,,,S,KPB/SGL 7-S,,shopify,12,deny,manual,119.95,,TRUE,TRUE,,,,,,,,
king-kickboks-scheenbeschermers-kpb-sgl-7,,,,,,,,M,KPB/SGL 7-M,,shopify,12,deny,manual,119.95,,TRUE,TRUE,,,,,,,,
king-kickboks-scheenbeschermers-kpb-sgl-7,,,,,,,,L,KPB/SGL 7-L,,shopify,12,deny,manual,119.95,,TRUE,TRUE,,,,,,,,
king-kickboks-scheenbeschermers-kpb-sgl-7,,,,,,,,XL,KPB/SGL 7-XL,,shopify,12,deny,manual,119.95,,TRUE,TRUE,,,,,,,,
king-kickboks-scheenbeschermers-kpb-sgl-7,,,,,,,,XXL,KPB/SGL 7-XXL,,shopify,12,deny,manual,119.95,,TRUE,TRUE,,,,,,,,
king-kickboks-scheenbeschermers-kpb-sgl-7,,,,,,,,,,,,,,,,,,,https://www.fightpro.nl/wp-content/uploads/2022/07/KING-PRO-BOXING-shinguard-KPB-SGL-7-1.jpg,2,,,,,
king-kickboks-scheenbeschermers-kpb-sgl-7,,,,,,,,,,,,,,,,,,,https://www.fightpro.nl/wp-content/uploads/2022/07/KING-PRO-BOXING-shinguard-KPB-SGL-7-2.jpg,3,,,,,
booster-bandage-handwraps-roze-460-cm,Booster bandage handwraps Roze 460 cm,<p>Booster bandage handwraps roze 460 cm</p>,Booster,Bandages,"Bandages, Booster, Bescherming",TRUE,Title,Default Title,bpc-pink,,shopify,12,deny,manual,9.95,,TRUE,TRUE,https://www.fightpro.nl/wp-content/uploads/2022/07/BPC-booster-bandage-460cm-roze.jpg,1,Booster bandage handwraps Roze 460 cm,FALSE,Booster bandage handwraps Roze 460 cm,"Verstevig je polsen met boksbandages. We hebben handwraps in verschillende lengtes, maar ook met meerdere designs en kleuren. Algemeen advies is: 280 cm voor MMA en jeugd. Volwassenen (man en vrouw) gebruiken meestal 350 cm. Vaak last van pols? Of grote handen? neem dan 450 cm. 100% Katoen/velcro ba",active,Bescherming
booster-bandage-handwraps-roze-460-cm,,,,,,,,,,,,,,,,,,,https://www.fightpro.nl/wp-content/uploads/2022/07/BPC-booster-bandage-460cm-roze-1.jpg,2,,,,,
booster-bandage-handwraps-blauw-460-cm,Booster bandage handwraps Blauw 460 cm,<p>Booster bandage handwraps Blauw 460 cm</p>,Booster,Bandages,"Bandages, Booster, Bescherming",TRUE,Title,Default Title,bpc-blue,,shopify,12,deny,manual,9.95,,TRUE,TRUE,https://www.fightpro.nl/wp-content/uploads/2022/07/BPC-booster-bandage-460cm-blue.jpg,1,Booster bandage handwraps Blauw 460 cm,FALSE,Booster bandage handwraps Blauw 460 cm,"Verstevig je polsen met boksbandages. We hebben handwraps in verschillende lengtes, maar ook met meerdere designs en kleuren. Algemeen advies is: 280 cm voor MMA en jeugd. Volwassenen (man en vrouw) gebruiken meestal 350 cm. Vaak last van pols? Of grote handen? neem dan 450 cm. 100% Katoen/velcro ba",active,Bescherming
booster-bandage-handwraps-blauw-460-cm,,,,,,,,,,,,,,,,,,,https://www.fightpro.nl/wp-content/uploads/2022/07/BPC-booster-bandage-460cm-blue-1.jpg,2,,,,,
booster-bandage-handwraps-thai-460-cm,Booster bandage handwraps THAI 460 cm,<p>Booster bandage handwraps THAI 460 cm</p>,Booster,Bandages,"Bandages, Booster, Bescherming",TRUE,Title,Default Title,bpc-thai,,shopify,12,deny,manual,13.95,,TRUE,TRUE,https://www.fightpro.nl/wp-content/uploads/2022/07/BPC-booster-bandage-460cm-thai.jpg,1,Booster bandage handwraps THAI 460 cm,FALSE,Booster bandage handwraps THAI 460 cm,"Verstevig je polsen met boksbandages. We hebben handwraps in verschillende lengtes, maar ook met meerdere designs en kleuren. Algemeen advies is: 280 cm voor MMA en jeugd. Volwassenen (man en vrouw) gebruiken meestal 350 cm. Vaak last van pols? Of grote handen? neem dan 450 cm. 100% Katoen/velcro ba",active,Bescherming
booster-bandage-handwraps-thai-460-cm,,,,,,,,,,,,,,,,,,,https://www.fightpro.nl/wp-content/uploads/2022/07/BPC-booster-bandage-460cm-thai-1.jpg,2,,,,,
jeugd-king-bandage-handwraps-zwart-2-5-meter,JEUGD King bandage handwraps zwart 2.5 meter,"<p>King bandage handwraps zwart voor de jeugd, 2.5 meter</p>",King,Bandages,"Bandages, Bescherming, King",TRUE,Title,Default Title,KPB/BPC BLACK YOUTH,,shopify,12,deny,manual,7.95,,TRUE,TRUE,https://www.fightpro.nl/wp-content/uploads/2022/07/KING-bandage-250-cm-jeugd.jpg,1,JEUGD King bandage handwraps zwart 2.5 meter,FALSE,JEUGD King bandage handwraps zwart 2.5 meter,"Verstevig je polsen met boksbandages. We hebben handwraps in verschillende lengtes, maar ook met meerdere designs en kleuren. Algemeen advies is: 280 cm voor MMA en jeugd. Volwassenen (man en vrouw) gebruiken meestal 350 cm. Vaak last van pols? Of grote handen? neem dan 450 cm. 100% Katoen/velcro ba",active,Bescherming
king-bandage-handwraps-zwart-4-6-meter,King bandage handwraps zwart 4.6 meter,<p>King bandage handwraps zwart 4.6 meter</p>,King,Bandages,"Bandages, Bescherming, King",TRUE,Title,Default Title,KPB/BPC RED,,shopify,12,deny,manual,12.95,,TRUE,TRUE,https://www.fightpro.nl/wp-content/uploads/2022/07/KING-bandage-460-cm.jpg,1,King bandage handwraps zwart 4.6 meter,FALSE,King bandage handwraps zwart 4.6 meter,"Verstevig je polsen met boksbandages. We hebben handwraps in verschillende lengtes, maar ook met meerdere designs en kleuren. Algemeen advies is: 280 cm voor MMA en jeugd. Volwassenen (man en vrouw) gebruiken meestal 350 cm. Vaak last van pols? Of grote handen? neem dan 450 cm. 100% Katoen/velcro ba",active,Bescherming
jeugd-joya-velcro-bandage-handwraps-zwart-280-cm,JEUGD Joya Velcro bandage handwraps zwart 280 cm,<p>Joya Velcro bandage handwraps zwart</p>,Joya,Bandages,"Bandages, Joya, Bescherming",TRUE,Title,Default Title,048000-black-1,,shopify,12,deny,manual,9.95,,TRUE,TRUE,https://www.fightpro.nl/wp-content/uploads/2020/08/joya-bandages-velcro-zwart.jpg,1,JEUGD Joya Velcro bandage handwraps zwart 280 cm,FALSE,JEUGD Joya Velcro bandage handwraps zwart 280 cm,"Verstevig je polsen met de boksbandages van Joya. We hebben handwraps in verschillende lengtes, maar ook met meerdere designs en kleuren. Algemeen advies is: 280 cm voor MMA en jeugd. Volwassenen (man en vrouw) gebruiken meestal 350 cm. Vaak last van pols? Of grote handen? neem dan 450 cm. 100% Kato",active,Bescherming
jeugd-joya-velcro-bandage-handwraps-roze,JEUGD Joya Velcro bandage handwraps roze 280 CM,<p>Joya Velcro bandage handwraps roze</p>,Joya,Bandages,"Bandages, Joya, Bescherming",TRUE,Title,Default Title,048000-pink-1,,shopify,12,deny,manual,9.95,,TRUE,TRUE,https://www.fightpro.nl/wp-content/uploads/2020/08/joya-bandages-velcro-roze.jpg,1,JEUGD Joya Velcro bandage handwraps roze 280 CM,FALSE,JEUGD Joya Velcro bandage handwraps roze 280 CM,"Verstevig je polsen met de boksbandages van Joya. We hebben handwraps in verschillende lengtes, maar ook met meerdere designs en kleuren. Algemeen advies is: 280 cm voor MMA en jeugd. Volwassenen (man en vrouw) gebruiken meestal 350 cm. Vaak last van pols? Of grote handen? neem dan 450 cm. 100% Kato",active,Bescherming
joya-kickboksbroek-dragon-roze,JOYA KICKBOKSBROEK – DRAGON – ROZE,"<p>Stoer Dragon broekje, geschikt voor de jeugdige kickbokser.</p>",Joya,Kids,"Kids, Joya",TRUE,Maat,XXS,JFG-DN-MTS-1-1-1-XXS,,shopify,12,deny,manual,29.95,,TRUE,TRUE,https://www.fightpro.nl/wp-content/uploads/2022/07/JOYA-KICKBOKSBROEK-DRAGON-roze.jpg,1,JOYA KICKBOKSBROEK – DRAGON – ROZE,FALSE,JOYA KICKBOKSBROEK – DRAGON – ROZE,,active,Kids
joya-kickboksbroek-dragon-roze,,,,,,,,XS,JFG-DN-MTS-1-1-1-XS,,shopify,12,deny,manual,29.95,,TRUE,TRUE,,,,,,,,
joya-kickboksbroek-dragon-roze,,,,,,,,S,JFG-DN-MTS-1-1-1-S,,shopify,12,deny,manual,29.95,,TRUE,TRUE,,,,,,,,
joya-kickboksbroek-dragon-roze,,,,,,,,M,JFG-DN-MTS-1-1-1-M,,shopify,12,deny,manual,29.95,,TRUE,TRUE,,,,,,,,
joya-kickboksbroek-dragon-roze,,,,,,,,L,JFG-DN-MTS-1-1-1-L,,shopify,12,deny,manual,29.95,,TRUE,TRUE,,,,,,,,
joya-kickboksbroek-dragon-roze,,,,,,,,XL,JFG-DN-MTS-1-1-1-XL,,shopify,12,deny,manual,29.95,,TRUE,TRUE,,,,,,,,
joya-kickboksbroek-dragon-roze,,,,,,,,XXL,JFG-DN-MTS-1-1-1-XXL,,shopify,12,deny,manual,29.95,,TRUE,TRUE,,,,,,,,
joya-kickboksbroek-dragon-goud,JOYA KICKBOKSBROEK – DRAGON – GOUD,"<p>Stoer Dragon broekje, geschikt voor de jeugdige kickbokser.</p>",Joya,Kids,"Kids, Joya",TRUE,Maat,XXS,JFG-DN-MTS-1-1-XXS,,shopify,12,deny,manual,29.95,,TRUE,TRUE,https://www.fightpro.nl/wp-content/uploads/2022/07/JOYA-KICKBOKSBROEK-DRAGON-GOUD.jpg,1,JOYA KICKBOKSBROEK – DRAGON – GOUD,FALSE,JOYA KICKBOKSBROEK – DRAGON – GOUD,,active,Kids
joya-kickboksbroek-dragon-goud,,,,,,,,XS,JFG-DN-MTS-1-1-XS,,shopify,12,deny,manual,29.95,,TRUE,TRUE,,,,,,,,
joya-kickboksbroek-dragon-goud,,,,,,,,S,JFG-DN-MTS-1-1-S,,shopify,12,deny,manual,29.95,,TRUE,TRUE,,,,,,,,
joya-kickboksbroek-dragon-goud,,,,,,,,M,JFG-DN-MTS-1-1-M,,shopify,12,deny,manual,29.95,,TRUE,TRUE,,,,,,,,
joya-kickboksbroek-dragon-goud,,,,,,,,L,JFG-DN-MTS-1-1-L,,shopify,12,deny,manual,29.95,,TRUE,TRUE,,,,,,,,
joya-kickboksbroek-dragon-goud,,,,,,,,XL,JFG-DN-MTS-1-1-XL,,shopify,12,deny,manual,29.95,,TRUE,TRUE,,,,,,,,
joya-kickboksbroek-dragon-goud,,,,,,,,XXL,JFG-DN-MTS-1-1-XXL,,shopify,12,deny,manual,29.95,,TRUE,TRUE,,,,,,,,
joya-t-shirt-roze-draak,JOYA T-SHIRT ROZE DRAAK Dragon,<p>JOYA T-SHIRT ROZE DRAAK</p>,Joya,Kids,"Kids, Joya",TRUE,Maat,140,JOYA-TS-Pink-Drgn-140,,shopify,12,deny,manual,24.95,,TRUE,TRUE,https://www.fightpro.nl/wp-content/uploads/2022/07/JOYA-T-SHIRT-roze-DRAAK.jpg,1,JOYA T-SHIRT ROZE DRAAK Dragon,FALSE,JOYA T-SHIRT ROZE DRAAK Dragon,"Stoer dragon/draak Joya shirt voor kids. Mooi te combineren met handschoenen, broekje en scheenbeschermers van dezelfde lijn.",active,Kids
joya-t-shirt-roze-draak,,,,,,,,152,JOYA-TS-Pink-Drgn-152,,shopify,12,deny,manual,24.95,,TRUE,TRUE,,,,,,,,
joya-t-shirt-roze-draak,,,,,,,,164,JOYA-TS-Pink-Drgn-164,,shopify,12,deny,manual,24.95,,TRUE,TRUE,,,,,,,,
joya-t-shirt-gouden-draak,JOYA T-SHIRT GOUDEN DRAAK Dragon,<p>JOYA T-SHIRT GOUDEN DRAAK</p>,Joya,Kids,"Kids, Joya",TRUE,Maat,140,JOYA-TS-Gold-Drgn-140,,shopify,12,deny,manual,24.95,,TRUE,TRUE,https://www.fightpro.nl/wp-content/uploads/2022/07/JOYA-T-SHIRT-GOUDEN-DRAAK.jpg,1,JOYA T-SHIRT GOUDEN DRAAK Dragon,FALSE,JOYA T-SHIRT GOUDEN DRAAK Dragon,"Stoer dragon/draak Joya shirt voor kids. Mooi te combineren met handschoenen, broekje en scheenbeschermers van dezelfde lijn.",active,Kids
joya-t-shirt-gouden-draak,,,,,,,,152,JOYA-TS-Gold-Drgn-152,,shopify,12,deny,manual,24.95,,TRUE,TRUE,,,,,,,,
joya-t-shirt-gouden-draak,,,,,,,,164,JOYA-TS-Gold-Drgn-164,,shopify,12,deny,manual,24.95,,TRUE,TRUE,,,,,,,,
fightpro-kick-shield-trapkussen,FIGHTPRO Kick shield / Trapkussen,"<p>FIGHTPRO Kick shield / Trapkussen<br />
Sportschool kwaliteit, maar ook zeer geschikt voor thuis. Niet gebruiken met schoenen aan.</p>",Fightpro,trap/stoot kussens,"Fightpro, trap/stoot kussens, Uitrusting, Bestseller",TRUE,Title,Default Title,074002-bl-1-1-1,,shopify,12,deny,manual,99.95,,TRUE,TRUE,https://www.fightpro.nl/wp-content/uploads/2022/05/Trittkissen-Kickpolster-Trittpolster-75x35x15-cm.jpg,1,FIGHTPRO Kick shield / Trapkussen,FALSE,FIGHTPRO Kick shield / Trapkussen,,active,Uitrusting
fightpro-kick-shield-trapkussen,,,,,,,,,,,,,,,,,,,https://www.fightpro.nl/wp-content/uploads/2022/05/FIGHTPRO-kick-pad-trapkussen1.jpg,2,,,,,
fightpro-kick-shield-trapkussen,,,,,,,,,,,,,,,,,,,https://www.fightpro.nl/wp-content/uploads/2022/05/Trittkissen-Kickpolster-Trittpolster-75x35x15-cm-2.jpg,3,,,,,
fightpro-kick-shield-trapkussen,,,,,,,,,,,,,,,,,,,https://www.fightpro.nl/wp-content/uploads/2022/05/FIGHTPRO-kick-pad-trapkussen.jpg,4,,,,,
fightpro-focus-mitt-stoot-pads,FIGHTPRO Focus mitt / stoot pads,"<p>FIGHTPRO STOOT PAD ZWART<br />
Aan de achterkant zit extra padding voor de pols. Geschikt voor thuis maar ook voor de sportschool. Gemaakt van hoogwaardige kunststof.</p>",Fightpro,trap/stoot kussens,"Fightpro, trap/stoot kussens, Uitrusting, Bestseller",TRUE,Title,Default Title,074002-bl-1-1,,shopify,12,deny,manual,44.95,,TRUE,TRUE,https://www.fightpro.nl/wp-content/uploads/2022/05/Fightpro-Handpratzen-Schlagpolster-Focus-Pads-Schwarz-PU.jpg,1,FIGHTPRO Focus mitt / stoot pads,FALSE,FIGHTPRO Focus mitt / stoot pads,,active,Uitrusting
fightpro-focus-mitt-stoot-pads,,,,,,,,,,,,,,,,,,,https://www.fightpro.nl/wp-content/uploads/2022/05/Fightpro-Handpratzen-Schlagpolster-Focus-Pads-Schwarz-PU-2.jpg,2,,,,,
fightpro-jeugd-100-cm-bokszak-de-luxe-gevuld-en-met-ketting,FIGHTPRO 100 CM BOKSZAK ‘De Luxe’ GEVULD en met ketting,"<p>FIGHTPRO 100 CM BOKSZAK &#8216;De Luxe&#8217; GEVULD en met ketting. Zeer kwalitatieve bokszak voor de serieuze jeugd en volwassen boksers. Zware versie.</p>
<p>&nbsp;</p>",Fightpro,Bokszakken,"Fightpro, Bokszakken, Uitrusting",TRUE,Title,Default Title,,,shopify,12,deny,manual,79.95,,TRUE,TRUE,https://www.fightpro.nl/wp-content/uploads/2022/05/FIGHTPRO-bokszak-kids.jpg,1,FIGHTPRO 100 CM BOKSZAK ‘De Luxe’ GEVULD en met ketting,FALSE,FIGHTPRO 100 CM BOKSZAK ‘De Luxe’ GEVULD en met ketting,"Fightpro bokszak 100cm. Voor thuis, maar ook voor sportscholen.",active,Uitrusting
joya-mesh-gel-binnenhandschoenen,JOYA MESH GEL BINNENHANDSCHOENEN,"<p>Joya beschermende binnen-handschoenen van ademend materiaal.</p>
<p>Zeer geschikt om je handen te beschermen. Er zit gel (SKT high-density) om de knokkels om je te beschermen bij stoten op harde ondergrond, zoals een voorhoofd of een harde bokszak. Daarnaast zit er 1 meter bandage aan de handschoen om de pols stabieler te maken. Ideaal voor de snelle hand bescherming.</p>
<p>In verschillende maten verkrijgbaar.</p>
<p>&nbsp;</p>",Joya,Bandages,"Bandages, Joya, Bescherming",TRUE,Title,Default Title,48306-grey,,shopify,12,deny,manual,14.95,,TRUE,TRUE,https://www.fightpro.nl/wp-content/uploads/2022/04/JOYA-gel-MESH-BINNENHANDSCHOENEN.jpg,1,JOYA MESH GEL BINNENHANDSCHOENEN,FALSE,JOYA MESH GEL BINNENHANDSCHOENEN,,active,Bescherming
joya-mesh-gel-binnenhandschoenen,,,,,,,,,,,,,,,,,,,https://www.fightpro.nl/wp-content/uploads/2022/04/JOYA-gel-MESH-BINNENHANDSCHOENEN2.jpg,2,,,,,
booster-zakhandschoen-zwart-leer,Booster zakhandschoen zwart leer,<p>Booster zakhandschoen zwart leer</p>,Booster,Zak handschoenen,"Zak handschoenen, Booster, Handschoenen",TRUE,Maat,L,Bagmitt-booster-L,,shopify,12,deny,manual,29.95,,TRUE,TRUE,https://www.fightpro.nl/wp-content/uploads/2022/03/Booster-zakhandschoen.jpg,1,Booster zakhandschoen zwart leer,FALSE,Booster zakhandschoen zwart leer,Speciaal voor op de bokszak,active,Handschoenen
booster-zakhandschoen-zwart-leer,,,,,,,,M,Bagmitt-booster-M,,shopify,12,deny,manual,29.95,,TRUE,TRUE,,,,,,,,
booster-zakhandschoen-zwart-leer,,,,,,,,S,Bagmitt-booster-S,,shopify,12,deny,manual,29.95,,TRUE,TRUE,,,,,,,,
booster-zakhandschoen-zwart-leer,,,,,,,,XL,Bagmitt-booster-XL,,shopify,12,deny,manual,29.95,,TRUE,TRUE,,,,,,,,
booster-zakhandschoen-zwart-leer,,,,,,,,XS,Bagmitt-booster-XS,,shopify,12,deny,manual,29.95,,TRUE,TRUE,,,,,,,,
booster-zakhandschoen-zwart-leer,,,,,,,,XXS,Bagmitt-booster-XXS,,shopify,12,deny,manual,29.95,,TRUE,TRUE,,,,,,,,
twins-zakhandschoenen-zwart-leer,TWINS ZAKHANDSCHOENEN zwart leer,"<p>TWINS ZAKHANDSCHOENEN, top kwaliteit</p>",Twins,Zak handschoenen,"Twins, Zak handschoenen, Handschoenen",TRUE,Maat,L,TBM 1-M-L,,shopify,12,deny,manual,99.95,,TRUE,TRUE,https://www.fightpro.nl/wp-content/uploads/2022/03/TWINS-ZAKHANDSCHOENEN.jpg,1,TWINS ZAKHANDSCHOENEN zwart leer,FALSE,TWINS ZAKHANDSCHOENEN zwart leer,Speciaal voor op de bokszak,active,Handschoenen
twins-zakhandschoenen-zwart-leer,,,,,,,,M,TBM 1-M-M,,shopify,12,deny,manual,99.95,,TRUE,TRUE,,,,,,,,
twins-zakhandschoenen-zwart-leer,,,,,,,,S,TBM 1-M-S,,shopify,12,deny,manual,99.95,,TRUE,TRUE,,,,,,,,
twins-zakhandschoenen-zwart-leer,,,,,,,,XL,TBM 1-M-XL,,shopify,12,deny,manual,99.95,,TRUE,TRUE,,,,,,,,
twins-zakhandschoenen-zwart-leer,,,,,,,,XS,TBM 1-M-XS,,shopify,12,deny,manual,99.95,,TRUE,TRUE,,,,,,,,
twins-zakhandschoenen-zwart-leer,,,,,,,,XXS,TBM 1-M-XXS,,shopify,12,deny,manual,99.95,,TRUE,TRUE,,,,,,,,
twins-zakhandschoenen-zwart-leer,,,,,,,,,,,,,,,,,,,https://www.fightpro.nl/wp-content/uploads/2022/03/TWINS-ZAKHANDSCHOENEN2.jpg,2,,,,,
bitje-mouthguard-wacoku-zwart-oranje,Bitje mouthguard WACOKU A+ zwart oranje,<p>Bitje mouthguard WACOKU A+ zwart oranje</p>,Hayabusa,Gebitsbeschermer,"Bescherming, Gebitsbeschermer, Hayabusa",TRUE,Title,Default Title,100-MS14SO,,shopify,12,deny,manual,14.95,,TRUE,TRUE,https://www.fightpro.nl/wp-content/uploads/2022/03/WACOCU-A-bitje-zwart-oranje.jpg,1,Bitje mouthguard WACOKU A+ zwart oranje,FALSE,Bitje mouthguard WACOKU A+ zwart oranje,WACOKU is al jaren bekend als een van de beste bitjes in de wereld.,active,Bescherming
bitje-mouthguard-wacoku-zwart-oranje,,,,,,,,,,,,,,,,,,,https://www.fightpro.nl/wp-content/uploads/2024/06/wacoku-mouthguard-bitje.jpg,2,,,,,
joya-instap-scheenbeschermers-katoen-elastisch,Joya instap Scheenbeschermers – Katoen elastisch,<p>Basis instap scheendekkers van Joya. Zeer geschikt voor zaktraining.</p>,Joya,Scheenbeschermers,"Bescherming, Scheenbeschermers, Joya",TRUE,Maat,L,082000-Black-L,,shopify,12,deny,manual,14.95,,TRUE,TRUE,https://www.fightpro.nl/wp-content/uploads/2022/03/JOYA-SCHEENBESCHERMER-INSTAP.jpg,1,Joya instap Scheenbeschermers – Katoen elastisch,FALSE,Joya instap Scheenbeschermers – Katoen elastisch,Joya Scheenbeschermer voor de beginner. Voordeel van deze scheendekkers is dat ze gewassen kunnen worden als ze vaak gedragen zijn.,active,Bescherming
joya-instap-scheenbeschermers-katoen-elastisch,,,,,,,,M,082000-Black-M,,shopify,12,deny,manual,14.95,,TRUE,TRUE,,,,,,,,
joya-instap-scheenbeschermers-katoen-elastisch,,,,,,,,S,082000-Black-S,,shopify,12,deny,manual,14.95,,TRUE,TRUE,,,,,,,,
joya-instap-scheenbeschermers-katoen-elastisch,,,,,,,,XL,082000-Black-XL,,shopify,12,deny,manual,14.95,,TRUE,TRUE,,,,,,,,
joya-instap-scheenbeschermers-katoen-elastisch,,,,,,,,XS,082000-Black-XS,,shopify,12,deny,manual,14.95,,TRUE,TRUE,,,,,,,,
joya-instap-scheenbeschermers-katoen-elastisch,,,,,,,,XXS,082000-Black-XXS,,shopify,12,deny,manual,14.95,,TRUE,TRUE,,,,,,,,
joya-instap-scheenbeschermers-katoen-elastisch,,,,,,,,,,,,,,,,,,,https://www.fightpro.nl/wp-content/uploads/2022/03/JOYA-SCHEENBESCHERMER-INSTAP2.jpg,2,,,,,
boksen-hygiene-binnenhandschoenen-katoen,Boksen Hygiene binnenhandschoenen katoen,"<p>Boksen Hygiene binnenhandschoenen katoen.</p>
<p>Ideaal voor een langere levensduur van jouw bokshandschoen, doordat ze zweet opnemen. Wassen na elke training. Worden per paar geleverd.</p>
<p>Ze zijn zowel links als rechtsdraagbaar. Gemaakt van ademend katoen.</p>",Fightpro,Binnen handschoenen,"Fightpro, Binnen handschoenen, Handschoenen",TRUE,Title,Default Title,,,shopify,12,deny,manual,2.50,,TRUE,TRUE,https://www.fightpro.nl/wp-content/uploads/2022/03/Boksen-Hygiene-Binnenhandschoenen-Katoen.jpg,1,Boksen Hygiene binnenhandschoenen katoen,FALSE,Boksen Hygiene binnenhandschoenen katoen,,active,Handschoenen
hayabusa-t3-boxing-gloves-bokshandschoenen-navy-yellow,Hayabusa T3 Boxing Gloves bokshandschoenen Navy / Yellow,"<p>Hayabusa handschoenen van zeer goede kwaliteit. Prijswinnaar van Men&#8217;s Health in 2019 voor beste Gloves in the world!<br />
voor de serieuze en professionele sporter.</p>",Hayabusa,Kickbokshandschoenen leer,"Handschoenen, Kickbokshandschoenen leer, Hayabusa",TRUE,Maat,14 oz,HAY-BH-T3-NY-14oz,,shopify,12,deny,manual,179.00,,TRUE,TRUE,https://www.fightpro.nl/wp-content/uploads/2022/02/Hayabusa-T3-Boxing-Gloves-navy-yellow.jpg,1,Hayabusa T3 Boxing Gloves bokshandschoenen Navy / Yellow,FALSE,Hayabusa T3 Boxing Gloves bokshandschoenen Navy / Yellow,Al jaren bekend als een van de beste handschoen merken in de wereld.,active,Handschoenen
hayabusa-t3-boxing-gloves-bokshandschoenen-navy-yellow,,,,,,,,16 oz,HAY-BH-T3-NY-16oz,,shopify,12,deny,manual,179.00,,TRUE,TRUE,,,,,,,,
hayabusa-t3-boxing-gloves-bokshandschoenen-navy-yellow,,,,,,,,,,,,,,,,,,,https://www.fightpro.nl/wp-content/uploads/2022/02/Hayabusa-T3-Boxing-Gloves-navy-yellow2.jpg,2,,,,,
hayabusa-t3-boxing-gloves-bokshandschoenen-navy-yellow,,,,,,,,,,,,,,,,,,,https://www.fightpro.nl/wp-content/uploads/2022/02/Hayabusa-T3-Boxing-Gloves-navy-yellow3.jpg,3,,,,,
hayabusa-t3-boxing-gloves-bokshandschoenen-navy-yellow,,,,,,,,,,,,,,,,,,,https://www.fightpro.nl/wp-content/uploads/2022/02/Hayabusa-T3-Boxing-Gloves-navy-yellow4.jpg,4,,,,,
hayabusa-t3-boxing-gloves-bokshandschoenen-navy-yellow,,,,,,,,,,,,,,,,,,,https://www.fightpro.nl/wp-content/uploads/2022/02/Hayabusa-T3-Boxing-Gloves-navy-yellow5.jpg,5,,,,,
hayabusa-t3-boxing-gloves-bokshandschoenen-navy-yellow,,,,,,,,,,,,,,,,,,,https://www.fightpro.nl/wp-content/uploads/2022/02/Hayabusa-T3-Boxing-Gloves-navy-yellow6.jpg,6,,,,,
hayabusa-t3-boxing-gloves-bokshandschoenen-charcoal-black,Hayabusa T3 Boxing Gloves bokshandschoenen charcoal black,"<p>Hayabusa handschoenen van zeer goede kwaliteit. Prijswinnaar van Men&#8217;s Health in 2019 voor beste Gloves in the world!<br />
voor de serieuze en professionele sporter.</p>",Hayabusa,Kickbokshandschoenen leer,"Handschoenen, Kickbokshandschoenen leer, Hayabusa",TRUE,Maat,14 oz,HAY-BH-T3-CB-14oz,,shopify,12,deny,manual,179.00,,TRUE,TRUE,https://www.fightpro.nl/wp-content/uploads/2022/02/Hayabusa-T3-Boxing-Gloves-charcoal-black.jpg,1,Hayabusa T3 Boxing Gloves bokshandschoenen charcoal black,FALSE,Hayabusa T3 Boxing Gloves bokshandschoenen charcoal black,Al jaren bekend als een van de beste handschoen merken in de wereld.,active,Handschoenen
hayabusa-t3-boxing-gloves-bokshandschoenen-charcoal-black,,,,,,,,16 oz,HAY-BH-T3-CB-16oz,,shopify,12,deny,manual,179.00,,TRUE,TRUE,,,,,,,,
hayabusa-t3-boxing-gloves-bokshandschoenen-charcoal-black,,,,,,,,,,,,,,,,,,,https://www.fightpro.nl/wp-content/uploads/2022/02/Hayabusa-T3-Boxing-Gloves-charcoal-black1.jpg,2,,,,,
hayabusa-t3-boxing-gloves-bokshandschoenen-charcoal-black,,,,,,,,,,,,,,,,,,,https://www.fightpro.nl/wp-content/uploads/2022/02/Hayabusa-T3-Boxing-Gloves-charcoal-black2.jpg,3,,,,,
hayabusa-t3-boxing-gloves-bokshandschoenen-charcoal-black,,,,,,,,,,,,,,,,,,,https://www.fightpro.nl/wp-content/uploads/2022/02/Hayabusa-T3-Boxing-Gloves-charcoal-black3.jpg,4,,,,,
hayabusa-t3-boxing-gloves-bokshandschoenen-charcoal-black,,,,,,,,,,,,,,,,,,,https://www.fightpro.nl/wp-content/uploads/2022/02/Hayabusa-T3-Boxing-Gloves-charcoal-black4.jpg,5,,,,,
hayabusa-t3-boxing-gloves-bokshandschoenen-charcoal-black,,,,,,,,,,,,,,,,,,,https://www.fightpro.nl/wp-content/uploads/2022/02/Hayabusa-T3-Boxing-Gloves-charcoal-black5.jpg,6,,,,,
hayabusa-t3-boxing-gloves-bokshandschoenen-white-gold,Hayabusa T3 Boxing Gloves bokshandschoenen White / gold,"<p>Hayabusa handschoenen van zeer goede kwaliteit. Prijswinnaar van Men&#8217;s Health in 2019 voor beste Gloves in the world!<br />
voor de serieuze en professionele sporter.</p>",Hayabusa,Kickbokshandschoenen leer,"Handschoenen, Kickbokshandschoenen leer, Hayabusa",TRUE,Maat,14 oz,HAY-BH-T3-WGO-14oz,,shopify,12,deny,manual,179.00,,TRUE,TRUE,https://www.fightpro.nl/wp-content/uploads/2022/02/Hayabusa-T3-Boxing-Gloves-bokshandschoenen-white-gold.jpg,1,Hayabusa T3 Boxing Gloves bokshandschoenen White / gold,FALSE,Hayabusa T3 Boxing Gloves bokshandschoenen White / gold,Al jaren bekend als een van de beste handschoen merken in de wereld.,active,Handschoenen
hayabusa-t3-boxing-gloves-bokshandschoenen-white-gold,,,,,,,,16 oz,HAY-BH-T3-WGO-16oz,,shopify,12,deny,manual,179.00,,TRUE,TRUE,,,,,,,,
hayabusa-t3-boxing-gloves-bokshandschoenen-white-gold,,,,,,,,,,,,,,,,,,,https://www.fightpro.nl/wp-content/uploads/2022/02/Hayabusa-T3-Boxing-Gloves-bokshandschoenen-white-gold1.jpg,2,,,,,
hayabusa-t3-boxing-gloves-bokshandschoenen-white-gold,,,,,,,,,,,,,,,,,,,https://www.fightpro.nl/wp-content/uploads/2022/02/Hayabusa-T3-Boxing-Gloves-bokshandschoenen-white-gold2.jpg,3,,,,,
hayabusa-t3-boxing-gloves-bokshandschoenen-white-gold,,,,,,,,,,,,,,,,,,,https://www.fightpro.nl/wp-content/uploads/2022/02/Hayabusa-T3-Boxing-Gloves-bokshandschoenen-white-gold3.jpg,4,,,,,
hayabusa-t3-boxing-gloves-bokshandschoenen-white-gold,,,,,,,,,,,,,,,,,,,https://www.fightpro.nl/wp-content/uploads/2022/02/Hayabusa-T3-Boxing-Gloves-bokshandschoenen-white-gold4.jpg,5,,,,,
hayabusa-t3-boxing-gloves-bokshandschoenen-white-gold,,,,,,,,,,,,,,,,,,,https://www.fightpro.nl/wp-content/uploads/2022/02/Hayabusa-T3-Boxing-Gloves-bokshandschoenen-white-gold5.jpg,6,,,,,
hayabusa-t3-boxing-gloves-kickbokshandschoenen-charcoal-lime,Hayabusa T3 Boxing Gloves kickbokshandschoenen Charcoal / Lime,"<p>Hayabusa handschoenen van zeer goede kwaliteit. Prijswinnaar van Men&#8217;s Health in 2019 voor beste Gloves in the world!<br />
voor de serieuze en professionele sporter.</p>",Hayabusa,Kickbokshandschoenen leer,"Handschoenen, Kickbokshandschoenen leer, Hayabusa",TRUE,Maat,14 oz,HAY-BH-T3-CL-14oz,,shopify,12,deny,manual,179.00,,TRUE,TRUE,https://www.fightpro.nl/wp-content/uploads/2022/02/Hayabusa-T3-Boxing-Gloves-charcoal-lime.jpg,1,Hayabusa T3 Boxing Gloves kickbokshandschoenen Charcoal / Lime,FALSE,Hayabusa T3 Boxing Gloves kickbokshandschoenen Charcoal / Lime,Al jaren bekend als een van de beste handschoen merken in de wereld.,active,Handschoenen
hayabusa-t3-boxing-gloves-kickbokshandschoenen-charcoal-lime,,,,,,,,16 oz,HAY-BH-T3-CL-16oz,,shopify,12,deny,manual,179.00,,TRUE,TRUE,,,,,,,,
hayabusa-t3-boxing-gloves-kickbokshandschoenen-charcoal-lime,,,,,,,,,,,,,,,,,,,https://www.fightpro.nl/wp-content/uploads/2022/02/Hayabusa-T3-Boxing-Gloves-charcoal-lime2.jpg,2,,,,,
hayabusa-t3-boxing-gloves-kickbokshandschoenen-charcoal-lime,,,,,,,,,,,,,,,,,,,https://www.fightpro.nl/wp-content/uploads/2022/02/Hayabusa-T3-Boxing-Gloves-charcoal-lime3.jpg,3,,,,,
hayabusa-t3-boxing-gloves-kickbokshandschoenen-charcoal-lime,,,,,,,,,,,,,,,,,,,https://www.fightpro.nl/wp-content/uploads/2022/02/Hayabusa-T3-Boxing-Gloves-charcoal-lime4.jpg,4,,,,,
hayabusa-t3-boxing-gloves-kickbokshandschoenen-charcoal-lime,,,,,,,,,,,,,,,,,,,https://www.fightpro.nl/wp-content/uploads/2022/02/Hayabusa-T3-Boxing-Gloves-charcoal-lime5.jpg,5,,,,,
hayabusa-t3-boxing-gloves-kickbokshandschoenen-charcoal-lime,,,,,,,,,,,,,,,,,,,https://www.fightpro.nl/wp-content/uploads/2022/02/Hayabusa-T3-Boxing-Gloves-charcoal-lime6.jpg,6,,,,,
victory-sports-plafondbeugel-bokszak-zwart,Victory Sports Plafondbeugel bokszak Zwart,<p>Victory Sports Plafondbeugel bokszak Zwart</p>,Fightpro,Diversen,"Fightpro, Diversen",TRUE,Title,Default Title,VSB022,,shopify,0,deny,manual,14.95,,TRUE,TRUE,https://www.fightpro.nl/wp-content/uploads/2022/02/VictorySports-Plafondbeugel-bokszak-Zwart.jpg,1,Victory Sports Plafondbeugel bokszak Zwart,FALSE,Victory Sports Plafondbeugel bokszak Zwart,Victory Sports Plafondbeugel bokszak Zwart,active,Diversen
twins-kickbokshandschoenen-special-fantasy-3-grass,"Twins kickbokshandschoenen, Thaise vlag","<p>Twins kickbokshandschoenen, Thaise vlag</p>
<p>voor de serieuze en professionele sporter.</p>",Twins,Kickbokshandschoenen leer,"Twins, Kickbokshandschoenen leer, Handschoenen",TRUE,Maat,14 oz,BGVL 8 Core-1-14oz,,shopify,12,deny,manual,174.95,,TRUE,TRUE,https://www.fightpro.nl/wp-content/uploads/2022/02/Twins-kickbokshandschoenen-thaise-vlag.jpg,1,"Twins kickbokshandschoenen, Thaise vlag",FALSE,"Twins kickbokshandschoenen, Thaise vlag",Twins kickbokshandschoenen SPECIAL FANTASY 3 GRASS,active,Handschoenen
twins-kickbokshandschoenen-special-fantasy-3-grass,,,,,,,,16 oz,BGVL 8 Core-1-16oz,,shopify,12,deny,manual,174.95,,TRUE,TRUE,,,,,,,,
joya-fight-fast-dura-pad-pu-zilver,JOYA FIGHT FAST – DURA PAD PU – ZILVER,"<p>JOYA FIGHT FAST &#8211; DURA PAD PU &#8211; ZILVER<br />
Per paar geleverd. Aan de achterkant zit extra padding voor de pols. Daardoor ook zeer geschikt voor knietjes en trappen.</p>",Joya,trap/stoot kussens,"Joya, trap/stoot kussens, Uitrusting",TRUE,Title,Default Title,FF0063,,shopify,12,deny,manual,89.95,,TRUE,TRUE,https://www.fightpro.nl/wp-content/uploads/2022/02/JOYA-FIGHT-FAST-DURA-PAD-PU-ZILVER.jpg,1,JOYA FIGHT FAST – DURA PAD PU – ZILVER,FALSE,JOYA FIGHT FAST – DURA PAD PU – ZILVER,,active,Uitrusting
joya-fight-fast-dura-pad-pu-zilver,,,,,,,,,,,,,,,,,,,https://www.fightpro.nl/wp-content/uploads/2022/02/JOYA-FIGHT-FAST-DURA-PAD-PU-ZILVER2.jpg,2,,,,,
fairtex-bpv1-leder-buik-pantser-belly-protector-2,Fairtex BPV1 leder buik pantser belly protector,"<p>Fairtex BPV1 leder buik pantser belly protector</p>
<ul>
<li>Rundsleder</li>
<li>One size</li>
</ul>",Fairtex,trap/stoot kussens,"trap/stoot kussens, Uitrusting, Fairtex",TRUE,Title,Default Title,BPV1,,shopify,12,deny,manual,119.95,,TRUE,TRUE,https://www.fightpro.nl/wp-content/uploads/2022/02/FAIRTEX-BPV1-belly-protector.jpg,1,Fairtex BPV1 leder buik pantser belly protector,FALSE,Fairtex BPV1 leder buik pantser belly protector,Fairtex BPV2 leder buik pantser belly protector,active,Uitrusting
fairtex-bpv1-leder-buik-pantser-belly-protector-2,,,,,,,,,,,,,,,,,,,https://www.fightpro.nl/wp-content/uploads/2022/02/FAIRTEX-BPV1-belly-protector2.jpg,2,,,,,
fairtex-bpv1-leder-buik-pantser-belly-protector,Fairtex BPV2 leder buik pantser belly protector,"<p>Fairtex BPV2 leder buik pantser belly protector</p>
<ul>
<li>Halve kilo lichter dan het traditionele BPV1 model</li>
<li>Rundsleder</li>
<li>1,3 kg</li>
<li>One size</li>
</ul>",Fairtex,trap/stoot kussens,"trap/stoot kussens, Uitrusting, Fairtex",TRUE,Title,Default Title,BPV2,,shopify,12,deny,manual,139.95,,TRUE,TRUE,https://www.fightpro.nl/wp-content/uploads/2022/02/FAIRTEX-BPV2-belly-protector.jpg,1,Fairtex BPV2 leder buik pantser belly protector,FALSE,Fairtex BPV2 leder buik pantser belly protector,Fairtex BPV2 leder buik pantser belly protector,active,Uitrusting
fairtex-bpv1-leder-buik-pantser-belly-protector,,,,,,,,,,,,,,,,,,,https://www.fightpro.nl/wp-content/uploads/2022/02/FAIRTEX-BPV2-belly-protector2.jpg,2,,,,,
fairtex-sporttas-gymbag-bag2,Fairtex sporttas Gymbag BAG2,"<p>Fairtex sporttas Gymbag BAG2</p>
<ul>
<li>72x36x34cm. LxHxB.</li>
<li>Zeer professionele uitvoering</li>
<li>Foto met materialen erin ter decoratie.</li>
<li>Gewicht lege tas 1,9 kg</li>
</ul>
<p>Groen, Zwart en Khaki</p>",Fairtex,Sport tassen,"Sport tassen, Uitrusting, Fairtex",TRUE,Title,Default Title,BAG2,,shopify,12,deny,manual,109.95,,TRUE,TRUE,https://www.fightpro.nl/wp-content/uploads/2022/02/Fairtex-sporttas-Gymbag-BAG2-2-1.jpg,1,Fairtex sporttas Gymbag BAG2,FALSE,Fairtex sporttas Gymbag BAG2,Fairtex sporttas Gymbag BAG2 meerdere kleuren,active,Uitrusting
fairtex-sporttas-gymbag-bag2,,,,,,,,,,,,,,,,,,,https://www.fightpro.nl/wp-content/uploads/2022/02/Fairtex-sporttas-Gymbag-BAG2-2-1.jpg,2,,,,,
fairtex-sporttas-gymbag-bag2,,,,,,,,,,,,,,,,,,,https://www.fightpro.nl/wp-content/uploads/2022/02/Fairtex-sporttas-Gymbag-BAG2_a.jpg,3,,,,,
professionele-wedstrijd-boksring-kickboksring-kopen,Professionele wedstrijd boksring / kickboksring kopen De prijs op aanvraag!,"<div class="""" data-block=""true"" data-editor=""a80q"" data-offset-key=""4men6-0-0"">
<div class=""_1mf _1mj"" data-offset-key=""4men6-0-0"">
<h2>Professionele wedstrijd boksring / kickboksring</h2>
<h1>De prijs op aanvraag!</h1>
<p>Maten zelf te bepalen. De boksring kan kaal worden afgenomen, maar ook compleet met touwen/hoek-kussens etc.<br />
Kan een vloer boksring zijn of op een verhoging/podium.<br />
Levertijd is een aantal weken.</p>
<p>Neen contact met ons op voor een offerte</p>
</div>
</div>",Fightpro,Diversen,"Fightpro, Diversen",TRUE,Title,Default Title,,,shopify,12,deny,manual,0.00,,TRUE,TRUE,https://www.fightpro.nl/wp-content/uploads/2021/12/IMG_2975-scaled.jpg,1,Professionele wedstrijd boksring / kickboksring kopen De prijs op aanvraag!,FALSE,Professionele wedstrijd boksring / kickboksring kopen De prijs op aanvraag!,Professionele wedstrijd boksring / kickboksring De prijs op aanvraag!,active,Diversen
professionele-wedstrijd-boksring-kickboksring-kopen,,,,,,,,,,,,,,,,,,,https://www.fightpro.nl/wp-content/uploads/2021/12/bfd46240-1de3-41d8-8d4e-8f8fbdbc0b17.jpg,2,,,,,
professionele-wedstrijd-boksring-kickboksring-kopen,,,,,,,,,,,,,,,,,,,https://www.fightpro.nl/wp-content/uploads/2021/12/872e182e-e4cd-430e-b872-95eda949e041.jpg,3,,,,,
professionele-wedstrijd-boksring-kickboksring-kopen,,,,,,,,,,,,,,,,,,,https://www.fightpro.nl/wp-content/uploads/2021/12/0100894b-2509-4716-9bfb-2dece4a67b26.jpg,4,,,,,
professionele-wedstrijd-boksring-kickboksring-kopen,,,,,,,,,,,,,,,,,,,https://www.fightpro.nl/wp-content/uploads/2021/12/6b5457b1-27e5-4b91-8dbf-5a0358949b18.jpg,5,,,,,
professionele-wedstrijd-boksring-kickboksring-kopen,,,,,,,,,,,,,,,,,,,https://www.fightpro.nl/wp-content/uploads/2021/12/IMG_2960-scaled.jpg,6,,,,,
professionele-wedstrijd-boksring-kickboksring-kopen,,,,,,,,,,,,,,,,,,,https://www.fightpro.nl/wp-content/uploads/2021/12/IMG_2976-scaled.jpg,7,,,,,
professionele-wedstrijd-boksring-kickboksring-kopen,,,,,,,,,,,,,,,,,,,https://www.fightpro.nl/wp-content/uploads/2021/12/IMG_8137-scaled.jpg,8,,,,,
professionele-wedstrijd-boksring-kickboksring-kopen,,,,,,,,,,,,,,,,,,,https://www.fightpro.nl/wp-content/uploads/2021/12/3d02dab9-6a84-49a4-9b26-c445c46f94af.jpg,9,,,,,
waardebon-fightpro-enschede,Waardebon fightpro enschede,"<div class="""" data-block=""true"" data-editor=""a80q"" data-offset-key=""4men6-0-0"">
<div class=""_1mf _1mj"" data-offset-key=""4men6-0-0""><span data-offset-key=""4men6-0-0"">Origineel</span><span data-offset-key=""4men6-1-0""> cadeau onder de kerstboom? Welke maat bokshandschoenen? Wat voor kleur scheenbeschermers? Geef gewoon een FIGHTPRO waardebon cadeau! Dan maak je nooit fouten, en kunnen ze zelf iets uitzoeken in onze vechtsport winkel!</span></div>
</div>
<div class="""" data-block=""true"" data-editor=""a80q"" data-offset-key=""4jg15-0-0"">
<div class=""_1mf _1mj"" data-offset-key=""4jg15-0-0""><span data-offset-key=""4jg15-0-0"">💪🎄🎁</span></div>
</div>
<div class="""" data-block=""true"" data-editor=""a80q"" data-offset-key=""3urq4-0-0"">
<div class=""_1mf _1mj"" data-offset-key=""3urq4-0-0""><span data-offset-key=""3urq4-0-0"">Bedrag zelf te bepalen (vanaf €25). Ook via tikkie betaling mogelijk.</span></div>
</div>",Fightpro,Diversen,"Fightpro, Diversen",TRUE,Title,Default Title,,,shopify,12,deny,manual,50.00,,TRUE,TRUE,https://www.fightpro.nl/wp-content/uploads/2021/12/waardebon-1.jpg,1,Waardebon fightpro enschede,FALSE,Waardebon fightpro enschede,Waardebon vechtsport artikelen,active,Diversen
bokszak-big-bag-ofwel-thaise-pole-bag-gevuld-en-met-ketting-210x60-cm,FIGHTPRO BOKSZAK ‘BIG-BAG’ GEVULD en met ketting 210×60 cm,"<p>FIGHTPRO BOKSZAK &#8216;BIG-BAG&#8217; ofwel Thaise Pole bag GEVULD en met ketting 210&#215;60 cm. <strong>Prijs is exclusief verzending!</strong><br />
Kwalitatieve bokszak, zeer geschikt voor sportscholen. hangt aan een ketting maar staat ook op de grond.<br />
Deze super kickboks-zak wordt aan huis/sportschool geleverd, prijs is inclusief verzending en FULL-COLOR opdruk!<br />
Neem contact op voor uitleg.</p>
<div style=""width: 480px"" class=""wp-video""><video class=""wp-video-shortcode"" id=""video-0-1"" width=""480"" height=""848"" preload=""metadata"" controls=""controls""><a href=""https://www.fightpro.nl/wp-content/uploads/2021/12/WhatsApp-Video-2026-04-27-at-09.18.36.mp4"">https://www.fightpro.nl/wp-content/uploads/2021/12/WhatsApp-Video-2026-04-27-at-09.18.36.mp4</a></video></div>",Fightpro,Bokszakken,"Fightpro, Bokszakken, Uitrusting",TRUE,Title,Default Title,,,shopify,12,deny,manual,550.00,,TRUE,TRUE,https://www.fightpro.nl/wp-content/uploads/2021/12/E918EBC5-6179-4415-8108-D11A978AD67C.jpg,1,FIGHTPRO BOKSZAK ‘BIG-BAG’ GEVULD en met ketting 210×60 cm,FALSE,FIGHTPRO BOKSZAK ‘BIG-BAG’ GEVULD en met ketting 210×60 cm,Fightpro “BIG BAG” bokszak 210×60 cm. Prijs is exclusief verzending!,active,Uitrusting
bokszak-big-bag-ofwel-thaise-pole-bag-gevuld-en-met-ketting-210x60-cm,,,,,,,,,,,,,,,,,,,https://www.fightpro.nl/wp-content/uploads/2021/12/6F7ADA34-311E-443E-8335-72058D7F42D5.jpg,2,,,,,
venum-ufc-fight-week-snapback-pet-cap-black,VENUM UFC FIGHT WEEK SNAPBACK PET CAP BLACK,<p>VENUM UFC FIGHT WEEK SNAPBACK PET CAP BLACK</p>,Venum,Diversen,"Venum, Diversen, Bestseller",TRUE,Title,Default Title,VEU-0621-1,,shopify,12,deny,manual,29.95,,TRUE,TRUE,https://www.fightpro.nl/wp-content/uploads/2021/11/VENUM-UFC-FIGHT-WEEK-SNAPBACK-PET-CAP-BLACK.jpg,1,VENUM UFC FIGHT WEEK SNAPBACK PET CAP BLACK,FALSE,VENUM UFC FIGHT WEEK SNAPBACK PET CAP BLACK,,active,Diversen
venum-ufc-fight-week-snapback-pet-cap-black,,,,,,,,,,,,,,,,,,,https://www.fightpro.nl/wp-content/uploads/2021/11/VENUM-UFC-FIGHT-WEEK-SNAPBACK-PET-CAP-BLACK2.jpg,2,,,,,
coldspray-icespray-300-ml,Coldspray  / icespray 300 ml,<p>Coldspray  / icespray 300 ml tegen zwellingen en blessures</p>,PX,Diversen,"PX, Diversen",TRUE,Title,Default Title,100-CP01,,shopify,12,deny,manual,6.95,,TRUE,TRUE,https://www.fightpro.nl/wp-content/uploads/2021/11/Coldspray-icespray-300-ml.jpg,1,Coldspray  / icespray 300 ml,FALSE,Coldspray  / icespray 300 ml,,active,Diversen
hayabusa-ryoko-mesh-gear-bag-sporttas-zwart-large,Hayabusa Ryoko Mesh Gear Bag – Sporttas – zwart – large,<p>Hayabusa Ryoko Mesh Gear Bag &#8211; Sporttas &#8211; zwart &#8211; large</p>,Hayabusa,Sport tassen,"Sport tassen, Uitrusting, Hayabusa",TRUE,Title,Default Title,ha-rsb,,shopify,12,deny,manual,139.00,,TRUE,TRUE,https://www.fightpro.nl/wp-content/uploads/2021/11/Hayabusa-Ryoko-Mesh-Gear-Bag-Sporttas-zwart.jpg,1,Hayabusa Ryoko Mesh Gear Bag – Sporttas – zwart – large,FALSE,Hayabusa Ryoko Mesh Gear Bag – Sporttas – zwart – large,,active,Uitrusting
hayabusa-ryoko-mesh-gear-bag-sporttas-zwart-large,,,,,,,,,,,,,,,,,,,https://www.fightpro.nl/wp-content/uploads/2021/11/Hayabusa-Ryoko-Mesh-Gear-Bag-Sporttas-zwart2.jpg,2,,,,,
hayabusa-ryoko-mesh-gear-bag-sporttas-zwart-large,,,,,,,,,,,,,,,,,,,https://www.fightpro.nl/wp-content/uploads/2021/11/Hayabusa-Ryoko-Mesh-Gear-Bag-Sporttas-zwart3.jpg,3,,,,,
hayabusa-ryoko-mesh-gear-bag-sporttas-zwart-large,,,,,,,,,,,,,,,,,,,https://www.fightpro.nl/wp-content/uploads/2021/11/Hayabusa-Ryoko-Mesh-Gear-Bag-Sporttas-zwart4.jpg,4,,,,,
bitje-mouthguard-hayabusa-combat-zwart,Bitje mouthguard Hayabusa Combat zwart,<p>Bitje mouthguard Hayabusa Combat zwart black</p>,Hayabusa,Gebitsbeschermer,"Bescherming, Gebitsbeschermer, Hayabusa",TRUE,Title,Default Title,111111-1-1-1-2-2-2-1-1-1-1-1,,shopify,12,deny,manual,17.95,,TRUE,TRUE,https://www.fightpro.nl/wp-content/uploads/2021/11/Bitje-mouthguard-Hayabusa-Combat-zwart-black.jpg,1,Bitje mouthguard Hayabusa Combat zwart,FALSE,Bitje mouthguard Hayabusa Combat zwart,Al jaren bekend als een van de beste handschoen merken in de wereld.,active,Bescherming
bitje-mouthguard-hayabusa-combat-zwart,,,,,,,,,,,,,,,,,,,https://www.fightpro.nl/wp-content/uploads/2021/11/Bitje-mouthguard-Hayabusa-Combat-zwart-black2.jpg,2,,,,,
bitje-mouthguard-hayabusa-combat-zwart,,,,,,,,,,,,,,,,,,,https://www.fightpro.nl/wp-content/uploads/2021/11/Bitje-mouthguard-Hayabusa-Combat-zwart-black3.jpg,3,,,,,
bitje-mouthguard-hayabusa-combat-wit,Bitje mouthguard Hayabusa Combat wit,<p>Bitje mouthguard Hayabusa Combat wit/white</p>,Hayabusa,Gebitsbeschermer,"Bescherming, Gebitsbeschermer, Hayabusa",TRUE,Title,Default Title,111111-1-1-1-2-2-2-1-1-1-1,,shopify,12,deny,manual,17.95,,TRUE,TRUE,https://www.fightpro.nl/wp-content/uploads/2021/11/Bitje-mouthguard-Hayabusa-Combat-wit-white.jpg,1,Bitje mouthguard Hayabusa Combat wit,FALSE,Bitje mouthguard Hayabusa Combat wit,Al jaren bekend als een van de beste handschoen merken in de wereld.,active,Bescherming
bitje-mouthguard-hayabusa-combat-wit,,,,,,,,,,,,,,,,,,,https://www.fightpro.nl/wp-content/uploads/2021/11/Bitje-mouthguard-Hayabusa-Combat-wit-white2.jpg,2,,,,,
bitje-mouthguard-hayabusa-combat-wit,,,,,,,,,,,,,,,,,,,https://www.fightpro.nl/wp-content/uploads/2021/11/Bitje-mouthguard-Hayabusa-Combat-wit-white3.jpg,3,,,,,
hayabusa-t3-kickboks-scheenbeschermers-zwart,HAYABUSA T3 KICKBOKS SCHEENBESCHERMERS ZWART,<p>[et_pb_section fb_built=&#8221;1&#8243; theme_builder_area=&#8221;post_content&#8221; _builder_version=&#8221;4.24.2&#8243; _module_preset=&#8221;default&#8221;][/et_pb_section]</p>,Hayabusa,Scheenbeschermers,"Bescherming, Scheenbeschermers, Hayabusa",TRUE,Title,Default Title,111111-1-1-1-2-2-2-1-1-1,,shopify,12,deny,manual,169.00,,TRUE,TRUE,https://www.fightpro.nl/wp-content/uploads/2021/11/Hayabusa_T3_scheenbeschermers_zwart.jpg,1,HAYABUSA T3 KICKBOKS SCHEENBESCHERMERS ZWART,FALSE,HAYABUSA T3 KICKBOKS SCHEENBESCHERMERS ZWART,Al jaren bekend als een van de beste handschoen merken in de wereld.,active,Bescherming
hayabusa-t3-kickboks-scheenbeschermers-zwart,,,,,,,,,,,,,,,,,,,https://www.fightpro.nl/wp-content/uploads/2021/11/Hayabusa_T3_scheenbeschermers_zwart2.jpg,2,,,,,
hayabusa-t3-kickboks-scheenbeschermers-zwart,,,,,,,,,,,,,,,,,,,https://www.fightpro.nl/wp-content/uploads/2021/11/Hayabusa_T3_scheenbeschermers_zwart3.jpg,3,,,,,
hayabusa-t3-kickboks-scheenbeschermers-zwart,,,,,,,,,,,,,,,,,,,https://www.fightpro.nl/wp-content/uploads/2021/11/Hayabusa_T3_scheenbeschermers_zwart4.jpg,4,,,,,
hayabusa-t3-lx-boxing-gloves-crimson,Hayabusa T3 LX Boxing Gloves – Crimson,"<p>De beste serie van hayabusa! De T3 LX<br />
Hayabusa handschoenen van zeer goede kwaliteit. Prijswinnaar van Men&#8217;s Health in 2019 voor beste Gloves in the world!<br />
voor de serieuze en professionele sporter.</p>
<p>Hayabusa T3 LX Boxing Gloves &#8211; Crimson</p>",Hayabusa,Kickbokshandschoenen leer,"Handschoenen, Kickbokshandschoenen leer, Hayabusa",TRUE,Maat,14 oz,HAY-BH-T3LX-CR-14oz,,shopify,12,deny,manual,229.95,,TRUE,TRUE,https://www.fightpro.nl/wp-content/uploads/2021/11/Hayabusa_T3_LX_bokshandschoenen_crimson.jpg,1,Hayabusa T3 LX Boxing Gloves – Crimson,FALSE,Hayabusa T3 LX Boxing Gloves – Crimson,Al jaren bekend als een van de beste handschoen merken in de wereld.,active,Handschoenen
hayabusa-t3-lx-boxing-gloves-crimson,,,,,,,,16 oz,HAY-BH-T3LX-CR-16oz,,shopify,12,deny,manual,229.95,,TRUE,TRUE,,,,,,,,
hayabusa-t3-lx-boxing-gloves-crimson,,,,,,,,,,,,,,,,,,,https://www.fightpro.nl/wp-content/uploads/2021/11/Hayabusa_T3_LX_bokshandschoenen_crimson2.jpg,2,,,,,
hayabusa-t3-lx-boxing-gloves-slate,Hayabusa T3 LX Boxing Gloves – Slate,"<p>De beste serie van hayabusa! De T3 LX<br />
Hayabusa handschoenen van zeer goede kwaliteit. Prijswinnaar van Men&#8217;s Health in 2019 voor beste Gloves in the world!<br />
voor de serieuze en professionele sporter.</p>
<p>Hayabusa T3 LX Boxing Gloves &#8211; Slate</p>",Hayabusa,Kickbokshandschoenen leer,"Handschoenen, Kickbokshandschoenen leer, Hayabusa",TRUE,Maat,14 oz,HAY-BH-T3LX-SL-14oz,,shopify,12,deny,manual,229.95,,TRUE,TRUE,https://www.fightpro.nl/wp-content/uploads/2021/11/Hayabusa_T3_LX_bokshandschoenen_Slate.jpg,1,Hayabusa T3 LX Boxing Gloves – Slate,FALSE,Hayabusa T3 LX Boxing Gloves – Slate,Al jaren bekend als een van de beste handschoen merken in de wereld.,active,Handschoenen
hayabusa-t3-lx-boxing-gloves-slate,,,,,,,,16 oz,HAY-BH-T3LX-SL-16oz,,shopify,12,deny,manual,229.95,,TRUE,TRUE,,,,,,,,
joya-sleutelhanger-vlaggen-landen,JOYA SLEUTELHANGER vlaggen landen,<p>JOYA SLEUTELHANGER vlaggen landen</p>,Joya,Diversen,"Joya, Diversen",TRUE,Title,Default Title,100-SPR-1-1,,shopify,12,deny,manual,2.50,,TRUE,TRUE,https://www.fightpro.nl/wp-content/uploads/2021/11/joya_sleutelhanger_landen.jpg,1,JOYA SLEUTELHANGER vlaggen landen,FALSE,JOYA SLEUTELHANGER vlaggen landen,,active,Diversen
thaise-namman-muay-boxing-olie-120-ml,THAISE NAMMAN MUAY BOXING OLIE 120 ml,"<p>THAISE NAMMAN MUAY BOXING OLIE, voor blessures, spieren opwarmen en nog veel meer.<br />
120 ml.</p>",Namman Muay,Diversen,"Namman Muay, Diversen",TRUE,Title,Default Title,048800a,,shopify,12,deny,manual,24.95,,TRUE,TRUE,https://www.fightpro.nl/wp-content/uploads/2021/11/thaise_Namman_Muay_Olie.jpg,1,THAISE NAMMAN MUAY BOXING OLIE 120 ml,FALSE,THAISE NAMMAN MUAY BOXING OLIE 120 ml,,active,Diversen
springtouw-standaard-kunststof,PX Springtouw standaard kunststof,<p>Springtouw standaard kunststof 280 cm</p>,PX,Diversen,"PX, Diversen",TRUE,Title,Default Title,100-SPR,,shopify,12,deny,manual,7.50,,TRUE,TRUE,https://www.fightpro.nl/wp-content/uploads/2021/10/springtouw_standaard_kunststof_280_cm.jpg,1,PX Springtouw standaard kunststof,FALSE,PX Springtouw standaard kunststof,,active,Diversen
fa-nutrition-xtreme-napalm-energizer-270g,Pre-workout FA Nutrition Xtreme Napalm Energizer (270g),"<p>FA Nutrition Xtreme Napalm Energizer (270g)</p>
<p><em>&#8211; 60 Porties á 4,5g<br />
&#8211; makkelijk met water mengen<br />
&#8211; 200 mg Cafeïne per protie (4,5g)</em></p>
<p>&nbsp;</p>",Bio Tech,Voeding,"Bio Tech, Voeding",TRUE,Title,Default Title,8717624163357-1-1-1,,shopify,12,deny,manual,24.95,,TRUE,TRUE,https://www.fightpro.nl/wp-content/uploads/2021/10/Pre-workout-FA-Nutrition-Xtreme-Napalm-Energizer-270g.jpg,1,Pre-workout FA Nutrition Xtreme Napalm Energizer (270g),FALSE,Pre-workout FA Nutrition Xtreme Napalm Energizer (270g),"Een van de beste Pre Workouts op de markt! Handle with care! Beta-alanine (CarnoSyn®), arginine AKG, citruline malate, taurine, hydrolysed casein (PeptoPro®), glucuronolactone, L-ascorbic acid, sodium bicarbonate, magnesium phosphate, flavour, caffeine anhydrous, potassium phosphate, nicotinamide, s",active,Voeding
hyper-mass-2270-gram-door-biotech-usa,HYPER MASS 2270 gram door BioTech USA THT Korting,"<p>Koolhydraat- en eiwitdrankpoeder, met creatine, vol met voedingsvezels, zonder toegevoegde suikers.</p>
<p><strong>1 DOSIS Hyper Mass (65 G) BEVAT:</strong></p>
<ul>
<li>254 kcal</li>
<li>eiwit: 20 g</li>
<li>koolhydraten: 38 g (suikers: 4,9 g)</li>
<li>vezels: 5,4 g</li>
<li>vet: 1,4 g</li>
<li>gemicroniseerd creatine-monohydraat: 3,25 g (creatine: 2,9 g)</li>
</ul>",Bio Tech,Voeding,"Bio Tech, Voeding",TRUE,Title,Default Title,8717624163357-1-1,,shopify,12,deny,manual,25.00,47.95,TRUE,TRUE,https://www.fightpro.nl/wp-content/uploads/2021/10/bio_tech_HYPER_-MASS_2270G.jpg,1,HYPER MASS 2270 gram door BioTech USA THT Korting,FALSE,HYPER MASS 2270 gram door BioTech USA THT Korting,HYPER MASS 2270G,active,Voeding
fairtex-heavy-hitters-gloves,FAIRTEX BGV5 Muay Thai Super Sparring Glove,<p>Muay Thai FAIRTEX BGV5  Bokshandschoenen voor sparren en intensieve trainingen.</p>,Fairtex,Kickbokshandschoenen leer,"Handschoenen, Kickbokshandschoenen leer, Fairtex",TRUE,Maat,16 oz,FTBGV5BWR-16oz,,shopify,12,deny,manual,129.95,,TRUE,TRUE,https://www.fightpro.nl/wp-content/uploads/2021/10/fairtex-sparring-gloves-bokshandschoenen-BGV5-1.jpg,1,FAIRTEX BGV5 Muay Thai Super Sparring Glove,FALSE,FAIRTEX BGV5 Muay Thai Super Sparring Glove,,active,Handschoenen
fairtex-heavy-hitters-gloves,,,,,,,,,,,,,,,,,,,https://www.fightpro.nl/wp-content/uploads/2021/10/fairtex-sparring-gloves-bokshandschoenen-BGV5-3.jpg,2,,,,,
fairtex-heavy-hitters-gloves,,,,,,,,,,,,,,,,,,,https://www.fightpro.nl/wp-content/uploads/2021/10/fairtex-sparring-gloves-bokshandschoenen-BGV5-2.jpg,3,,,,,
fairtex-thai-shorts-black,FAIRTEX THAI SHORTS Black,<p>Muay Thai FAIRTEX THAI SHORTS Black</p>,Fairtex,Broekjes,"Kleding, Broekjes, Fairtex",TRUE,Maat,M,BS0639-M,,shopify,12,deny,manual,64.95,,TRUE,TRUE,https://www.fightpro.nl/wp-content/uploads/2021/10/FAIRTEX_THAI_SHORTS_black_BS0639.jpg,1,FAIRTEX THAI SHORTS Black,FALSE,FAIRTEX THAI SHORTS Black,,active,Kleding
fairtex-thai-shorts-black,,,,,,,,L,BS0639-L,,shopify,12,deny,manual,64.95,,TRUE,TRUE,,,,,,,,
fairtex-thai-shorts-black,,,,,,,,XL,BS0639-XL,,shopify,12,deny,manual,64.95,,TRUE,TRUE,,,,,,,,
fairtex-thai-shorts-black,,,,,,,,XXL,BS0639-XXL,,shopify,12,deny,manual,64.95,,TRUE,TRUE,,,,,,,,
joya-work-out-bokshandschoen-leer-luxe-versie,JOYA ‘WORK OUT’ BOKSHANDSCHOEN Leer luxe versie,"<p>De goedkope leren en toch goede handschoenen van Joya, Goede kwaliteit leer voor een top prijs!</p>",Joya,Kickbokshandschoenen leer,"Joya, Kickbokshandschoenen leer, Handschoenen",TRUE,Maat,10 oz,0050v2-BLACK-10oz,,shopify,12,deny,manual,64.95,,TRUE,TRUE,https://www.fightpro.nl/wp-content/uploads/2021/09/Joya_kickbokshandschoenen_Work_Out_luxe.jpg,1,JOYA ‘WORK OUT’ BOKSHANDSCHOEN Leer luxe versie,FALSE,JOYA ‘WORK OUT’ BOKSHANDSCHOEN Leer luxe versie,Gave kickbokshandschoen van Joya Fight Gear,active,Handschoenen
joya-work-out-bokshandschoen-leer-luxe-versie,,,,,,,,12 oz,0050v2-BLACK-12oz,,shopify,12,deny,manual,64.95,,TRUE,TRUE,,,,,,,,
joya-work-out-bokshandschoen-leer-luxe-versie,,,,,,,,14 oz,0050v2-BLACK-14oz,,shopify,12,deny,manual,64.95,,TRUE,TRUE,,,,,,,,
joya-work-out-bokshandschoen-leer-luxe-versie,,,,,,,,16 oz,0050v2-BLACK-16oz,,shopify,12,deny,manual,64.95,,TRUE,TRUE,,,,,,,,
joya-focus-mitt-stoot-pads,JOYA Focus mitt / stoot pads,"<p>JOYA STOOT PAD ZWART<br />
Aan de achterkant zit extra padding voor de pols.</p>",Joya,trap/stoot kussens,"Joya, trap/stoot kussens, Uitrusting",TRUE,Title,Default Title,074002-bl-1,,shopify,12,deny,manual,44.95,,TRUE,TRUE,https://www.fightpro.nl/wp-content/uploads/2021/09/Joya_Focus_Mitt.jpg,1,JOYA Focus mitt / stoot pads,FALSE,JOYA Focus mitt / stoot pads,,active,Uitrusting
joya-kickbokshandschoenen-pu-top-ten-black,Joya-kickbokshandschoenen-PU-Top-Ten Black,"<div class=""short-description"">
<div class=""std"">Voor alle startende kickboksers. Joya &#8216;Top tien&#8217; kickbokshandschoen! De bokshandschoen van hoogwaardig synthetisch leer (PU) is geschikt voor alle leeftijden.</div>
</div>",Joya,Kids,"Kids, Joya",TRUE,Maat,10 oz,0030-PRO-BLACK-10oz,,shopify,12,deny,manual,34.95,,TRUE,TRUE,https://www.fightpro.nl/wp-content/uploads/2021/09/Joya_bokshandschoenen_top-ten_black1.jpg,1,Joya-kickbokshandschoenen-PU-Top-Ten Black,FALSE,Joya-kickbokshandschoenen-PU-Top-Ten Black,,active,Kids
joya-kickbokshandschoenen-pu-top-ten-black,,,,,,,,12 oz,0030-PRO-BLACK-12oz,,shopify,12,deny,manual,34.95,,TRUE,TRUE,,,,,,,,
joya-kickbokshandschoenen-pu-top-ten-black,,,,,,,,14 oz,0030-PRO-BLACK-14oz,,shopify,12,deny,manual,34.95,,TRUE,TRUE,,,,,,,,
joya-kickbokshandschoenen-pu-top-ten-black,,,,,,,,16 oz,0030-PRO-BLACK-16oz,,shopify,12,deny,manual,34.95,,TRUE,TRUE,,,,,,,,
joya-kickbokshandschoenen-pu-top-ten-black,,,,,,,,4 oz,0030-PRO-BLACK-4oz,,shopify,12,deny,manual,34.95,,TRUE,TRUE,,,,,,,,
joya-kickbokshandschoenen-pu-top-ten-black,,,,,,,,6 oz,0030-PRO-BLACK-6oz,,shopify,12,deny,manual,34.95,,TRUE,TRUE,,,,,,,,
joya-kickbokshandschoenen-pu-top-ten-black,,,,,,,,8 oz,0030-PRO-BLACK-8oz,,shopify,12,deny,manual,34.95,,TRUE,TRUE,,,,,,,,
joya-kickbokshandschoenen-pu-top-ten-black,,,,,,,,,,,,,,,,,,,https://www.fightpro.nl/wp-content/uploads/2021/09/Joya_bokshandschoenen_top-ten_black2.jpg,2,,,,,
joya-kickbokshandschoenen-pu-top-ten-black,,,,,,,,,,,,,,,,,,,https://www.fightpro.nl/wp-content/uploads/2021/09/Joya_bokshandschoenen_top-ten_black3.jpg,3,,,,,
joya-junior-hoofdbeschermer-combat-open,Joya Junior Hoofdbeschermer Boks helm ‘COMBAT’ open,"<p>Boks Helm voor boksen of kickboksen. Open, zonder jukbeen bescherming.</p>
<p>Meerdere kleuren en maten.</p>",Joya,Hoofdbeschermers,"Bescherming, Joya, Hoofdbeschermers",TRUE,Maat,L,04200-L,,shopify,12,deny,manual,39.95,,TRUE,TRUE,https://www.fightpro.nl/wp-content/uploads/2021/09/joya_hoofdbeschermer_open.jpg,1,Joya Junior Hoofdbeschermer Boks helm ‘COMBAT’ open,FALSE,Joya Junior Hoofdbeschermer Boks helm ‘COMBAT’ open,Helm voor boksen en kickboksen,active,Bescherming
joya-junior-hoofdbeschermer-combat-open,,,,,,,,M,04200-M,,shopify,12,deny,manual,39.95,,TRUE,TRUE,,,,,,,,
joya-junior-hoofdbeschermer-combat-open,,,,,,,,S,04200-S,,shopify,12,deny,manual,39.95,,TRUE,TRUE,,,,,,,,
joya-junior-hoofdbeschermer-combat-open,,,,,,,,XL,04200-XL,,shopify,12,deny,manual,39.95,,TRUE,TRUE,,,,,,,,
joya-junior-hoofdbeschermer-combat-open,,,,,,,,XS,04200-XS,,shopify,12,deny,manual,39.95,,TRUE,TRUE,,,,,,,,
joya-junior-hoofdbeschermer-combat-open,,,,,,,,XXS,04200-XXS,,shopify,12,deny,manual,39.95,,TRUE,TRUE,,,,,,,,
joya-junior-hoofdbeschermer,Joya Junior Hoofdbeschermer / boks helm,"<p>Junior helmpjes voor de jeugd. Boks helm</p>
<p>Meerdere maten.</p>",Joya,Hoofdbeschermers,"Bescherming, Joya, Hoofdbeschermers",TRUE,Maat,L,04150-L,,shopify,12,deny,manual,49.95,,TRUE,TRUE,https://www.fightpro.nl/wp-content/uploads/2021/08/joya-hoofdbeschermer-pu-helm.jpg,1,Joya Junior Hoofdbeschermer / boks helm,FALSE,Joya Junior Hoofdbeschermer / boks helm,Junior hoofdbeschermer / helm voor boksen en kickboksen,active,Bescherming
joya-junior-hoofdbeschermer,,,,,,,,M,04150-M,,shopify,12,deny,manual,49.95,,TRUE,TRUE,,,,,,,,
joya-junior-hoofdbeschermer,,,,,,,,S,04150-S,,shopify,12,deny,manual,49.95,,TRUE,TRUE,,,,,,,,
joya-junior-hoofdbeschermer,,,,,,,,XL,04150-XL,,shopify,12,deny,manual,49.95,,TRUE,TRUE,,,,,,,,
joya-junior-hoofdbeschermer,,,,,,,,XS,04150-XS,,shopify,12,deny,manual,49.95,,TRUE,TRUE,,,,,,,,
joya-junior-hoofdbeschermer,,,,,,,,XXS,04150-XXS,,shopify,12,deny,manual,49.95,,TRUE,TRUE,,,,,,,,
joya-junior-hoofdbeschermer,,,,,,,,,,,,,,,,,,,https://www.fightpro.nl/wp-content/uploads/2021/08/joya-hoofdbeschermer-pu-helm-2.jpg,2,,,,,
fightpro-glove-care-odor-remover,Fightpro Glove Care Odor remover,"<p>Stinkende handschoenen, schoenen, scheenbeschermers? Dat is nu verleden tijd. Goed werkend geurvernietiger voor sport materialen. Ruikt niet alleen aangenaam, maar doodt ook de bacteriën.</p>",Fightpro,Diversen,"Fightpro, Diversen, Bestseller",TRUE,Title,Default Title,,,shopify,12,deny,manual,9.95,,TRUE,TRUE,https://www.fightpro.nl/wp-content/uploads/2021/07/Fightpro-anti-stink-Glove-Care-Odor-remover1.jpg,1,Fightpro Glove Care Odor remover,FALSE,Fightpro Glove Care Odor remover,,active,Diversen
fightpro-glove-care-odor-remover,,,,,,,,,,,,,,,,,,,https://www.fightpro.nl/wp-content/uploads/2021/07/IMG_7118.jpg,2,,,,,
joya-work-out-bokshandschoen-leer,JOYA ‘WORK OUT’ BOKSHANDSCHOEN Leer,"<p>De goedkope leren en toch goede handschoenen van Joya, Goede kwaliteit leer voor een top prijs!</p>",Joya,Kickbokshandschoenen leer,"Joya, Kickbokshandschoenen leer, Handschoenen",TRUE,Maat,10 oz,0050-workout-10oz,,shopify,0,deny,manual,54.95,,TRUE,TRUE,https://www.fightpro.nl/wp-content/uploads/2021/07/workou_glove_leather_joya.jpg,1,JOYA ‘WORK OUT’ BOKSHANDSCHOEN Leer,FALSE,JOYA ‘WORK OUT’ BOKSHANDSCHOEN Leer,Gave kickbokshandschoen van Joya Fight Gear,active,Handschoenen
joya-work-out-bokshandschoen-leer,,,,,,,,12 oz,0050-workout-12oz,,shopify,0,deny,manual,54.95,,TRUE,TRUE,,,,,,,,
joya-work-out-bokshandschoen-leer,,,,,,,,14 oz,0050-workout-14oz,,shopify,0,deny,manual,54.95,,TRUE,TRUE,,,,,,,,
joya-work-out-bokshandschoen-leer,,,,,,,,16 oz,0050-workout-16oz,,shopify,0,deny,manual,54.95,,TRUE,TRUE,,,,,,,,
basic-scheenbeschermers-katoen,Basic Scheenbeschermers – Katoen,<p>Basis katoenen scheendekkers in meerdere kleuren verkrijgbaar. Zeer geschikt voor de startende vechters. Kan in de wasmachine (Op lage temperaturen)</p>,Fightpro,Scheenbeschermers,"Fightpro, Scheenbeschermers, Bescherming",TRUE,Maat,L,,,shopify,12,deny,manual,20.00,39.95,TRUE,TRUE,https://www.fightpro.nl/wp-content/uploads/2021/05/katoen_scheenbeschermer_topstar.jpg,1,Basic Scheenbeschermers – Katoen,FALSE,Basic Scheenbeschermers – Katoen,Basic Scheenbeschermer voor de beginner. Voordeel van deze scheendekkers is dat ze gewassen kunnen worden als ze vaak gedragen zijn.,active,Bescherming
basic-scheenbeschermers-katoen,,,,,,,,M,,,shopify,12,deny,manual,20.00,39.95,TRUE,TRUE,,,,,,,,
basic-scheenbeschermers-katoen,,,,,,,,S,,,shopify,12,deny,manual,20.00,39.95,TRUE,TRUE,,,,,,,,
basic-scheenbeschermers-katoen,,,,,,,,XL,,,shopify,12,deny,manual,20.00,39.95,TRUE,TRUE,,,,,,,,
basic-scheenbeschermers-katoen,,,,,,,,XS,,,shopify,12,deny,manual,20.00,39.95,TRUE,TRUE,,,,,,,,
basic-scheenbeschermers-katoen,,,,,,,,XXS,,,shopify,12,deny,manual,20.00,39.95,TRUE,TRUE,,,,,,,,
fightpro-bokszak-de-luxe-gevuld-en-met-ketting-180-cm,FIGHTPRO BOKSZAK ‘De Luxe’ GEVULD en met ketting 180 cm,"<p>Bokszak kopen? Meerdere op voorraad, ok mogelijk om te laten personaliseren met eigen logo.</p>
<p>FIGHTPRO BOKSZAK &#8216;De Luxe&#8217; GEVULD en met ketting 180 cm. Kwalitatieve bokszak voor de beginner maar ook voor sportscholen zeer geschikt.</p>
<p>Ook te bestellen in de maten:<br />
80cm<br />
100 cm<br />
120 cm<br />
150 cm<br />
180 cm Altijd meerdere voorradig!</p>",Fightpro,Bokszakken,"Fightpro, Bokszakken, Uitrusting",TRUE,Title,Default Title,,,shopify,12,deny,manual,139.95,,TRUE,TRUE,https://www.fightpro.nl/wp-content/uploads/2020/12/FIGHTPRO-bokszak-deluxe-180cm.2jpg.jpg,1,FIGHTPRO BOKSZAK ‘De Luxe’ GEVULD en met ketting 180 cm,FALSE,FIGHTPRO BOKSZAK ‘De Luxe’ GEVULD en met ketting 180 cm,"Bokszak kopen in Enschede? Fightpro bokszak 180 cm, top kwaliteit en ook voor professioneel gebruik.",active,Uitrusting
fightpro-bokszak-de-luxe-gevuld-en-met-ketting-180-cm,,,,,,,,,,,,,,,,,,,https://www.fightpro.nl/wp-content/uploads/2020/12/FIGHTPRO-bokszak-deluxe-180cm.2jpg.jpg,2,,,,,
fightpro-bokszak-de-luxe-gevuld-en-met-ketting-180-cm,,,,,,,,,,,,,,,,,,,https://www.fightpro.nl/wp-content/uploads/2020/12/FIGHTPRO-bokszak-deluxe-180cm-1.jpg,3,,,,,
fightpro-bokszak-de-luxe-gevuld-en-met-ketting-180-cm,,,,,,,,,,,,,,,,,,,https://www.fightpro.nl/wp-content/uploads/2020/12/FIGHTPRO-bokszak-deluxe-180cm-2.jpg,4,,,,,
fightpro-bokszak-de-luxe-gevuld-en-met-ketting-180-cm,,,,,,,,,,,,,,,,,,,https://www.fightpro.nl/wp-content/uploads/2020/12/FIGHTPRO-bokszak-deluxe-180cm.jpg,5,,,,,
100-pure-whey-2270g-door-biotech-usa,100% Pure Whey (2270g) door BioTech USA,"<p>100% Pure Whey (2270g) door BioTech USA. Een van de best producten op de markt. Daarnaast erg lekker van smaak.</p>
<ul>
<li>met toegevoegde functionele aminozuren</li>
<li>palmolievrij en conserveermiddelen vrij</li>
<li>1 dosis bevat (28 g): 21 g eiwitten waarvan 6 g BCAA&#8217;s</li>
</ul>",Bio Tech,Voeding,"Bio Tech, Voeding",TRUE,Title,Default Title,8717624163357-1,,shopify,12,deny,manual,79.95,,TRUE,TRUE,https://www.fightpro.nl/wp-content/uploads/2020/10/bio_tech_whey.jpg,1,100% Pure Whey (2270g) door BioTech USA,FALSE,100% Pure Whey (2270g) door BioTech USA,100% Pure Whey voor eiwit shakes. Verschillende smaken.,active,Voeding
makura-tephra-max-navy-white-red-gebitsbeschermer-bitje,Makura TEPHRA MAX – NAVY/WHITE/RED Gebitsbeschermer – bitje,<p>Makura TEPHRA MAX – NAVY/ORANGE/BLUE Gebitsbeschermer – bitje</p>,Makura,Gebitsbeschermer,"Bescherming, Gebitsbeschermer, Makura",TRUE,Title,Default Title,MK300-Bl-WH-RED-SR,,shopify,12,deny,manual,24.95,,TRUE,TRUE,https://www.fightpro.nl/wp-content/uploads/2020/10/tephramax_frontside_blue-white-red-2.jpg,1,Makura TEPHRA MAX – NAVY/WHITE/RED Gebitsbeschermer – bitje,FALSE,Makura TEPHRA MAX – NAVY/WHITE/RED Gebitsbeschermer – bitje,,active,Bescherming
makura-tephra-max-navy-white-red-gebitsbeschermer-bitje,,,,,,,,,,,,,,,,,,,https://www.fightpro.nl/wp-content/uploads/2020/10/Tephra_6017514128_05.jpg,2,,,,,
makura-tephra-max-navy-white-red-gebitsbeschermer-bitje,,,,,,,,,,,,,,,,,,,https://www.fightpro.nl/wp-content/uploads/2020/10/Tephra_6017514128_04.jpg,3,,,,,
makura-tephra-max-navy-white-red-gebitsbeschermer-bitje,,,,,,,,,,,,,,,,,,,https://www.fightpro.nl/wp-content/uploads/2020/10/Tephra_6017514128_03.jpg,4,,,,,
makura-tephra-max-navy-white-red-gebitsbeschermer-bitje,,,,,,,,,,,,,,,,,,,https://www.fightpro.nl/wp-content/uploads/2020/10/Tephra_6017514128_02.jpg,5,,,,,
makura-tephra-max-navy-white-red-gebitsbeschermer-bitje,,,,,,,,,,,,,,,,,,,https://www.fightpro.nl/wp-content/uploads/2020/10/Tephra_6017514128_01.jpg,6,,,,,
joya-wand-makiwara-boks-uppercut-unit,JOYA wand-MAKIWARA BOKS + UPPERCUT UNIT,<p>JOYA wand-MAKIWARA BOKS + UPPERCUT UNIT. Ideaal om aan de muur te bevestigen. Geschikt voor stoten en knietjes.</p>,Joya,Bokszakken,"Bokszakken, Joya, Uitrusting",TRUE,Title,Default Title,AT-845,,shopify,12,deny,manual,199.95,,TRUE,TRUE,https://www.fightpro.nl/wp-content/uploads/2020/10/wall_makiwara.jpg,1,JOYA wand-MAKIWARA BOKS + UPPERCUT UNIT,FALSE,JOYA wand-MAKIWARA BOKS + UPPERCUT UNIT,JOYA wand-MAKIWARA BOKS + UPPERCUT UNIT,active,Uitrusting
joya-dura-trap-en-stoot-pad-leer-zwart,JOYA DURA TRAP EN STOOT PAD (LEER) ZWART,"<p>JOYA DURA TRAP EN STOOT PAD (LEER) ZWART<br />
Aan de achterkant zit extra padding voor de pols. Daardoor ook zeer geschikt voor knietjes en trappen.</p>",Joya,trap/stoot kussens,"Joya, trap/stoot kussens, Uitrusting",TRUE,Title,Default Title,074002-bl,,shopify,12,deny,manual,139.95,,TRUE,TRUE,https://www.fightpro.nl/wp-content/uploads/2020/10/074002-blk.jpg,1,JOYA DURA TRAP EN STOOT PAD (LEER) ZWART,FALSE,JOYA DURA TRAP EN STOOT PAD (LEER) ZWART,,active,Uitrusting
matchu-trap-stootkussen-pads,MATCHU TRAP- EN STOOTKUSSEN,"<p>MATCHU TRAP- EN STOOTKUSSEN, makkelijk voor alle niveaus. Lekker licht.<br />
34 x 18 cm. Worden per paar verkocht</p>",Matchu,trap/stoot kussens,"Matchu, trap/stoot kussens, Uitrusting",TRUE,Title,Default Title,matchu-pads,,shopify,12,deny,manual,59.95,,TRUE,TRUE,https://www.fightpro.nl/wp-content/uploads/2020/10/Trap-en-stootkussen-01.jpg,1,MATCHU TRAP- EN STOOTKUSSEN,FALSE,MATCHU TRAP- EN STOOTKUSSEN,,active,Uitrusting
matchu-trap-stootkussen-pads,,,,,,,,,,,,,,,,,,,https://www.fightpro.nl/wp-content/uploads/2020/10/Tranp-en-stootkussen-04.jpg,2,,,,,
matchu-trap-stootkussen-pads,,,,,,,,,,,,,,,,,,,https://www.fightpro.nl/wp-content/uploads/2020/10/Trap-en-stootkussen-02.jpg,3,,,,,
matchu-trap-stootkussen-pads,,,,,,,,,,,,,,,,,,,https://www.fightpro.nl/wp-content/uploads/2020/10/Trap-en-stootkussen-03.jpg,4,,,,,
joya-dura-pad-trap-fight-fast-leer-groen,JOYA DURA PAD TRAP “FIGHT FAST” (LEER) Faded black,"<p>JOYA DURA PAD TRAP &#8220;FIGHT FAST&#8221; (LEER) Faded black.<br />
De trapkussens zijn 38 cm lang en 7 cm dik. Aan de achterkant zit extra padding voor de pols. Daardoor ook zeer geschikt voor knietjes en trappen.</p>",Joya,trap/stoot kussens,"Joya, trap/stoot kussens, Uitrusting",TRUE,Title,Default Title,FF0074,,shopify,12,deny,manual,149.95,,TRUE,TRUE,https://www.fightpro.nl/wp-content/uploads/2020/10/Joya-Handpads_Leer_Thai_Dura_Fight_Fast_Zwart.jpg,1,JOYA DURA PAD TRAP “FIGHT FAST” (LEER) Faded black,FALSE,JOYA DURA PAD TRAP “FIGHT FAST” (LEER) Faded black,,active,Uitrusting
joya-dura-pad-trap-fight-fast-leer-groen,,,,,,,,,,,,,,,,,,,https://www.fightpro.nl/wp-content/uploads/2020/10/Joya-Handpads_Leer_Thai_Dura_Fight_Fast_Zwart2.jpg,2,,,,,
joya-bokszak-ketting-met-wartel,JOYA BOKSZAK KETTING MET WARTEL,<p>JOYA BOKSZAK KETTING MET WARTEL. Door de lagers kan de zak makkelijker draaien en zal daardoor langer meegaan.</p>,Joya,Bokszakken,"Bokszakken, Joya, Uitrusting",TRUE,Title,Default Title,03100-BB-CHAIN,,shopify,12,deny,manual,15.95,,TRUE,TRUE,https://www.fightpro.nl/wp-content/uploads/2020/10/chain_1.jpg,1,JOYA BOKSZAK KETTING MET WARTEL,FALSE,JOYA BOKSZAK KETTING MET WARTEL,JOYA BOKSZAK KETTING MET WARTEL,active,Uitrusting
joya-mma-handschoen-zwart-metallic,Joya MMA handschoen – Zwart Metallic,<p>Joya MMA handschoen – Zwart Metallic</p>,Joya,MMA Gloves,"MMA Gloves, Joya, Handschoenen",TRUE,Maat,L,01600-Black-L,,shopify,12,deny,manual,34.95,,TRUE,TRUE,https://www.fightpro.nl/wp-content/uploads/2020/10/joya_nieuwe_collectie_zwart_mma_handschoen_9_copy.jpg,1,Joya MMA handschoen – Zwart Metallic,FALSE,Joya MMA handschoen – Zwart Metallic,Mooie prijs/kwaliteit verhouding,active,Handschoenen
joya-mma-handschoen-zwart-metallic,,,,,,,,M,01600-Black-M,,shopify,12,deny,manual,34.95,,TRUE,TRUE,,,,,,,,
joya-mma-handschoen-zwart-metallic,,,,,,,,S,01600-Black-S,,shopify,12,deny,manual,34.95,,TRUE,TRUE,,,,,,,,
joya-mma-handschoen-zwart-metallic,,,,,,,,XL,01600-Black-XL,,shopify,12,deny,manual,34.95,,TRUE,TRUE,,,,,,,,
joya-mma-handschoen-zwart-metallic,,,,,,,,XS,01600-Black-XS,,shopify,12,deny,manual,34.95,,TRUE,TRUE,,,,,,,,
joya-mma-handschoen-zwart-metallic,,,,,,,,,,,,,,,,,,,https://www.fightpro.nl/wp-content/uploads/2020/10/joya_nieuwe_collectie_zwart_mma_handschoen_7_copy.jpg,2,,,,,
joya-mma-handschoen-zwart-metallic,,,,,,,,,,,,,,,,,,,https://www.fightpro.nl/wp-content/uploads/2020/10/joya_nieuwe_collectie_zwart_mma_handschoen_6_copy.jpg,3,,,,,
joya-mma-handschoen-zwart-metallic,,,,,,,,,,,,,,,,,,,https://www.fightpro.nl/wp-content/uploads/2020/10/joya_nieuwe_collectie_zwart_mma_handschoen_5_copy.jpg,4,,,,,
booster-tbt-chaos-shorts-grey-black,Booster TBT Chaos shorts – GREY/BLACK,<p>Een stoer Muay Thai van het merk Booster</p>,Booster,Broekjes,"Kleding, Broekjes, Booster",TRUE,Maat,XXS,,,shopify,12,deny,manual,49.95,,TRUE,TRUE,https://www.fightpro.nl/wp-content/uploads/2020/09/5b2ceb55-d90f-4159-a714-ff7efa5cf581.jpg,1,Booster TBT Chaos shorts – GREY/BLACK,FALSE,Booster TBT Chaos shorts – GREY/BLACK,,active,Kleding
booster-tbt-chaos-shorts-grey-black,,,,,,,,XS,,,shopify,12,deny,manual,49.95,,TRUE,TRUE,,,,,,,,
booster-tbt-chaos-shorts-grey-black,,,,,,,,S,,,shopify,12,deny,manual,49.95,,TRUE,TRUE,,,,,,,,
booster-tbt-chaos-shorts-grey-black,,,,,,,,M,,,shopify,12,deny,manual,49.95,,TRUE,TRUE,,,,,,,,
booster-tbt-chaos-shorts-grey-black,,,,,,,,L,,,shopify,12,deny,manual,49.95,,TRUE,TRUE,,,,,,,,
booster-tbt-chaos-shorts-grey-black,,,,,,,,XL,,,shopify,12,deny,manual,49.95,,TRUE,TRUE,,,,,,,,
booster-tbt-chaos-shorts-grey-black,,,,,,,,XXL,,,shopify,12,deny,manual,49.95,,TRUE,TRUE,,,,,,,,
booster-tbt-chaos-shorts-grey-black,,,,,,,,,,,,,,,,,,,https://www.fightpro.nl/wp-content/uploads/2020/09/34de19da-b89f-4830-bfec-85510d61e6da.jpg,2,,,,,
hayabusa-falcon-muay-thai-shorts-white,Hayabusa Falcon Muay Thai Shorts – WHITE,<p>Een mooi sportbroekje van het merk Hayabusa. Traditionele muay thai shorts</p>,Hayabusa,Broekjes,"Kleding, Broekjes, Hayabusa",TRUE,Maat,XXS,,,shopify,12,deny,manual,69.95,,TRUE,TRUE,https://www.fightpro.nl/wp-content/uploads/2020/09/hayabusa-fmts-white-front.jpg,1,Hayabusa Falcon Muay Thai Shorts – WHITE,FALSE,Hayabusa Falcon Muay Thai Shorts – WHITE,,active,Kleding
hayabusa-falcon-muay-thai-shorts-white,,,,,,,,XS,,,shopify,12,deny,manual,69.95,,TRUE,TRUE,,,,,,,,
hayabusa-falcon-muay-thai-shorts-white,,,,,,,,S,,,shopify,12,deny,manual,69.95,,TRUE,TRUE,,,,,,,,
hayabusa-falcon-muay-thai-shorts-white,,,,,,,,M,,,shopify,12,deny,manual,69.95,,TRUE,TRUE,,,,,,,,
hayabusa-falcon-muay-thai-shorts-white,,,,,,,,L,,,shopify,12,deny,manual,69.95,,TRUE,TRUE,,,,,,,,
hayabusa-falcon-muay-thai-shorts-white,,,,,,,,XL,,,shopify,12,deny,manual,69.95,,TRUE,TRUE,,,,,,,,
hayabusa-falcon-muay-thai-shorts-white,,,,,,,,XXL,,,shopify,12,deny,manual,69.95,,TRUE,TRUE,,,,,,,,
hayabusa-falcon-muay-thai-shorts-white,,,,,,,,,,,,,,,,,,,https://www.fightpro.nl/wp-content/uploads/2020/09/hayabusa-fmts-white-back.jpg,2,,,,,
makura-toka-pro-gebitsbeschermer-bitje-black-granite,Makura Toka Pro Gebitsbeschermer – bitje black granite,<p>Makura Toka Pro Gebitsbeschermer – bitje black granite</p>,Makura,Gebitsbeschermer,"Bescherming, Gebitsbeschermer, Makura",TRUE,Title,Default Title,MK100-BLK,,shopify,12,deny,manual,12.95,,TRUE,TRUE,https://www.fightpro.nl/wp-content/uploads/2020/09/Makura-Toka-Pro-Gebitsbeschermer-Black-Senior2.jpg,1,Makura Toka Pro Gebitsbeschermer – bitje black granite,FALSE,Makura Toka Pro Gebitsbeschermer – bitje black granite,,active,Bescherming
makura-toka-pro-gebitsbeschermer-bitje-black-granite,,,,,,,,,,,,,,,,,,,https://www.fightpro.nl/wp-content/uploads/2020/09/Makura-Toka-Pro-Gebitsbeschermer-Black-Senior.jpg,2,,,,,
makura-ignis-pro-gel-gebitsbeschermer-polar-white-cool-blue,Makura Ignis Pro Gel Gebitsbeschermer polar White – cool blue,<p>Makura Ignis Pro Gel Gebitsbeschermer polar White &#8211; cool blue</p>,Makura,Gebitsbeschermer,"Bescherming, Gebitsbeschermer, Makura",TRUE,Title,Default Title,MK200-Wht-Blue,,shopify,12,deny,manual,17.95,,TRUE,TRUE,https://www.fightpro.nl/wp-content/uploads/2020/09/Makura-bitje-Ignes-Pro-Polar-White-Cooled-Blue.jpg,1,Makura Ignis Pro Gel Gebitsbeschermer polar White – cool blue,FALSE,Makura Ignis Pro Gel Gebitsbeschermer polar White – cool blue,,active,Bescherming
makura-ignis-pro-gel-gebitsbeschermer-polar-white-cool-blue,,,,,,,,,,,,,,,,,,,https://www.fightpro.nl/wp-content/uploads/2020/09/Makura-bitje-Ignes-Pro-Polar-White-Cooled-Blue2.jpg,2,,,,,
makura-ignis-pro-gel-gebitsbeschermer-black-granite-molten-orange-senior,Makura Ignis Pro Gel Gebitsbeschermer black granite – molten orange Senior,<p>Makura Ignis Pro Gel Gebitsbeschermer black granite &#8211; molten orange Senior</p>,Makura,Gebitsbeschermer,"Bescherming, Gebitsbeschermer, Makura",TRUE,Title,Default Title,MK200-Blk-Org,,shopify,12,deny,manual,17.95,,TRUE,TRUE,https://www.fightpro.nl/wp-content/uploads/2020/09/MAKURA-BITJE–IGNES-PRO–BLACK-GRANITE-MOLTEN-ORANGE.jpg,1,Makura Ignis Pro Gel Gebitsbeschermer black granite – molten orange Senior,FALSE,Makura Ignis Pro Gel Gebitsbeschermer black granite – molten orange Senior,,active,Bescherming
makura-ignis-pro-gel-gebitsbeschermer-black-granite-molten-orange-senior,,,,,,,,,,,,,,,,,,,https://www.fightpro.nl/wp-content/uploads/2020/09/MAKURA-BITJE–IGNES-PRO–BLACK-GRANITE-MOLTEN-ORANGE2.jpg,2,,,,,
makura-ignis-pro-gel-gebitsbeschermer-polar-white-electric-pink,Makura Ignis Pro Gel Gebitsbeschermer polar White – electric Pink,<p>Makura Ignis Pro Gel Gebitsbeschermer polar White &#8211; electric Pink</p>,Makura,Gebitsbeschermer,"Bescherming, Gebitsbeschermer, Makura",TRUE,Title,Default Title,MK200-Wht-Pink,,shopify,12,deny,manual,17.95,,TRUE,TRUE,https://www.fightpro.nl/wp-content/uploads/2020/09/Makura-Ignis-Pro-Gel-Gebitsbeschermer-polar-white-electric-pink2.jpg,1,Makura Ignis Pro Gel Gebitsbeschermer polar White – electric Pink,FALSE,Makura Ignis Pro Gel Gebitsbeschermer polar White – electric Pink,,active,Bescherming
makura-ignis-pro-gel-gebitsbeschermer-polar-white-electric-pink,,,,,,,,,,,,,,,,,,,https://www.fightpro.nl/wp-content/uploads/2020/09/Makura-Ignis-Pro-Gel-Gebitsbeschermer-polar-white-electric-pink.jpg,2,,,,,
makura-toka-pro-gebitsbeschermer-bitje-polar-white,Makura Toka Pro Gebitsbeschermer – bitje Polar white,<p>Makura Toka Pro Gebitsbeschermer – bitje Polar white</p>,Makura,Gebitsbeschermer,"Bescherming, Gebitsbeschermer, Makura",TRUE,Title,Default Title,Mk100-WH,,shopify,12,deny,manual,12.95,,TRUE,TRUE,https://www.fightpro.nl/wp-content/uploads/2020/09/MAKURA-BITJE–TOKA-PRO-polar-white.jpg,1,Makura Toka Pro Gebitsbeschermer – bitje Polar white,FALSE,Makura Toka Pro Gebitsbeschermer – bitje Polar white,,active,Bescherming
makura-toka-pro-gebitsbeschermer-bitje-polar-white,,,,,,,,,,,,,,,,,,,https://www.fightpro.nl/wp-content/uploads/2020/09/MAKURA-BITJE–TOKA-PRO-polar-white2.jpg,2,,,,,
makura-toka-pro-gebitsbeschermer-bitje-electric-pink,Makura Toka Pro Gebitsbeschermer –  bitje Electric pink,<p>Makura Toka Pro Gebitsbeschermer &#8211;  bitje Electric pink</p>,Makura,Gebitsbeschermer,"Bescherming, Gebitsbeschermer, Makura",TRUE,Title,Default Title,MK100-PNK,,shopify,12,deny,manual,12.95,,TRUE,TRUE,https://www.fightpro.nl/wp-content/uploads/2020/09/MAKURA-BITJE–TOKA-PRO-ELECTRIC-PINK.jpg,1,Makura Toka Pro Gebitsbeschermer –  bitje Electric pink,FALSE,Makura Toka Pro Gebitsbeschermer –  bitje Electric pink,,active,Bescherming
makura-toka-pro-gebitsbeschermer-bitje-electric-pink,,,,,,,,,,,,,,,,,,,https://www.fightpro.nl/wp-content/uploads/2020/09/MAKURA-BITJE–TOKA-PRO-ELECTRIC-PINK2.jpg,2,,,,,
makura-toka-pro-gebitsbeschermer-bitje-cooled-blue,Makura Toka Pro Gebitsbeschermer –  bitje  Cooled blue,<p>Makura Toka Pro Gebitsbeschermer &#8211;  bitje  Cooled blue</p>,Makura,Gebitsbeschermer,"Bescherming, Gebitsbeschermer, Makura",TRUE,Title,Default Title,MK100-BLUE,,shopify,12,deny,manual,12.95,,TRUE,TRUE,https://www.fightpro.nl/wp-content/uploads/2020/09/MAKURA-BITJE–TOKA-PRO-cooled-blue.jpg,1,Makura Toka Pro Gebitsbeschermer –  bitje  Cooled blue,FALSE,Makura Toka Pro Gebitsbeschermer –  bitje  Cooled blue,,active,Bescherming
makura-toka-pro-gebitsbeschermer-bitje-cooled-blue,,,,,,,,,,,,,,,,,,,https://www.fightpro.nl/wp-content/uploads/2020/09/MAKURA-BITJE–TOKA-PRO-cooled-blue2.jpg,2,,,,,
makura-toka-pro-gebitsbeschermer-bitje-laser-red,Makura Toka Pro Gebitsbeschermer –  bitje  Laser red,<p>Makura Toka Pro Gebitsbeschermer &#8211;  bitje  Laser red</p>,Makura,Gebitsbeschermer,"Bescherming, Gebitsbeschermer, Makura",TRUE,Title,Default Title,MK100-RED,,shopify,12,deny,manual,12.95,,TRUE,TRUE,https://www.fightpro.nl/wp-content/uploads/2020/09/MAKURA-BITJE–TOKA-PRO-laser-red.jpg,1,Makura Toka Pro Gebitsbeschermer –  bitje  Laser red,FALSE,Makura Toka Pro Gebitsbeschermer –  bitje  Laser red,,active,Bescherming
makura-toka-pro-gebitsbeschermer-bitje-laser-red,,,,,,,,,,,,,,,,,,,https://www.fightpro.nl/wp-content/uploads/2020/09/MAKURA-BITJE–TOKA-PRO-laser-red2.jpg,2,,,,,
hayabusa-t3-striking-scheenbeschermers-white-black,Hayabusa T3 striking scheenbeschermers – White/gold,"<p>Scheenbeschermers van het merk hayabusa.<br />
geschikt voor de fanatieke, professionele sporter.</p>",Hayabusa,Scheenbeschermers,"Bescherming, Scheenbeschermers, Hayabusa",TRUE,Maat,L,,,shopify,12,deny,manual,169.00,,TRUE,TRUE,https://www.fightpro.nl/wp-content/uploads/2020/08/Hayabusa-Scheenbeschermers-T3-White-gold.jpg,1,Hayabusa T3 striking scheenbeschermers – White/gold,FALSE,Hayabusa T3 striking scheenbeschermers – White/gold,,active,Bescherming
hayabusa-t3-striking-scheenbeschermers-white-black,,,,,,,,M,,,shopify,12,deny,manual,169.00,,TRUE,TRUE,,,,,,,,
hayabusa-t3-striking-scheenbeschermers-white-black,,,,,,,,S,,,shopify,12,deny,manual,169.00,,TRUE,TRUE,,,,,,,,
hayabusa-t3-striking-scheenbeschermers-white-black,,,,,,,,XL,,,shopify,12,deny,manual,169.00,,TRUE,TRUE,,,,,,,,
hayabusa-t3-striking-scheenbeschermers-white-black,,,,,,,,XS,,,shopify,12,deny,manual,169.00,,TRUE,TRUE,,,,,,,,
hayabusa-t3-striking-scheenbeschermers-white-black,,,,,,,,XXS,,,shopify,12,deny,manual,169.00,,TRUE,TRUE,,,,,,,,
hayabusa-t3-striking-scheenbeschermers-white-black,,,,,,,,,,,,,,,,,,,https://www.fightpro.nl/wp-content/uploads/2020/08/Hayabusa-Scheenbeschermers-T3-White-gold2.jpg,2,,,,,
hayabusa-t3-striking-scheenbeschermers-white-black,,,,,,,,,,,,,,,,,,,https://www.fightpro.nl/wp-content/uploads/2020/08/Hayabusa-Scheenbeschermers-T3-White-gold3.jpg,3,,,,,
hayabusa-t3-striking-scheenbeschermers-white-black,,,,,,,,,,,,,,,,,,,https://www.fightpro.nl/wp-content/uploads/2020/08/Hayabusa-Scheenbeschermers-T3-White-gold4.jpg,4,,,,,
hayabusa-t3-boxing-gloves-white-grey,Hayabusa T3 Boxing Gloves – White / Grey,"<p>Hayabusa handschoenen van zeer goede kwaliteit. Prijswinnaar van Men&#8217;s Health in 2019 voor beste Gloves in the world!<br />
voor de serieuze en professionele sporter.</p>",Hayabusa,Kickbokshandschoenen leer,"Handschoenen, Kickbokshandschoenen leer, Hayabusa",TRUE,Maat,14 oz,HAY-BH-T3-WG-14oz,,shopify,12,deny,manual,179.00,,TRUE,TRUE,https://www.fightpro.nl/wp-content/uploads/2020/08/HayabusaT3_BoxingGloves_WhiteGray_Group.jpg,1,Hayabusa T3 Boxing Gloves – White / Grey,FALSE,Hayabusa T3 Boxing Gloves – White / Grey,Al jaren bekend als een van de beste handschoen merken in de wereld.,active,Handschoenen
hayabusa-t3-boxing-gloves-white-grey,,,,,,,,16 oz,HAY-BH-T3-WG-16oz,,shopify,12,deny,manual,179.00,,TRUE,TRUE,,,,,,,,
hayabusa-t3-boxing-gloves-white-grey,,,,,,,,,,,,,,,,,,,https://www.fightpro.nl/wp-content/uploads/2020/08/dfb55e47-8419-4472-b756-8da2b8d501fb_HayabusaT3_BoxingGloves_WhiteGray_LeatherDetail_.jpg,2,,,,,
hayabusa-t3-boxing-gloves-white-grey,,,,,,,,,,,,,,,,,,,https://www.fightpro.nl/wp-content/uploads/2020/08/HayabusaT3_BoxingGloves_WhiteGray_Group2.jpg,3,,,,,
hayabusa-t3-boxing-gloves-white-grey,,,,,,,,,,,,,,,,,,,https://www.fightpro.nl/wp-content/uploads/2020/08/HayabusaT3_BoxingGloves_WhiteGray_Group3.jpg,4,,,,,
hayabusa-t3-boxing-gloves-white-grey,,,,,,,,,,,,,,,,,,,https://www.fightpro.nl/wp-content/uploads/2020/08/HayabusaT3_BoxingGloves_WhiteGray_Group4.jpg,5,,,,,
hayabusa-t3-boxing-gloves-white-grey,,,,,,,,,,,,,,,,,,,https://www.fightpro.nl/wp-content/uploads/2020/08/HayabusaT3_BoxingGloves_WhiteGrey_Group.jpg,6,,,,,
hayabusa-t3-boxing-gloves-kickbokshandschoenen-black-gold,Hayabusa T3 Boxing Gloves kickbokshandschoenen Black Gold,"<p>Hayabusa handschoenen van zeer goede kwaliteit. Prijswinnaar van Men&#8217;s Health in 2019 voor beste Gloves in the world!<br />
voor de serieuze en professionele sporter.</p>",Hayabusa,Kickbokshandschoenen leer,"Handschoenen, Kickbokshandschoenen leer, Hayabusa",TRUE,Maat,14 oz,HAY-BH-T3-BG-14oz,,shopify,12,deny,manual,179.00,,TRUE,TRUE,https://www.fightpro.nl/wp-content/uploads/2020/08/Hayabusa-T3-Boxing-Gloves-Black-Gold.jpg,1,Hayabusa T3 Boxing Gloves kickbokshandschoenen Black Gold,FALSE,Hayabusa T3 Boxing Gloves kickbokshandschoenen Black Gold,Al jaren bekend als een van de beste handschoen merken in de wereld.,active,Handschoenen
hayabusa-t3-boxing-gloves-kickbokshandschoenen-black-gold,,,,,,,,16 oz,HAY-BH-T3-BG-16oz,,shopify,12,deny,manual,179.00,,TRUE,TRUE,,,,,,,,
hayabusa-t3-boxing-gloves-kickbokshandschoenen-black-gold,,,,,,,,,,,,,,,,,,,https://www.fightpro.nl/wp-content/uploads/2020/08/Hayabusa-T3-Boxing-Gloves-Black-Gold2.jpg,2,,,,,
hayabusa-t3-boxing-gloves-kickbokshandschoenen-black-gold,,,,,,,,,,,,,,,,,,,https://www.fightpro.nl/wp-content/uploads/2020/08/Hayabusa-T3-Boxing-Gloves-Black-Gold3.jpg,3,,,,,
hayabusa-t3-boxing-gloves-kickbokshandschoenen-black-gold,,,,,,,,,,,,,,,,,,,https://www.fightpro.nl/wp-content/uploads/2020/08/product_1000x1000_4.jpg,4,,,,,
hayabusa-t3-boxing-gloves-kickbokshandschoenen-black-gold,,,,,,,,,,,,,,,,,,,https://www.fightpro.nl/wp-content/uploads/2020/08/product_1000x1000_5.jpg,5,,,,,
hayabusa-t3-boxing-gloves-kickbokshandschoenen-black-gold,,,,,,,,,,,,,,,,,,,https://www.fightpro.nl/wp-content/uploads/2020/08/product_1000x1000_6.jpg,6,,,,,
joya-zakhandschoenen-velcro-standard-zwart,Joya Zakhandschoenen “Velcro Standard”  Zwart,<p>Joya Zakhandschoenen van leer voor bokszaktrainingen op ieder niveau.</p>,Joya,Zak handschoenen,"Zak handschoenen, Joya, Handschoenen",TRUE,Maat,L,01100-L,,shopify,12,deny,manual,33.95,,TRUE,TRUE,https://www.fightpro.nl/wp-content/uploads/2020/08/Joya-Zakhandschoenen-Velcro-Standard-Zwart.jpg,1,Joya Zakhandschoenen “Velcro Standard”  Zwart,FALSE,Joya Zakhandschoenen “Velcro Standard”  Zwart,Ook goed voor pads training.,active,Handschoenen
joya-zakhandschoenen-velcro-standard-zwart,,,,,,,,M,01100-M,,shopify,12,deny,manual,33.95,,TRUE,TRUE,,,,,,,,
joya-zakhandschoenen-velcro-standard-zwart,,,,,,,,S,01100-S,,shopify,12,deny,manual,33.95,,TRUE,TRUE,,,,,,,,
joya-zakhandschoenen-velcro-standard-zwart,,,,,,,,XL,01100-XL,,shopify,12,deny,manual,33.95,,TRUE,TRUE,,,,,,,,
joya-zakhandschoenen-velcro-standard-zwart,,,,,,,,XS,01100-XS,,shopify,12,deny,manual,33.95,,TRUE,TRUE,,,,,,,,
joya-zakhandschoenen-velcro-standard-zwart,,,,,,,,XXS,01100-XXS,,shopify,12,deny,manual,33.95,,TRUE,TRUE,,,,,,,,
joya-zakhandschoenen-title-zwart,Joya Zakhandschoenen “Title” zwart leer,<p>Joya Zakhandschoenen van leer voor bokszaktrainingen op ieder niveau.</p>,Joya,Zak handschoenen,"Zak handschoenen, Joya, Handschoenen",TRUE,Maat,L,1200-L,,shopify,12,deny,manual,39.95,,TRUE,TRUE,https://www.fightpro.nl/wp-content/uploads/2020/08/Joya-Zakhandschoenen-Title-Zwart.jpg,1,Joya Zakhandschoenen “Title” zwart leer,FALSE,Joya Zakhandschoenen “Title” zwart leer,Makkelijk door de open duim. Ook goed voor pads training.,active,Handschoenen
joya-zakhandschoenen-title-zwart,,,,,,,,M,1200-M,,shopify,12,deny,manual,39.95,,TRUE,TRUE,,,,,,,,
joya-zakhandschoenen-title-zwart,,,,,,,,S,1200-S,,shopify,12,deny,manual,39.95,,TRUE,TRUE,,,,,,,,
joya-zakhandschoenen-title-zwart,,,,,,,,XL,1200-XL,,shopify,12,deny,manual,39.95,,TRUE,TRUE,,,,,,,,
joya-zakhandschoenen-title-zwart,,,,,,,,XS,1200-XS,,shopify,12,deny,manual,39.95,,TRUE,TRUE,,,,,,,,
joya-zakhandschoenen-title-zwart,,,,,,,,XXS,1200-XXS,,shopify,12,deny,manual,39.95,,TRUE,TRUE,,,,,,,,
joya-mma-handschoen-grip-zwart,JOYA MMA Handschoen GRIP – Zwart,"<p>Joya mma handschoenen,  PU in zwart en wit. Open palm, open duim.</p>",Joya,MMA Gloves,"MMA Gloves, Joya, Handschoenen",TRUE,Maat,L,01830A-L,,shopify,12,deny,manual,29.95,,TRUE,TRUE,https://www.fightpro.nl/wp-content/uploads/2020/08/JOYA-MMA-Handschoen-GRIP-Zwart.jpg,1,JOYA MMA Handschoen GRIP – Zwart,FALSE,JOYA MMA Handschoen GRIP – Zwart,Mooie prijs/kwaliteit verhouding,active,Handschoenen
joya-mma-handschoen-grip-zwart,,,,,,,,M,01830A-M,,shopify,12,deny,manual,29.95,,TRUE,TRUE,,,,,,,,
joya-mma-handschoen-grip-zwart,,,,,,,,S,01830A-S,,shopify,12,deny,manual,29.95,,TRUE,TRUE,,,,,,,,
joya-mma-handschoen-grip-zwart,,,,,,,,XL,01830A-XL,,shopify,12,deny,manual,29.95,,TRUE,TRUE,,,,,,,,
joya-mma-handschoen-grip-zwart,,,,,,,,XS,01830A-XS,,shopify,12,deny,manual,29.95,,TRUE,TRUE,,,,,,,,
joya-mma-handschoen-grip-zwart,,,,,,,,XXS,01830A-XXS,,shopify,12,deny,manual,29.95,,TRUE,TRUE,,,,,,,,
joya-dames-kruisbeschermer-de-luxe,Joya Dames Kruisbeschermer De Luxe,<p>Comfortabele dames kruisbeschemer.</p>,Joya,Kruis bescherming,"Bescherming, Joya, Kruis bescherming",TRUE,Maat,L,08620-L,,shopify,12,deny,manual,14.95,,TRUE,TRUE,https://www.fightpro.nl/wp-content/uploads/2020/08/Joya-Dames-Kruisbeschermer-De-Luxe.jpg,1,Joya Dames Kruisbeschermer De Luxe,FALSE,Joya Dames Kruisbeschermer De Luxe,Joya Dames Kruisbeschermer De Luxe,active,Bescherming
joya-dames-kruisbeschermer-de-luxe,,,,,,,,M,08620-M,,shopify,12,deny,manual,14.95,,TRUE,TRUE,,,,,,,,
joya-dames-kruisbeschermer-de-luxe,,,,,,,,S,08620-S,,shopify,12,deny,manual,14.95,,TRUE,TRUE,,,,,,,,
joya-dames-kruisbeschermer-de-luxe,,,,,,,,XL,08620-XL,,shopify,12,deny,manual,14.95,,TRUE,TRUE,,,,,,,,
joya-dames-kruisbeschermer-de-luxe,,,,,,,,XS,08620-XS,,shopify,12,deny,manual,14.95,,TRUE,TRUE,,,,,,,,
joya-dames-kruisbeschermer-de-luxe,,,,,,,,XXS,08620-XXS,,shopify,12,deny,manual,14.95,,TRUE,TRUE,,,,,,,,
joya-dames-kruisbeschermer-de-luxe,,,,,,,,,,,,,,,,,,,https://www.fightpro.nl/wp-content/uploads/2020/08/Joya-Dames-Kruisbeschermer-De-Luxe2.jpg,2,,,,,
joya-kickboks-scheenbeschermers-skintex-zwart,Joya Kickboks Scheenbeschermers Skintex zwart,<p>Goede scheendekkers van Joya. zeer geschikt voor alle niveaus.</p>,Joya,Scheenbeschermers,"Bescherming, Scheenbeschermers, Joya",TRUE,Maat,L,082500-BK/WH-L,,shopify,12,deny,manual,71.00,,TRUE,TRUE,https://www.fightpro.nl/wp-content/uploads/2020/08/Joya-Skintex-Scheenbeschermer-Zwart-new.jpg,1,Joya Kickboks Scheenbeschermers Skintex zwart,FALSE,Joya Kickboks Scheenbeschermers Skintex zwart,Joya Scheenbeschermer voor elk niveau.,active,Bescherming
joya-kickboks-scheenbeschermers-skintex-zwart,,,,,,,,M,082500-BK/WH-M,,shopify,12,deny,manual,71.00,,TRUE,TRUE,,,,,,,,
joya-kickboks-scheenbeschermers-skintex-zwart,,,,,,,,S,082500-BK/WH-S,,shopify,12,deny,manual,71.00,,TRUE,TRUE,,,,,,,,
joya-kickboks-scheenbeschermers-skintex-zwart,,,,,,,,XL,082500-BK/WH-XL,,shopify,12,deny,manual,71.00,,TRUE,TRUE,,,,,,,,
joya-kickboks-scheenbeschermers-skintex-zwart,,,,,,,,XS,082500-BK/WH-XS,,shopify,12,deny,manual,71.00,,TRUE,TRUE,,,,,,,,
joya-kickboks-scheenbeschermers-skintex-zwart,,,,,,,,XXS,082500-BK/WH-XXS,,shopify,12,deny,manual,71.00,,TRUE,TRUE,,,,,,,,
joya-kickboks-scheenbeschermers-skintex-zwart,,,,,,,,,,,,,,,,,,,https://www.fightpro.nl/wp-content/uploads/2020/08/Joya-Skintex-Scheenbeschermer-Zwart-new1.jpg,2,,,,,
joya-kickboks-scheenbeschermers-skintex-zwart,,,,,,,,,,,,,,,,,,,https://www.fightpro.nl/wp-content/uploads/2020/08/Joya-Skintex-Scheenbeschermer-Zwart-new2.jpg,3,,,,,
joya-kickboks-scheenbeschermers-skintex-zwart,,,,,,,,,,,,,,,,,,,https://www.fightpro.nl/wp-content/uploads/2020/08/Joya-Skintex-Scheenbeschermer-Zwart-new3.jpg,4,,,,,
joya-kickboks-scheenbeschermers-katoen-velcro,Joya Kickboks Scheenbeschermers – Katoen Velcro,<p>Basis scheendekkers van Joya. zeer geschikt voor de startende vechters</p>,Joya,Scheenbeschermers,"Bescherming, Scheenbeschermers, Joya",TRUE,Maat,L,082110-L,,shopify,12,deny,manual,29.95,,TRUE,TRUE,https://www.fightpro.nl/wp-content/uploads/2020/08/JOYA-basis-SCHEENBESCHERMER-KATOEN.jpg,1,Joya Kickboks Scheenbeschermers – Katoen Velcro,FALSE,Joya Kickboks Scheenbeschermers – Katoen Velcro,Joya Scheenbeschermer voor de beginner. Voordeel van deze scheendekkers is dat ze gewassen kunnen worden als ze vaak gedragen zijn.,active,Bescherming
joya-kickboks-scheenbeschermers-katoen-velcro,,,,,,,,M,082110-M,,shopify,12,deny,manual,29.95,,TRUE,TRUE,,,,,,,,
joya-kickboks-scheenbeschermers-katoen-velcro,,,,,,,,S,082110-S,,shopify,12,deny,manual,29.95,,TRUE,TRUE,,,,,,,,
joya-kickboks-scheenbeschermers-katoen-velcro,,,,,,,,XL,082110-XL,,shopify,12,deny,manual,29.95,,TRUE,TRUE,,,,,,,,
joya-kickboks-scheenbeschermers-katoen-velcro,,,,,,,,XS,082110-XS,,shopify,12,deny,manual,29.95,,TRUE,TRUE,,,,,,,,
joya-kickboks-scheenbeschermers-katoen-velcro,,,,,,,,XXS,082110-XXS,,shopify,12,deny,manual,29.95,,TRUE,TRUE,,,,,,,,
joya-scheenbeschermer-leer-fight-fast-mat-zwart,Joya Scheenbeschermer Leer Fight Fast – Mat zwart,"<p>Luxe scheendekkers van joya, stoer design. Voorgevormd en gemaakt van hoogwaardig EVA -schuim en Skintex. Een goede keus voor de serieuze ervaren vechtsporter.</p>",Joya,Scheenbeschermers,"Bescherming, Scheenbeschermers, Joya",TRUE,Maat,L,FF0071-L,,shopify,0,deny,manual,84.95,,TRUE,TRUE,https://www.fightpro.nl/wp-content/uploads/2020/08/Joya-Kickboks-Scheenbeschermers-Fight-Fast-Mat-Zwart.jpg,1,Joya Scheenbeschermer Leer Fight Fast – Mat zwart,FALSE,Joya Scheenbeschermer Leer Fight Fast – Mat zwart,Joya Scheenbeschermer van de Fight-Fast lijn voor de ervaren sporter,active,Bescherming
joya-scheenbeschermer-leer-fight-fast-mat-zwart,,,,,,,,M,FF0071-M,,shopify,0,deny,manual,84.95,,TRUE,TRUE,,,,,,,,
joya-scheenbeschermer-leer-fight-fast-mat-zwart,,,,,,,,S,FF0071-S,,shopify,0,deny,manual,84.95,,TRUE,TRUE,,,,,,,,
joya-scheenbeschermer-leer-fight-fast-mat-zwart,,,,,,,,,,,,,,,,,,,https://www.fightpro.nl/wp-content/uploads/2020/08/Joya-Kickboks-Scheenbeschermers-Fight-Fast-Mat-Zwart2.jpg,2,,,,,
joya-scheenbeschermer-leer-fight-fast-mat-zwart,,,,,,,,,,,,,,,,,,,https://www.fightpro.nl/wp-content/uploads/2020/08/Joya-Kickboks-Scheenbeschermers-Fight-Fast-Mat-Zwart3.jpg,3,,,,,
joya-scheenbeschermer-leer-black-falcon-zwart,Joya Scheenbeschermer Leer “Black Falcon” – Zwart,"<p>Luxe scheendekkers van joya, stoer design. Een van de bestsellers! Voorgevormd en gemaakt van hoogwaardig EVA -schuim en Skintex. Een goede keus voor de serieuze ervaren vechtsporter.</p>",Joya,Scheenbeschermers,"Bescherming, Scheenbeschermers, Joya",TRUE,Maat,L,GLF002-L,,shopify,12,deny,manual,94.95,,TRUE,TRUE,https://www.fightpro.nl/wp-content/uploads/2020/08/Joya-Scheenbeschermer-Leer-Black-Falcon-Zwart.jpg,1,Joya Scheenbeschermer Leer “Black Falcon” – Zwart,FALSE,Joya Scheenbeschermer Leer “Black Falcon” – Zwart,Joya Scheenbeschermer van de FALCON lijn voor de ervaren sporter,active,Bescherming
joya-scheenbeschermer-leer-black-falcon-zwart,,,,,,,,M,GLF002-M,,shopify,12,deny,manual,94.95,,TRUE,TRUE,,,,,,,,
joya-scheenbeschermer-leer-black-falcon-zwart,,,,,,,,S,GLF002-S,,shopify,12,deny,manual,94.95,,TRUE,TRUE,,,,,,,,
joya-scheenbeschermer-leer-black-falcon-zwart,,,,,,,,,,,,,,,,,,,https://www.fightpro.nl/wp-content/uploads/2020/08/Joya-Scheenbeschermer-Leer-Black-Falcon-Zwart2.jpg,2,,,,,
twins-kickboks-scheenbeschermers-sgl7-black,Twins Kickboks scheenbeschermers SGL7 – BLACK,"<p>Twins Kickboks scheenbeschermers zwart</p>
<p>Voor de fanatieke serieuze kickbokser</p>",Twins,Scheenbeschermers,"Bescherming, Scheenbeschermers, Twins",TRUE,Maat,XS,SGL 7-XS,,shopify,12,deny,manual,132.00,,TRUE,TRUE,https://www.fightpro.nl/wp-content/uploads/2020/08/sgl_7_1.jpg,1,Twins Kickboks scheenbeschermers SGL7 – BLACK,FALSE,Twins Kickboks scheenbeschermers SGL7 – BLACK,,active,Bescherming
twins-kickboks-scheenbeschermers-sgl7-black,,,,,,,,S,SGL 7-S,,shopify,12,deny,manual,132.00,,TRUE,TRUE,,,,,,,,
twins-kickboks-scheenbeschermers-sgl7-black,,,,,,,,M,SGL 7-M,,shopify,12,deny,manual,132.00,,TRUE,TRUE,,,,,,,,
twins-kickboks-scheenbeschermers-sgl7-black,,,,,,,,L,SGL 7-L,,shopify,12,deny,manual,132.00,,TRUE,TRUE,,,,,,,,
twins-kickboks-scheenbeschermers-sgl7-black,,,,,,,,XL,SGL 7-XL,,shopify,12,deny,manual,132.00,,TRUE,TRUE,,,,,,,,
twins-kickboks-scheenbeschermers-sgl7-black,,,,,,,,XXL,SGL 7-XXL,,shopify,12,deny,manual,132.00,,TRUE,TRUE,,,,,,,,
twins-kickboks-scheenbeschermers-sgl7-black,,,,,,,,,,,,,,,,,,,https://www.fightpro.nl/wp-content/uploads/2020/08/sgl_7_2.jpg,2,,,,,
twins-kickbokshandschoenen-bgvl-8-black-on-black-core,Twins kickbokshandschoenen BGVL 8 – black on black CORE,"<p>TWINS handschoenen.<br />
voor de serieuze en professionele sporter.</p>",Twins,Kickbokshandschoenen leer,"Twins, Kickbokshandschoenen leer, Handschoenen",TRUE,Maat,14 oz,BGVL 8 Core-14oz,,shopify,12,deny,manual,174.95,,TRUE,TRUE,https://www.fightpro.nl/wp-content/uploads/2020/08/booster-308.jpg,1,Twins kickbokshandschoenen BGVL 8 – black on black CORE,FALSE,Twins kickbokshandschoenen BGVL 8 – black on black CORE,,active,Handschoenen
twins-kickbokshandschoenen-bgvl-8-black-on-black-core,,,,,,,,16 oz,BGVL 8 Core-16oz,,shopify,12,deny,manual,174.95,,TRUE,TRUE,,,,,,,,
twins-kickbokshandschoenen-bgvl-8-black-on-black-core,,,,,,,,,,,,,,,,,,,https://www.fightpro.nl/wp-content/uploads/2020/08/booster-309.jpg,2,,,,,
twins-kickbokshandschoenen-bgvl-3-air-black-white-2,Twins kickbokshandschoenen BGVL 3 – AIR BLACK/WHITE,"<p>TWINS handschoenen.<br />
voor de serieuze en professionele sporter.</p>",Twins,Kickbokshandschoenen leer,"Twins, Kickbokshandschoenen leer, Handschoenen",TRUE,Maat,14 oz,BGVL 3 &#8211; AIR BLACK/WHITE-14oz,,shopify,12,deny,manual,174.95,,TRUE,TRUE,https://www.fightpro.nl/wp-content/uploads/2020/08/bgvl-3_air_wh-bk_2_.jpg,1,Twins kickbokshandschoenen BGVL 3 – AIR BLACK/WHITE,FALSE,Twins kickbokshandschoenen BGVL 3 – AIR BLACK/WHITE,,active,Handschoenen
twins-kickbokshandschoenen-bgvl-3-air-black-white-2,,,,,,,,16 oz,BGVL 3 &#8211; AIR BLACK/WHITE-16oz,,shopify,12,deny,manual,174.95,,TRUE,TRUE,,,,,,,,
twins-kickbokshandschoenen-bgvl-3-air-black-white-2,,,,,,,,,,,,,,,,,,,https://www.fightpro.nl/wp-content/uploads/2020/08/bgvl-3_air_wh-bk_3_.jpg,2,,,,,
twins-kickbokshandschoenen-bgvl-3-air-black-white,Twins kickbokshandschoenen BGVL 3 – BLACK/YELLOW,"<p>TWINS handschoenen.<br />
voor de serieuze en professionele sporter.</p>",Twins,Kickbokshandschoenen leer,"Twins, Kickbokshandschoenen leer, Handschoenen",TRUE,Maat,14 oz,BGVL 3 Black/Yellow-14oz,,shopify,12,deny,manual,174.95,,TRUE,TRUE,https://www.fightpro.nl/wp-content/uploads/2020/08/bgvl-3t_bk-yel_2__1.jpg,1,Twins kickbokshandschoenen BGVL 3 – BLACK/YELLOW,FALSE,Twins kickbokshandschoenen BGVL 3 – BLACK/YELLOW,,active,Handschoenen
twins-kickbokshandschoenen-bgvl-3-air-black-white,,,,,,,,16 oz,BGVL 3 Black/Yellow-16oz,,shopify,12,deny,manual,174.95,,TRUE,TRUE,,,,,,,,
twins-kickbokshandschoenen-bgvl-3-air-black-white,,,,,,,,,,,,,,,,,,,https://www.fightpro.nl/wp-content/uploads/2020/08/bgvl-3t_bk-yel_3__1.jpg,2,,,,,
twins-kickbokshandschoenen-bgvl-3-black-wine-red,Twins kickbokshandschoenen BGVL 3 – BLACK/WINE RED,"<p>TWINS handschoenen.<br />
voor de serieuze en professionele sporter.</p>",Twins,Kickbokshandschoenen leer,"Twins, Kickbokshandschoenen leer, Handschoenen",TRUE,Maat,14 oz,BGVL 3 &#8211; BLACK/WINE RED-14oz,,shopify,12,deny,manual,174.95,,TRUE,TRUE,https://www.fightpro.nl/wp-content/uploads/2020/08/bgvl_3-t_bk-wine_red_2_.jpg,1,Twins kickbokshandschoenen BGVL 3 – BLACK/WINE RED,FALSE,Twins kickbokshandschoenen BGVL 3 – BLACK/WINE RED,,active,Handschoenen
twins-kickbokshandschoenen-bgvl-3-black-wine-red,,,,,,,,16 oz,BGVL 3 &#8211; BLACK/WINE RED-16oz,,shopify,12,deny,manual,174.95,,TRUE,TRUE,,,,,,,,
twins-kickbokshandschoenen-bgvl-3-black-wine-red,,,,,,,,,,,,,,,,,,,https://www.fightpro.nl/wp-content/uploads/2020/08/bgvl_3-t_bk-wine_red_3_.jpg,2,,,,,
twins-kickbokshandschoenen-bgvl-3-retro-blue-black,Twins kickbokshandschoenen BGVL 3 – RETRO BLUE/BLACK,"<p>TWINS handschoenen.<br />
voor de serieuze en professionele sporter.</p>",Twins,Kickbokshandschoenen leer,"Twins, Kickbokshandschoenen leer, Handschoenen",TRUE,Maat,14 oz,bgvl-3-retro-blue/black-14oz,,shopify,12,deny,manual,174.95,,TRUE,TRUE,https://www.fightpro.nl/wp-content/uploads/2020/08/bgvl_3-t_bk-blue_2_.jpg,1,Twins kickbokshandschoenen BGVL 3 – RETRO BLUE/BLACK,FALSE,Twins kickbokshandschoenen BGVL 3 – RETRO BLUE/BLACK,,active,Handschoenen
twins-kickbokshandschoenen-bgvl-3-retro-blue-black,,,,,,,,16 oz,bgvl-3-retro-blue/black-16oz,,shopify,12,deny,manual,174.95,,TRUE,TRUE,,,,,,,,
twins-kickbokshandschoenen-bgvl-3-retro-blue-black,,,,,,,,,,,,,,,,,,,https://www.fightpro.nl/wp-content/uploads/2020/08/bgvl_3-t_bk-blue_3_.jpg,2,,,,,
joya-elasto-bandage-handwraps-350-450-cm,Joya elasto bandage handwraps 350-450-cm,<p>Joya elasto bandage handwraps. 350 en 450 cm</p>,Joya,Bandages,"Bandages, Joya, Bescherming",TRUE,Title,Default Title,048001,,shopify,12,deny,manual,9.95,,TRUE,TRUE,https://www.fightpro.nl/wp-content/uploads/2020/08/joya-bandages-elasto-zwart.jpg,1,Joya elasto bandage handwraps 350-450-cm,FALSE,Joya elasto bandage handwraps 350-450-cm,"Verstevig je polsen met de boksbandages van Joya. We hebben handwraps in verschillende lengtes, maar ook met meerdere designs en kleuren. Algemeen advies is: 250-280 cm voor MMA en jeugd. Volwassenen (man en vrouw) gebruiken meestal 350 cm. Vaak last van pols? Of grote handen? neem dan 450 cm. 100%",active,Bescherming
joya-velcro-bandage-handwraps-roze,Joya Velcro bandage handwraps roze,<p>Joya Velcro bandage handwraps roze</p>,Joya,Bandages,"Bandages, Joya, Bescherming",TRUE,Title,Default Title,048000-pink,,shopify,12,deny,manual,9.95,,TRUE,TRUE,https://www.fightpro.nl/wp-content/uploads/2020/08/joya-bandages-velcro-roze.jpg,1,Joya Velcro bandage handwraps roze,FALSE,Joya Velcro bandage handwraps roze,"Verstevig je polsen met de boksbandages van Joya. We hebben handwraps in verschillende lengtes, maar ook met meerdere designs en kleuren. Algemeen advies is: 280 cm voor MMA en jeugd. Volwassenen (man en vrouw) gebruiken meestal 350 cm. Vaak last van pols? Of grote handen? neem dan 450 cm. 100% Kato",active,Bescherming
joya-velcro-bandage-handwraps-blauw,Joya Velcro bandage handwraps blauw,<p>Joya Velcro bandage handwraps blauw</p>,Joya,Bandages,"Bandages, Joya, Bescherming",TRUE,Title,Default Title,048000-blue,,shopify,12,deny,manual,9.95,,TRUE,TRUE,https://www.fightpro.nl/wp-content/uploads/2020/08/joya-bandages-velcro-blauw.jpg,1,Joya Velcro bandage handwraps blauw,FALSE,Joya Velcro bandage handwraps blauw,"Verstevig je polsen met de boksbandages van Joya. We hebben handwraps in verschillende lengtes, maar ook met meerdere designs en kleuren. Algemeen advies is: 280 cm voor MMA en jeugd. Volwassenen (man en vrouw) gebruiken meestal 350 cm. Vaak last van pols? Of grote handen? neem dan 450 cm. 100% Kato",active,Bescherming
joya-velcro-bandage-handwraps-zwart,Joya Velcro bandage handwraps zwart,<p>Joya Velcro bandage handwraps zwart</p>,Joya,Bandages,"Bandages, Joya, Bescherming",TRUE,Title,Default Title,048000-black,,shopify,12,deny,manual,9.95,,TRUE,TRUE,https://www.fightpro.nl/wp-content/uploads/2020/08/joya-bandages-velcro-zwart.jpg,1,Joya Velcro bandage handwraps zwart,FALSE,Joya Velcro bandage handwraps zwart,"Verstevig je polsen met de boksbandages van Joya. We hebben handwraps in verschillende lengtes, maar ook met meerdere designs en kleuren. Algemeen advies is: 280 cm voor MMA en jeugd. Volwassenen (man en vrouw) gebruiken meestal 350 cm. Vaak last van pols? Of grote handen? neem dan 450 cm. 100% Kato",active,Bescherming
joya-round-shield-leder-zwart-wit-zwart-goud-zwart-metallic-zwart,Joya Round Shield Leder – Zwart/Wit – Zwart/Goud Zwart/Metallic Zwart,"<p>Must have voor coaches! Makkelijk voor de trainers met schouder probleempjes. je kunt er op stoten, trappen en knieën.<br />
Het schild heeft een diameter van 35 centimeter en is 10 cm dik.<br />
Verkrijgbaar in zwart-goud, zwart-wit en zwart-metallic zwart</p>",Joya,trap/stoot kussens,"Joya, trap/stoot kussens, Uitrusting",TRUE,Title,Default Title,,,shopify,12,deny,manual,89.95,,TRUE,TRUE,https://www.fightpro.nl/wp-content/uploads/2020/07/JOYA-ROND-STOOTKUSSEN-SYNTHETISCH-LEER.jpg,1,Joya Round Shield Leder – Zwart/Wit – Zwart/Goud Zwart/Metallic Zwart,FALSE,Joya Round Shield Leder – Zwart/Wit – Zwart/Goud Zwart/Metallic Zwart,,active,Uitrusting
topstar-bitje-gebitsbeschermer,Basis Bitje – gebitsbeschermer Junior,<p>Bitje &#8211; gebitsbeschermer transparant met doosje</p>,Joya,Gebitsbeschermer,"Bescherming, Joya, Gebitsbeschermer",TRUE,Title,Default Title,,,shopify,12,deny,manual,4.95,,TRUE,TRUE,https://www.fightpro.nl/wp-content/uploads/2020/07/basis-bitje-junior-joya.jpg,1,Basis Bitje – gebitsbeschermer Junior,FALSE,Basis Bitje – gebitsbeschermer Junior,,active,Bescherming
topstar-bitje-gebitsbeschermer,,,,,,,,,,,,,,,,,,,https://www.fightpro.nl/wp-content/uploads/2020/07/basis-bitje-junior-joya1.jpg,2,,,,,
kinesiology-tape-van-just-tape-it,kinesiology tape van Just Tape It,"<p>kinesiology tape van Just Tape It!<br />
Instructie video&#8217;s: https://www.justtapeit.nl/kinesiotape-aanbrengen<br />
De kinesiology tape wordt gefabriceerd met elastische katoen dat voorzien is van een hypoallergene, ventilerende acryl lijmlaag en het product is latexvrij.</p>
<h4>Kenmerken van kinesiologie tape:</h4>
<p>✓ latexvrij<br />
✓ waterproof<br />
✓ TÜV kwaliteitskeurmerk<br />
✓ kinesiologie tape (rekbaarheid 130%- 140%)<br />
✓ professioneel gebruikt door fysiotherapeuten<br />
✓ ideaal te combineren met andere kleuren<br />
✓ houdbaarheid 5 jaar</p>",Matchu,Outlet,"Outlet, Matchu",TRUE,Title,Default Title,8717624163920-1,,shopify,12,deny,manual,8.95,12.95,TRUE,TRUE,https://www.fightpro.nl/wp-content/uploads/2020/07/kinesiology-tape-Just-Tape-It4.jpg,1,kinesiology tape van Just Tape It,FALSE,kinesiology tape van Just Tape It,8 cm’,active,Outlet
kinesiology-tape-van-just-tape-it,,,,,,,,,,,,,,,,,,,https://www.fightpro.nl/wp-content/uploads/2020/07/kinesiology-tape-Just-Tape-It.jpg,2,,,,,
kinesiology-tape-van-just-tape-it,,,,,,,,,,,,,,,,,,,https://www.fightpro.nl/wp-content/uploads/2020/07/kinesiology-tape-Just-Tape-It2.jpg,3,,,,,
kinesiology-tape-van-just-tape-it,,,,,,,,,,,,,,,,,,,https://www.fightpro.nl/wp-content/uploads/2020/07/kinesiology-tape-Just-Tape-It3.jpg,4,,,,,
matchu-mandala-yogamat,Matchu mandala yogamat,"<p>Matchu mandala yogamat. Mooi design yoga mat met anti-slip.<br />
Doordat de mat van PVC gemaakt is, voelt hij zeer stevig aan en is het matje makkelijk met een vochtige doek te reinigen. (schoenen zorgen voor extra slijtage, daarom wordt aangeraden om met blote voeten te gebruiken )<br />
Afmetingen: 172 x 61 x 0,6 cm</p>",Matchu,Diversen,"Matchu, Diversen",TRUE,Title,Default Title,,,shopify,12,deny,manual,14.95,,TRUE,TRUE,https://www.fightpro.nl/wp-content/uploads/2020/07/matchu-yoga-mat.jpg,1,Matchu mandala yogamat,FALSE,Matchu mandala yogamat,,active,Diversen
matchu-mandala-yogamat,,,,,,,,,,,,,,,,,,,https://www.fightpro.nl/wp-content/uploads/2020/07/matchu-yoga-mat2.jpg,2,,,,,
matchu-mandala-yogamat,,,,,,,,,,,,,,,,,,,https://www.fightpro.nl/wp-content/uploads/2020/07/matchu-yoga-mat3.jpg,3,,,,,
booster-standing-boxing-bag-180cm-staande-bokszak,Booster STANDING BOXING BAG -180CM Staande bokszak,<p>Booster STANDING BOXING BAG -180CM Staande bokszak</p>,Booster,Bokszakken,"Bokszakken, Booster, Uitrusting",TRUE,Title,Default Title,,,shopify,12,deny,manual,395.00,,TRUE,TRUE,https://www.fightpro.nl/wp-content/uploads/2020/07/booster-staande-bokszak-180cm.jpg,1,Booster STANDING BOXING BAG -180CM Staande bokszak,FALSE,Booster STANDING BOXING BAG -180CM Staande bokszak,,active,Uitrusting
booster-standing-boxing-bag-180cm-staande-bokszak,,,,,,,,,,,,,,,,,,,https://www.fightpro.nl/wp-content/uploads/2020/07/booster-staande-bokszak-180cm2.jpg,2,,,,,
ufc-opro-gold-jr-black-metal-gold-mondbeschermer-bitje,UFC OPRO GOLD JR BLACK METAL/GOLD mondbeschermer bitje,<p>UFC OPRO GOLD JR BLACK METAL/GOLD mondbeschermer bitje</p>,UFC,Gebitsbeschermer,"Bescherming, Gebitsbeschermer, UFC",TRUE,Title,Default Title,,,shopify,12,deny,manual,25.00,,TRUE,TRUE,https://www.fightpro.nl/wp-content/uploads/2020/07/UFC-OPRO-GOLD-JR-BLACK-METAL-GOLD-mondbeschermer-bitje.jpg,1,UFC OPRO GOLD JR BLACK METAL/GOLD mondbeschermer bitje,FALSE,UFC OPRO GOLD JR BLACK METAL/GOLD mondbeschermer bitje,,active,Bescherming
ufc-opro-gold-jr-black-metal-gold-mondbeschermer-bitje,,,,,,,,,,,,,,,,,,,https://www.fightpro.nl/wp-content/uploads/2020/07/UFC-OPRO-GOLD-JR-BLACK-METAL-GOLD-mondbeschermer-bitje2.jpg,2,,,,,
ufc-opro-silver-jr-black-red-mondbeschermer-bitje,UFC OPRO SILVER JR BLACK/RED mondbeschermer bitje,<p>UFC OPRO SILVER JR BLACK/RED mondbeschermer bitje</p>,UFC,Gebitsbeschermer,"Bescherming, Gebitsbeschermer, UFC",TRUE,Title,Default Title,,,shopify,12,deny,manual,17.00,,TRUE,TRUE,https://www.fightpro.nl/wp-content/uploads/2020/07/ufc-OPRO-SILVER-JR-BLACK-RED.jpg,1,UFC OPRO SILVER JR BLACK/RED mondbeschermer bitje,FALSE,UFC OPRO SILVER JR BLACK/RED mondbeschermer bitje,,active,Bescherming
ufc-opro-silver-jr-black-red-mondbeschermer-bitje,,,,,,,,,,,,,,,,,,,https://www.fightpro.nl/wp-content/uploads/2020/07/ufc-OPRO-SILVER-JR-BLACK-RED2.jpg,2,,,,,
ufc-opro-silver-jr-black-red-mondbeschermer-bitje,,,,,,,,,,,,,,,,,,,https://www.fightpro.nl/wp-content/uploads/2020/07/ufc-OPRO-SILVER-JR-BLACK-RED3.jpg,3,,,,,
opro-bronze-jr-mondbeschermer-bitje-zwart,UFC OPRO-BRONZE-JR mondbeschermer bitje-  zwart,<p>OPRO-BRONZE-JR mondbeschermer bitje- black</p>,UFC,Gebitsbeschermer,"Bescherming, Gebitsbeschermer, UFC",TRUE,Title,Default Title,,,shopify,12,deny,manual,9.95,,TRUE,TRUE,https://www.fightpro.nl/wp-content/uploads/2020/07/OPRO-BRONZE-JR-BLACK.jpg,1,UFC OPRO-BRONZE-JR mondbeschermer bitje-  zwart,FALSE,UFC OPRO-BRONZE-JR mondbeschermer bitje-  zwart,,active,Bescherming
opro-bronze-jr-mondbeschermer-bitje-zwart,,,,,,,,,,,,,,,,,,,https://www.fightpro.nl/wp-content/uploads/2020/07/OPRO-BRONZE-JR-BLACK2.jpg,2,,,,,
ufc-opro-platinum-gebitsbeschermer-mondbeschermer-bitje-red-metal-black,UFC OPRO PLATINUM mondbeschermer bitje- red metal black,<p>UFC OPRO PLATINUM mondbeschermer bitje- red metal black</p>,UFC,Gebitsbeschermer,"Bescherming, Gebitsbeschermer, UFC",TRUE,Title,Default Title,,,shopify,12,deny,manual,30.00,,TRUE,TRUE,https://www.fightpro.nl/wp-content/uploads/2020/07/OPRO-PLATINUM-RED-METAL-BLACK.jpg,1,UFC OPRO PLATINUM mondbeschermer bitje- red metal black,FALSE,UFC OPRO PLATINUM mondbeschermer bitje- red metal black,,active,Bescherming
ufc-opro-platinum-gebitsbeschermer-mondbeschermer-bitje-red-metal-black,,,,,,,,,,,,,,,,,,,https://www.fightpro.nl/wp-content/uploads/2020/07/OPRO-PLATINUM-RED-METAL-BLACK2.jpg,2,,,,,
ufc-opro-platinum-gebitsbeschermer-mondbeschermer-bitje-red-metal-black,,,,,,,,,,,,,,,,,,,https://www.fightpro.nl/wp-content/uploads/2020/07/OPRO-PLATINUM-RED-METAL-BLACK3.jpg,3,,,,,
ufc-opro-platinum-gebitsbeschermer-mondbeschermer-bitje-red-metal-black,,,,,,,,,,,,,,,,,,,https://www.fightpro.nl/wp-content/uploads/2020/07/OPRO-PLATINUM-RED-METAL-BLACK4.jpg,4,,,,,
joya-kickbokshandschoenen-top-one-pu-voor-kids,Joya Camo V2 Kickbokshandschoenen PU – Blauw,"<div class=""short-description"">
<div class=""std"">Joya kickbokshandschoenen Top One PU Camo blauw, de ideale handschoen voor de jeugd! Kunstleer.</div>
</div>",Joya,Kids,"Kids, Joya",TRUE,Maat,10 oz,035-Blue-Camo-10oz,,shopify,12,deny,manual,44.00,,TRUE,TRUE,https://www.fightpro.nl/wp-content/uploads/2020/07/Joya-Camo-V2-Kickbokshandschoenen-PU-Blauw.jpg,1,Joya Camo V2 Kickbokshandschoenen PU – Blauw,FALSE,Joya Camo V2 Kickbokshandschoenen PU – Blauw,,active,Kids
joya-kickbokshandschoenen-top-one-pu-voor-kids,,,,,,,,12 oz,035-Blue-Camo-12oz,,shopify,12,deny,manual,44.00,,TRUE,TRUE,,,,,,,,
joya-kickbokshandschoenen-top-one-pu-voor-kids,,,,,,,,6 oz,035-Blue-Camo-6oz,,shopify,12,deny,manual,44.00,,TRUE,TRUE,,,,,,,,
joya-kickbokshandschoenen-top-one-pu-voor-kids,,,,,,,,8 oz,035-Blue-Camo-8oz,,shopify,12,deny,manual,44.00,,TRUE,TRUE,,,,,,,,
joya-kickbokshandschoenen-top-one-pu-voor-kids,,,,,,,,,,,,,,,,,,,https://www.fightpro.nl/wp-content/uploads/2020/07/Joya-Camo-V2-Kickbokshandschoenen-PU-Blauw-1.jpg,2,,,,,
queen-kickbokshandschoenen-qbg-splatter-multi-color,QUEEN SCHEENBESCHERMERS SGQ SPLATTER – ZWART/VERF PRINT,"<div class=""short-description"">
<div class=""std"">Queen vrolijke dames SCHEENBESCHERMERS van goede kwaliteit skintex.</div>
</div>",Queen,Scheenbeschermers,"Bescherming, Scheenbeschermers, Queen",TRUE,Maat,10 oz,DR35-GO-1-1-1-1-1-10oz,,shopify,12,deny,manual,49.95,64.95,TRUE,TRUE,https://www.fightpro.nl/wp-content/uploads/2020/07/QUEEN-SCHEENBESCHERMERS-SGQ-SPLATTER.jpg,1,QUEEN SCHEENBESCHERMERS SGQ SPLATTER – ZWART/VERF PRINT,FALSE,QUEEN SCHEENBESCHERMERS SGQ SPLATTER – ZWART/VERF PRINT,,active,Bescherming
queen-kickbokshandschoenen-qbg-splatter-multi-color,,,,,,,,12 oz,DR35-GO-1-1-1-1-1-12oz,,shopify,12,deny,manual,49.95,64.95,TRUE,TRUE,,,,,,,,
queen-kickbokshandschoenen-qbg-amazone-camo-rood-bruin,Queen kickbokshandschoenen QBG Amazone camo rood bruin,"<div class=""short-description"">
<div class=""std"">Queen dames kickbokshandschoenen van goede kwaliteit skintex.</div>
</div>",Queen,Kickbokshandschoenen Kunststof,"Kickbokshandschoenen Kunststof, Queen, Handschoenen",TRUE,Maat,10 oz,DR35-GO-1-1-1-1-10oz,,shopify,12,deny,manual,54.95,,TRUE,TRUE,https://www.fightpro.nl/wp-content/uploads/2020/07/queen-bokshandschoen-bgq_amazone.jpg,1,Queen kickbokshandschoenen QBG Amazone camo rood bruin,FALSE,Queen kickbokshandschoenen QBG Amazone camo rood bruin,,active,Handschoenen
queen-kickbokshandschoenen-qbg-amazone-camo-rood-bruin,,,,,,,,12 oz,DR35-GO-1-1-1-1-12oz,,shopify,12,deny,manual,54.95,,TRUE,TRUE,,,,,,,,
joya-kids-sporttas-v2-camo-groen,Joya Kids Sporttas V2 Camo Groen,"<p>Afmeting: 45x30x30 cm<br />
meerdere vakken<br />
Leuke tas voor de kickboks liefhebbers.</p>",Joya,Kids,"Kids, Joya",TRUE,Title,Default Title,CAMV2-GB-GR,,shopify,12,deny,manual,34.95,,TRUE,TRUE,https://www.fightpro.nl/wp-content/uploads/2020/07/Joya-Camo-V2-Sporttas-groen.jpg,1,Joya Kids Sporttas V2 Camo Groen,FALSE,Joya Kids Sporttas V2 Camo Groen,,active,Kids
joya-kids-dames-sporttas-camo-blauw,Joya Kids Sporttas V2 Camo Blauw,"<p>Afmeting: 45x30x30 cm<br />
meerdere vakken<br />
Leuke tas voor de kickboks liefhebbers.</p>",Joya,Kids,"Kids, Joya",TRUE,Title,Default Title,CAMV2-GB-BU,,shopify,12,deny,manual,34.95,,TRUE,TRUE,https://www.fightpro.nl/wp-content/uploads/2020/07/Joya-Camo-V2-Sporttas-Blauw.jpg,1,Joya Kids Sporttas V2 Camo Blauw,FALSE,Joya Kids Sporttas V2 Camo Blauw,,active,Kids
joya-kids-dames-sporttas-camo-roze,Joya Sporttas V2 Camo Roze,"<p>Afmeting: 45x30x30 cm<br />
meerdere vakken<br />
Leuke tas voor de vrouwelijke vechters.</p>",Joya,Kids,"Kids, Joya",TRUE,Title,Default Title,CAMV2-GB-PK,,shopify,12,deny,manual,34.95,,TRUE,TRUE,https://www.fightpro.nl/wp-content/uploads/2020/07/Joya-Camo-V2-Sporttas-roze.jpg,1,Joya Sporttas V2 Camo Roze,FALSE,Joya Sporttas V2 Camo Roze,,active,Kids
super-pro-gym-sporttas-zwart-wit,Super Pro Gym Sporttas – Zwart/Wit Large,"<p>5 vakken<br />
Een extra vak voor natte spullen<br />
Afmeting: 67x36x36 cm (large).</p>
<p>&nbsp;</p>",Super Pro,Sport tassen,"Super Pro, Uitrusting, Sport tassen",TRUE,Title,Default Title,,,shopify,12,deny,manual,49.95,,TRUE,TRUE,https://www.fightpro.nl/wp-content/uploads/2020/07/SUPER-PRO-COMBAT-GEAR-GYM-SPORTTAS.jpg,1,Super Pro Gym Sporttas – Zwart/Wit Large,FALSE,Super Pro Gym Sporttas – Zwart/Wit Large,,active,Uitrusting
super-pro-gym-sporttas-zwart-wit,,,,,,,,,,,,,,,,,,,https://www.fightpro.nl/wp-content/uploads/2020/07/SUPER-PRO-COMBAT-GEAR-GYM-SPORTTAS-1.jpg,2,,,,,
super-pro-gym-sporttas-zwart-wit,,,,,,,,,,,,,,,,,,,https://www.fightpro.nl/wp-content/uploads/2023/11/SUPER-PRO-COMBAT-GEAR-GYM-SPORTTAS-2.jpg,3,,,,,
joya-sporttas-basis-zwart-wit,Joya Sporttas “basis” – Zwart Wit,<p>Joya Sporttas basis Zwart-wit met meerdere vakken 60x30x30</p>,Joya,Sport tassen,"Joya, Uitrusting, Sport tassen",TRUE,Title,Default Title,,,shopify,12,deny,manual,39.95,,TRUE,TRUE,https://www.fightpro.nl/wp-content/uploads/2020/07/JOYA-SPORTTAS-STANDAARD.jpg,1,Joya Sporttas “basis” – Zwart Wit,FALSE,Joya Sporttas “basis” – Zwart Wit,,active,Uitrusting
joya-sporttas-basis-zwart-wit,,,,,,,,,,,,,,,,,,,https://www.fightpro.nl/wp-content/uploads/2020/07/JOYA-SPORTTAS-STANDAARD2.jpg,2,,,,,
joya-roze-draak-kickbokshandschoen-pu-2,Joya “Roze Draak”  Pink Dragon – Kickbokshandschoen PU,"<div class=""short-description"">
<div class=""std"">Voor de stoere dames-kids, Joya &#8216;Top One&#8217; Dragon kickbokshandschoen! De bokshandschoen voor kids is verkrijgbaar in 6, 8 en 10 oz. Gemaakt van hoogwaardig synthetisch leer (PU). De meerlagige vulling, bevestigde duim en klittenbandsluiting zorgen voor optimale bescherming voor je hand en pols. Geschikt voor jonge fanatieke kickboksers. Beschikbaar in meerdere kleuren!</div>
</div>",Joya,Kids,"Kids, Joya",TRUE,Maat,10 oz,DR35-GO-1-1-2-10oz,,shopify,12,deny,manual,34.95,,TRUE,TRUE,https://www.fightpro.nl/wp-content/uploads/2020/07/Joya_roze_Draak_KickbokshandschoenPU.jpg,1,Joya “Roze Draak”  Pink Dragon – Kickbokshandschoen PU,FALSE,Joya “Roze Draak”  Pink Dragon – Kickbokshandschoen PU,Gave kickbokshandschoen van Joya Fight Gear,active,Kids
joya-roze-draak-kickbokshandschoen-pu-2,,,,,,,,6 oz,DR35-GO-1-1-2-6oz,,shopify,12,deny,manual,34.95,,TRUE,TRUE,,,,,,,,
joya-roze-draak-kickbokshandschoen-pu-2,,,,,,,,8 oz,DR35-GO-1-1-2-8oz,,shopify,12,deny,manual,34.95,,TRUE,TRUE,,,,,,,,
joya-roze-draak-kickbokshandschoen-pu-2,,,,,,,,,,,,,,,,,,,https://www.fightpro.nl/wp-content/uploads/2020/07/Joya_roze_Draak_KickbokshandschoenPU2.jpg,2,,,,,
joya-roze-draak-kickbokshandschoen-pu-2,,,,,,,,,,,,,,,,,,,https://www.fightpro.nl/wp-content/uploads/2020/07/Joya_roze_Draak_KickbokshandschoenPU.jpg,3,,,,,
joya-gouden-draak-kickbokshandschoen-pu,Joya “Gouden Draak” Gold Dragon – Kickbokshandschoen PU,"<div class=""short-description"">
<div class=""std"">Voor de stoere kids, Joya &#8216;Top One&#8217; Dragon kickbokshandschoen! De bokshandschoen voor kids is verkrijgbaar in 6, 8 en 10 oz. Gemaakt van hoogwaardig synthetisch leer (PU). De meerlagige vulling, bevestigde duim en klittenbandsluiting zorgen voor optimale bescherming voor je hand en pols. Geschikt voor jonge fanatieke kickboksers. Beschikbaar in meerdere kleuren!</div>
</div>",Joya,Kids,"Kids, Joya",TRUE,Maat,10 oz,DR35-GO-10oz,,shopify,12,deny,manual,34.95,,TRUE,TRUE,https://www.fightpro.nl/wp-content/uploads/2020/07/Joya_Gouden_Draak_KickbokshandschoenPU.jpg,1,Joya “Gouden Draak” Gold Dragon – Kickbokshandschoen PU,FALSE,Joya “Gouden Draak” Gold Dragon – Kickbokshandschoen PU,Gave kickbokshandschoen van Joya Fight Gear,active,Kids
joya-gouden-draak-kickbokshandschoen-pu,,,,,,,,6 oz,DR35-GO-6oz,,shopify,12,deny,manual,34.95,,TRUE,TRUE,,,,,,,,
joya-gouden-draak-kickbokshandschoen-pu,,,,,,,,8 oz,DR35-GO-8oz,,shopify,12,deny,manual,34.95,,TRUE,TRUE,,,,,,,,
joya-gouden-draak-kickbokshandschoen-pu,,,,,,,,,,,,,,,,,,,https://www.fightpro.nl/wp-content/uploads/2020/07/Joya_Gouden_Draak_KickbokshandschoenPU2.jpg,2,,,,,
joya-gouden-draak-kickbokshandschoen-pu,,,,,,,,,,,,,,,,,,,https://www.fightpro.nl/wp-content/uploads/2020/07/Joya_Gouden_Draak_KickbokshandschoenPU3.jpg,3,,,,,
twins-kickbokshandschoenen-bgvl-3-black,Twins kickbokshandschoenen BGVL 3 – Black,"<p>TWINS handschoenen.<br />
voor de serieuze en professionele sporter.</p>",Twins,Kickbokshandschoenen leer,"Twins, Kickbokshandschoenen leer, Handschoenen",TRUE,Maat,14 oz,BGVL 3 Black-14oz,,shopify,12,deny,manual,174.95,,TRUE,TRUE,https://www.fightpro.nl/wp-content/uploads/2020/07/bgvl_3_black_1.jpg,1,Twins kickbokshandschoenen BGVL 3 – Black,FALSE,Twins kickbokshandschoenen BGVL 3 – Black,,active,Handschoenen
twins-kickbokshandschoenen-bgvl-3-black,,,,,,,,16 oz,BGVL 3 Black-16oz,,shopify,12,deny,manual,174.95,,TRUE,TRUE,,,,,,,,
twins-kickbokshandschoenen-bgvl-3-black,,,,,,,,,,,,,,,,,,,https://www.fightpro.nl/wp-content/uploads/2020/07/bgvl_3_black_2.jpg,2,,,,,
twins-kickbokshandschoenen-bgvl-3-wine-red,Twins kickbokshandschoenen BGVL 3 – Wine Red,"<p>TWINS handschoenen.<br />
voor de serieuze en professionele sporter.</p>",Twins,Kickbokshandschoenen leer,"Twins, Kickbokshandschoenen leer, Handschoenen",TRUE,Maat,14 oz,bgvl-3-wine-red-14oz,,shopify,12,deny,manual,174.95,,TRUE,TRUE,https://www.fightpro.nl/wp-content/uploads/2020/07/Twins_kickbokshandschoenen_BGVL3-Wine-Red.jpg,1,Twins kickbokshandschoenen BGVL 3 – Wine Red,FALSE,Twins kickbokshandschoenen BGVL 3 – Wine Red,,active,Handschoenen
twins-kickbokshandschoenen-bgvl-3-wine-red,,,,,,,,16 oz,bgvl-3-wine-red-16oz,,shopify,12,deny,manual,174.95,,TRUE,TRUE,,,,,,,,
twins-kickbokshandschoenen-bgvl-3-wine-red,,,,,,,,,,,,,,,,,,,https://www.fightpro.nl/wp-content/uploads/2020/07/Twins_kickbokshandschoenen_BGVL3-Wine-Red2.jpg,2,,,,,
hayabusa-t3-boxing-gloves-charcoal-black-14-oz,Hayabusa T3 Boxing Gloves – Black,"<p>Hayabusa handschoenen van zeer goede kwaliteit. Prijswinnaar van Men&#8217;s Health in 2019 voor beste Gloves in the world!<br />
voor de serieuze en professionele sporter.</p>",Hayabusa,Kickbokshandschoenen leer,"Handschoenen, Kickbokshandschoenen leer, Hayabusa",TRUE,Maat,14 oz,HAY-BH-T3-BLA-14oz,,shopify,12,deny,manual,179.00,,TRUE,TRUE,https://www.fightpro.nl/wp-content/uploads/2020/07/hayabusa_t3_black.jpg,1,Hayabusa T3 Boxing Gloves – Black,FALSE,Hayabusa T3 Boxing Gloves – Black,Al jaren bekend als een van de beste handschoen merken in de wereld.,active,Handschoenen
hayabusa-t3-boxing-gloves-charcoal-black-14-oz,,,,,,,,16 oz,HAY-BH-T3-BLA-16oz,,shopify,12,deny,manual,179.00,,TRUE,TRUE,,,,,,,,
joya-fight-fast-faded-black-kickbokshandschoenen-leer,Joya “Fight Fast” Faded Black kickbokshandschoenen Leer,"<p>Goede handschoenen van Joya voor de serieuze sporter, goede kwaliteit voor een mooie prijs!</p>",Joya,Kickbokshandschoenen leer,"Joya, Kickbokshandschoenen leer, Handschoenen",TRUE,Maat,10 oz,111111-1-1-1-2-10oz,,shopify,12,deny,manual,94.95,,TRUE,TRUE,https://www.fightpro.nl/wp-content/uploads/2020/07/Joya-Kickbokshandschoenen-Fight-Fast-leer-zwart.jpg,1,Joya “Fight Fast” Faded Black kickbokshandschoenen Leer,FALSE,Joya “Fight Fast” Faded Black kickbokshandschoenen Leer,Meest verkcohte kickbokshandschoen van Joya Fight Gear,active,Handschoenen
joya-fight-fast-faded-black-kickbokshandschoenen-leer,,,,,,,,12 oz,111111-1-1-1-2-12oz,,shopify,12,deny,manual,94.95,,TRUE,TRUE,,,,,,,,
joya-fight-fast-faded-black-kickbokshandschoenen-leer,,,,,,,,14 oz,111111-1-1-1-2-14oz,,shopify,12,deny,manual,94.95,,TRUE,TRUE,,,,,,,,
joya-fight-fast-faded-black-kickbokshandschoenen-leer,,,,,,,,16 oz,111111-1-1-1-2-16oz,,shopify,12,deny,manual,94.95,,TRUE,TRUE,,,,,,,,
joya-fight-fast-faded-black-kickbokshandschoenen-leer,,,,,,,,,,,,,,,,,,,https://www.fightpro.nl/wp-content/uploads/2020/07/Joya-Kickbokshandschoenen-Fight-Fast-leer-zwart2.jpg,2,,,,,
joya-thai-kickbokshandschoenen-leer,Joya Thai kickbokshandschoenen zwart Leer,"<p>De populairste handschoenen van Joya, Goede kwaliteit leer voor een top prijs!</p>",Joya,Kickbokshandschoenen leer,"Joya, Kickbokshandschoenen leer, Handschoenen",TRUE,Maat,10 oz,0060-BK-WH-10oz,,shopify,12,deny,manual,91.00,,TRUE,TRUE,https://www.fightpro.nl/wp-content/uploads/2020/04/Joya-Thai-Kickbokshandschoen-Zwart-leer-new.jpg,1,Joya Thai kickbokshandschoenen zwart Leer,FALSE,Joya Thai kickbokshandschoenen zwart Leer,Gave kickbokshandschoen van Joya Fight Gear,active,Handschoenen
joya-thai-kickbokshandschoenen-leer,,,,,,,,12 oz,0060-BK-WH-12oz,,shopify,12,deny,manual,91.00,,TRUE,TRUE,,,,,,,,
joya-thai-kickbokshandschoenen-leer,,,,,,,,14 oz,0060-BK-WH-14oz,,shopify,12,deny,manual,91.00,,TRUE,TRUE,,,,,,,,
joya-thai-kickbokshandschoenen-leer,,,,,,,,16 oz,0060-BK-WH-16oz,,shopify,12,deny,manual,91.00,,TRUE,TRUE,,,,,,,,
joya-thai-kickbokshandschoenen-leer,,,,,,,,,,,,,,,,,,,https://www.fightpro.nl/wp-content/uploads/2020/04/Joya-Thai-Kickbokshandschoen-Zwart-leer2.jpg,2,,,,,
joya-thai-kickbokshandschoenen-leer,,,,,,,,,,,,,,,,,,,https://www.fightpro.nl/wp-content/uploads/2020/04/Joya-Thai-Kickbokshandschoen-Zwart-leer3.jpg,3,,,,,
joya-thai-kickbokshandschoenen-leer,,,,,,,,,,,,,,,,,,,https://www.fightpro.nl/wp-content/uploads/2020/04/Joya-Thai-Kickbokshandschoen-Zwart-leer14.jpg,4,,,,,
joya-bokszak-180-cm,JOYA BOKSZAK ‘Fight Fast’ GEVULD en met ketting 180 cm,<p>JOYA BOKSZAK &#8216;Fight Fast&#8217; GEVULD en met ketting 180 cm</p>,Joya,Bokszakken,"Bokszakken, Joya, Uitrusting",TRUE,Title,Default Title,,,shopify,12,deny,manual,165.00,,TRUE,TRUE,https://www.fightpro.nl/wp-content/uploads/2020/04/IMG_1669.jpeg,1,JOYA BOKSZAK ‘Fight Fast’ GEVULD en met ketting 180 cm,FALSE,JOYA BOKSZAK ‘Fight Fast’ GEVULD en met ketting 180 cm,Joya bokszak 180 cm,active,Uitrusting
boks-pads-2-stuks,Matchu Boks pads – 2 stuks,<p>Matchu Boks pads &#8211; 2 stuks</p>,Matchu,trap/stoot kussens,"Matchu, trap/stoot kussens, Uitrusting",TRUE,Title,Default Title,8718819922711,,shopify,12,deny,manual,29.95,,TRUE,TRUE,https://www.fightpro.nl/wp-content/uploads/2020/03/Boks-pads-01.jpg,1,Matchu Boks pads – 2 stuks,FALSE,Matchu Boks pads – 2 stuks,‘Met de pads van Matchu Sports word je sneller dan ooit! Voor je het weet gooi je bliksemsnelle combinaties op de pads. Of je nou een personal trainer bent die een extra dimensie aan zijn training wil geven,active,Uitrusting
boks-pads-2-stuks,,,,,,,,,,,,,,,,,,,https://www.fightpro.nl/wp-content/uploads/2020/03/Boks-pads-02.jpg,2,,,,,
boks-pads-2-stuks,,,,,,,,,,,,,,,,,,,https://www.fightpro.nl/wp-content/uploads/2020/03/Boks-pads-03.jpg,3,,,,,
boks-pads-2-stuks,,,,,,,,,,,,,,,,,,,https://www.fightpro.nl/wp-content/uploads/2020/03/Boks-pads-04.jpg,4,,,,,
boks-pads-2-stuks,,,,,,,,,,,,,,,,,,,https://www.fightpro.nl/wp-content/uploads/2020/03/Boks-pads-05.jpg,5,,,,,
boks-pads-2-stuks,,,,,,,,,,,,,,,,,,,https://www.fightpro.nl/wp-content/uploads/2020/03/Boks-pads-06.jpg,6,,,,,
boks-pads-2-stuks,,,,,,,,,,,,,,,,,,,https://www.fightpro.nl/wp-content/uploads/2020/03/Boks-pads-07.jpg,7,,,,,
boks-pads-2-stuks,,,,,,,,,,,,,,,,,,,https://www.fightpro.nl/wp-content/uploads/2020/03/Boks-pads-08.jpg,8,,,,,
battle-rope-9m-x-38mm,Matchu Battle rope 9m x 38mm,"<p><span style="",Helvetica,sans-serif""><span style=""font-size: small"">B<span style=""display: inline !important;float: none;background-color: #ffffff;color: #333333;,Helvetica,sans-serif;font-size: 13px;font-style: normal;font-variant: normal;font-weight: 400;letter-spacing: normal;text-align: left;text-decoration: none;text-indent: 0px;text-transform: none;white-space: normal"">attle ropes, bekend geworden vanuit de topsport zoals MMA en Americvan Football in de U.S.A. Veel gebruikt met zwaai en slinger bewegingen om je spier-conditie te optimaliseren.<br />
</span></span></span></p>",Matchu,Fitness en cardio,"Fitness en cardio, Matchu, Uitrusting",TRUE,Title,Default Title,8717624163319,,shopify,12,deny,manual,54.95,99.95,TRUE,TRUE,https://www.fightpro.nl/wp-content/uploads/2020/03/matchu_battle-rope-1.jpg,1,Matchu Battle rope 9m x 38mm,FALSE,Matchu Battle rope 9m x 38mm,Spieren tot de max laten verzuren? Koop een battle rope. Veel gebruikt in de mma wereld!,active,Uitrusting
massage-foam-roller-blauw-matchu,Matchu Foam Roller blauw,<p>Matchu Foam Roller blauw</p>,Matchu,Fitness en cardio,"Fitness en cardio, Matchu, Uitrusting",TRUE,Title,Default Title,8717624162893,,shopify,12,deny,manual,19.95,29.95,TRUE,TRUE,https://www.fightpro.nl/wp-content/uploads/2020/03/Matchu-Sports-foam-roller-blauw-1.jpg,1,Matchu Foam Roller blauw,FALSE,Matchu Foam Roller blauw,"De triggerpoint foam roller wordt door de fanatieke sporter gebruikt om de spieren los te maken en vervelende spierknopen weg te masseren. De foam roller is leverbaar in 3 kleuren: oranje, blauw en zwart",active,Uitrusting
foam-roller-zwart,Matchu Foam Roller zwart,<p><strong>Foam Rollers</strong> zijn sport massage tools die gebruikt worden om triggerpoints of spierknopen te verwijderen en behoren tot het self myofascial release (SMR) concept. De <strong>Foam Roller</strong> biedt de mogelijkheid om met eigen gewicht extra druk uit te oefenen op pijnlijke verhardingen waardoor diep bindweefsel los komt</p>,Matchu,Fitness en cardio,"Fitness en cardio, Matchu, Uitrusting",TRUE,Title,Default Title,8717624162510,,shopify,12,deny,manual,16.95,29.95,TRUE,TRUE,https://www.fightpro.nl/wp-content/uploads/2020/03/foam_roller_zwart.jpg,1,Matchu Foam Roller zwart,FALSE,Matchu Foam Roller zwart,‘De triggerpoint foam roller wordt door de fanatieke sporter gebruikt om de spieren los te maken en vervelende spierknopen weg te masseren. De Matchu Sports?foam roller is leverbaar in 3 kleuren: oranje,active,Uitrusting
fitnessmat,Matchu Fitnessmat,"<p>De fitnessmat van Matchu Sports. Deze kunt u gebruiken als yogamat, maar ook thuis voor oefeningen. De fitnessmat is 0,9 cm waardoor het goed dempt. Hij is gemaakt van natural based rubber (NBR), waardoor ie toch heel licht is.<br />
Met een bijgeleverd draagkoord is de fitnessmat makkelijk mee te nemen naar uw sportschool. De mat heeft een atislip onderkant, waardoor het niet zoveel verschuift.</p>",Matchu,Fitness en cardio,"Fitness en cardio, Matchu, Uitrusting",TRUE,Title,Default Title,8717524699666,,shopify,12,deny,manual,14.95,29.95,TRUE,TRUE,https://www.fightpro.nl/wp-content/uploads/2020/03/matchu_fitnessmat-opgerold-grijs.jpg,1,Matchu Fitnessmat,FALSE,Matchu Fitnessmat,De fitnessmat van Matchu Sports is de ideale fitnessmat om al je fitness oefeningen uit te voeren. De fitnessmat is van zeer goede kwaliteit!,active,Uitrusting
