Handle,Title,Body (HTML),Vendor,Type,Tags,Published,Option1 Name,Option1 Value,Variant SKU,Variant Inventory Tracker,Variant Inventory Qty,Variant Inventory Policy,Variant Fulfillment Service,Variant Price,Variant Compare At Price,Variant Requires Shipping,Variant Taxable,Image Src,Image Position,Image Alt Text,Status,Metafield: custom.short [single_line_text_field],Metafield: custom.badge [single_line_text_field],Metafield: custom.kind [single_line_text_field],Metafield: custom.accent_color [single_line_text_field]
fightpro-pink-unicorn-scheenbeschermers-kids-legends,Fightpro Pink Unicorn scheenbeschermers kids LEGENDS,<p>LEGEND KIDS COLLECTION</p> <p>Fightpro Pink Unicorn scheenbeschermers kids</p>,Fightpro,Legends Kids,"Bescherming, Collecties, Fightpro, Kids fight, Legends Kids, Scheenbeschermers",TRUE,Maat,140,,shopify,10,deny,manual,39.95,,TRUE,TRUE,https://www.fightpro.nl/wp-content/uploads/2026/06/FIGHTPRO-scheenbeschermers-eenhoorn.jpg,1,Fightpro Pink Unicorn scheenbeschermers kids LEGENDS,active,"Stoere Pink Unicorn scheen beschermers voor kids. Mooi te combineren met handschoenen, shirt broekje en tas van dezelfde lijn.",,shield,#1A1200
fightpro-pink-unicorn-scheenbeschermers-kids-legends,,,,,,,Maat,152,,shopify,10,deny,manual,39.95,,TRUE,TRUE,,,,active,,,,
fightpro-pink-unicorn-scheenbeschermers-kids-legends,,,,,,,Maat,164,,shopify,10,deny,manual,39.95,,TRUE,TRUE,,,,active,,,,
fightpro-ice-wolf-scheenbeschermers-kids-legends,Fightpro Ice Wolf scheenbeschermers kids LEGENDS,<p>LEGEND KIDS COLLECTION</p> <p>Fightpro Ice Wolf scheenbeschermers kids</p>,Fightpro,Legends Kids,"Bescherming, Collecties, Fightpro, Kids fight, Legends Kids, Scheenbeschermers",TRUE,Maat,140,,shopify,10,deny,manual,39.95,,TRUE,TRUE,https://www.fightpro.nl/wp-content/uploads/2026/06/FIGHTPRO-scheenbeschermers-wolf.jpg,1,Fightpro Ice Wolf scheenbeschermers kids LEGENDS,active,"Stoere Ice Wolf scheen beschermers voor kids. Mooi te combineren met handschoenen, shirt broekje en tas van dezelfde lijn.",,shield,#1A1200
fightpro-ice-wolf-scheenbeschermers-kids-legends,,,,,,,Maat,152,,shopify,10,deny,manual,39.95,,TRUE,TRUE,,,,active,,,,
fightpro-ice-wolf-scheenbeschermers-kids-legends,,,,,,,Maat,164,,shopify,10,deny,manual,39.95,,TRUE,TRUE,,,,active,,,,
fightpro-ice-wolf-sport-tas-kids-legends,Fightpro Ice Wolf sport tas kids LEGENDS,<p>LEGEND KIDS COLLECTION</p> <p>Fightpro Ice Wolf tas kids</p>,Fightpro,Legends Kids,"Collecties, Fightpro, Kids fight, Legends Kids, Sport tassen",TRUE,Maat,140,,shopify,10,deny,manual,39.95,,TRUE,TRUE,https://www.fightpro.nl/wp-content/uploads/2026/06/FIGHTPRO-sporttas-kids-WOLF.jpg,1,Fightpro Ice Wolf sport tas kids LEGENDS,active,"Stoere pink unicorn sporttas voor kids. Mooi te combineren met handschoenen, shirt, broekje en scheenbeschermers van dezelfde lijn.",,bag,#1A1200
fightpro-ice-wolf-sport-tas-kids-legends,,,,,,,Maat,152,,shopify,10,deny,manual,39.95,,TRUE,TRUE,,,,active,,,,
fightpro-ice-wolf-sport-tas-kids-legends,,,,,,,Maat,164,,shopify,10,deny,manual,39.95,,TRUE,TRUE,,,,active,,,,
fightpro-pink-unicorn-sport-tas-kids-legends,Fightpro pink unicorn sport tas kids LEGENDS,<p>LEGEND KIDS COLLECTION</p> <p>Fightpro pink unicorn tas kids</p>,Fightpro,Legends Kids,"Collecties, Fightpro, Kids fight, Legends Kids, Sport tassen",TRUE,Maat,140,,shopify,10,deny,manual,39.95,,TRUE,TRUE,https://www.fightpro.nl/wp-content/uploads/2026/06/FIGHTPRO-sporttas-kids-eenhoorn.jpg,1,Fightpro pink unicorn sport tas kids LEGENDS,active,"Stoere pink unicorn sporttas voor kids. Mooi te combineren met handschoenen, shirt, broekje en scheenbeschermers van dezelfde lijn.",,bag,#1A1200
fightpro-pink-unicorn-sport-tas-kids-legends,,,,,,,Maat,152,,shopify,10,deny,manual,39.95,,TRUE,TRUE,,,,active,,,,
fightpro-pink-unicorn-sport-tas-kids-legends,,,,,,,Maat,164,,shopify,10,deny,manual,39.95,,TRUE,TRUE,,,,active,,,,
fightpro-ice-wolf-t-shirt-kids,Fightpro ICE WOLF / T-shirt kids LEGENDS,<p>LEGEND KIDS COLLECTION</p> <p>Fightpro ICE WOLF / T-shirt kids</p>,Fightpro,Legends Kids,"Collecties, Fightpro, Kids fight, Kleding, Legends Kids, T-Shirts",TRUE,Maat,140,,shopify,10,deny,manual,29.95,,TRUE,TRUE,https://www.fightpro.nl/wp-content/uploads/2026/06/FIGHTPRO-kickboks-t-shirt-Ice-wolf.jpg,1,Fightpro ICE WOLF / T-shirt kids LEGENDS,active,"Fightpro ICE WOLF / T-shirt kids . Mooi te combineren met handschoenen, Broekje, tas en scheenbeschermers van dezelfde lijn. te verkrijgen in de maten: 128 140 152 164",,apparel,#1A1200
fightpro-ice-wolf-t-shirt-kids,,,,,,,Maat,152,,shopify,10,deny,manual,29.95,,TRUE,TRUE,,,,active,,,,
fightpro-ice-wolf-t-shirt-kids,,,,,,,Maat,164,,shopify,10,deny,manual,29.95,,TRUE,TRUE,,,,active,,,,
fightpro-pink-unicorn-roze-eenhoorn-t-shirt-kids,Fightpro PINK UNICORN roze eenhoorn / T-shirt kids LEGENDS,<p>LEGEND KIDS COLLECTION</p> <p>Fightpro PINK UNICORN roze eenhoorn / T-shirt kids</p>,Fightpro,Legends Kids,"Collecties, Fightpro, Kids fight, Kleding, Legends Kids, T-Shirts",TRUE,Maat,140,,shopify,10,deny,manual,29.95,,TRUE,TRUE,https://www.fightpro.nl/wp-content/uploads/2026/06/FIGHTPRO-kickboks-t-shirt-PINK-UNICORN.jpg,1,Fightpro PINK UNICORN roze eenhoorn / T-shirt kids LEGENDS,active,"Fightpro PINK UNICORN roze eenhoorn / T-shirt voor kids. Mooi te combineren met handschoenen, Broekje, tas en scheenbeschermers van dezelfde lijn. te verkrijgen in de maten: 128 140 152 164",,apparel,#1A1200
fightpro-pink-unicorn-roze-eenhoorn-t-shirt-kids,,,,,,,Maat,152,,shopify,10,deny,manual,29.95,,TRUE,TRUE,,,,active,,,,
fightpro-pink-unicorn-roze-eenhoorn-t-shirt-kids,,,,,,,Maat,164,,shopify,10,deny,manual,29.95,,TRUE,TRUE,,,,active,,,,
fightpro-ice-wolf-broekje-kids,Fightpro ICE WOLF  / broekje kids LEGENDS,<p>LEGEND KIDS COLLECTION</p> <p>Fightpro ICE WOLF / broekje kids</p>,Fightpro,Broekjes,"Broekjes, Collecties, Fightpro, Kids fight, Kleding, Legends Kids",TRUE,Maat,140,,shopify,10,deny,manual,34.95,,TRUE,TRUE,https://www.fightpro.nl/wp-content/uploads/2026/06/FIGHTPRO-kickboks-broekje-ice-wolf.jpg,1,Fightpro ICE WOLF  / broekje kids LEGENDS,active,"Fightpro ICE WOLF broekje kids ,kickboks broekje voor kids. Mooi te combineren met handschoenen, shirt , tas en scheenbeschermers van dezelfde lijn. te verkrijgen in de maten: XXS XS S M",,apparel,#1A1200
fightpro-ice-wolf-broekje-kids,,,,,,,Maat,152,,shopify,10,deny,manual,34.95,,TRUE,TRUE,,,,active,,,,
fightpro-ice-wolf-broekje-kids,,,,,,,Maat,164,,shopify,10,deny,manual,34.95,,TRUE,TRUE,,,,active,,,,
fightpro-pink-unicorn-roze-eenhoorn-broekje-kids,Fightpro PINK UNICORN LEGEND roze eenhoorn / broekje kids LEGENDS,<p>LEGENDS KIDS COLLECTION</p> <p>Fightpro PINK UNICORN roze eenhoorn / broekje kids</p>,Fightpro,Broekjes,"Broekjes, Collecties, Fightpro, Kids fight, Kleding, Legends Kids",TRUE,Maat,140,,shopify,10,deny,manual,34.95,,TRUE,TRUE,https://www.fightpro.nl/wp-content/uploads/2026/06/FIGHTPRO-kickboks-broekje-PINK-UNICORN.jpg,1,Fightpro PINK UNICORN LEGEND roze eenhoorn / broekje kids LEGENDS,active,"Fightpro PINK UNICORN roze eenhoorn / broekje kids ,kickboks broekje voor kids. Mooi te combineren met handschoenen, shirt , tas en scheenbeschermers van dezelfde lijn. te verkrijgen in de maten: XXS XS S M",,apparel,#1A1200
fightpro-pink-unicorn-roze-eenhoorn-broekje-kids,,,,,,,Maat,152,,shopify,10,deny,manual,34.95,,TRUE,TRUE,,,,active,,,,
fightpro-pink-unicorn-roze-eenhoorn-broekje-kids,,,,,,,Maat,164,,shopify,10,deny,manual,34.95,,TRUE,TRUE,,,,active,,,,
elleboog-beschermers-mma-muay-thai,Elleboog beschermers MMA- Muay Thai,<p>Elleboog beschermers MMA- Muay Thai</p>,PX,knie-elleboog beschermers,"Bescherming, knie-elleboog beschermers, PX",TRUE,,Default Title,,shopify,10,deny,manual,18.95,,TRUE,TRUE,https://www.fightpro.nl/wp-content/uploads/2026/06/PX-elleboogbeschermermuay-thai-kickbox-mma.jpg,1,PX Elleboog beschermers MMA- Muay Thai,active,Elleboog beschermers MMA- Muay Thai,,shield,#101820
joya-kniebeschermers-mma-grappling,Joya kniebeschermers MMA-Grappling,<p>Joya kniebeschermers MMA-Grappling</p>,Joya,knie-elleboog beschermers,"Bescherming, Joya, knie-elleboog beschermers",TRUE,,Default Title,,shopify,10,deny,manual,19.95,,TRUE,TRUE,https://www.fightpro.nl/wp-content/uploads/2026/06/JOYA-kniebeschermers-MMA-Grappling.jpg,1,Joya kniebeschermers MMA-Grappling,active,Joya kniebeschermers MMA-Grappling,,shield,#1C1C1C
px-kniebeschermers-mma-grappling,PX kniebeschermers MMA-Grappling,<p>PX kniebeschermers MMA-Grappling</p>,PX,knie-elleboog beschermers,"Bescherming, knie-elleboog beschermers, PX",TRUE,,Default Title,,shopify,10,deny,manual,18.95,,TRUE,TRUE,https://www.fightpro.nl/wp-content/uploads/2026/06/PX-kniebeschermers-MMA-Grappling.jpg,1,PX kniebeschermers MMA-Grappling,active,PX kniebeschermers MMA-Grappling,,shield,#101820
fightpro-zakhandschoenen-vintage-leer-zwart,Fightpro Zakhandschoenen Vintage Leer Zwart,"<p class=""price"">Fightpro zakhandschoenen van hoogwaardig leer in zwart en bruin. Ideaal voor bokszaktraining, pads en techniekwerk. Duurzaam, comfortabel en perfect voor intensief gebruik in boksen en kickboksen.</p>",Joya,Zak handschoenen,"Handschoenen, Joya, Zak handschoenen",TRUE,Maat,L,,shopify,10,deny,manual,59.95,,TRUE,TRUE,https://www.fightpro.nl/wp-content/uploads/2026/06/fightpro-zakhandschoene-bag-gloves-black-leather-vintage.jpg,1,Joya Fightpro Zakhandschoenen Vintage Leer Zwart,active,Fightpro Zakhandschoenen Leer Zwart,,bag,#1C1C1C
fightpro-zakhandschoenen-vintage-leer-zwart,,,,,,,Maat,M,,shopify,10,deny,manual,59.95,,TRUE,TRUE,,,,active,,,,
fightpro-zakhandschoenen-vintage-leer-zwart,,,,,,,Maat,S,,shopify,10,deny,manual,59.95,,TRUE,TRUE,,,,active,,,,
fightpro-zakhandschoenen-vintage-leer-zwart,,,,,,,Maat,XL,,shopify,10,deny,manual,59.95,,TRUE,TRUE,,,,active,,,,
fightpro-zakhandschoenen-vintage-leer-zwart,,,,,,,Maat,XS,,shopify,10,deny,manual,59.95,,TRUE,TRUE,,,,active,,,,
fightpro-zakhandschoenen-vintage-leer-zwart,,,,,,,Maat,XXS,,shopify,10,deny,manual,59.95,,TRUE,TRUE,,,,active,,,,
fightpro-zakhandschoenen-vintage-leer-bruin,Fightpro Zakhandschoenen Vintage Leer Bruin,"<p class=""price"">Fightpro zakhandschoenen van hoogwaardig leer in zwart en bruin. Ideaal voor bokszaktraining, pads en techniekwerk. Duurzaam, comfortabel en perfect voor intensief gebruik in boksen en kickboksen.</p>",Joya,Zak handschoenen,"Handschoenen, Joya, Zak handschoenen",TRUE,Maat,L,,shopify,10,deny,manual,59.95,,TRUE,TRUE,https://www.fightpro.nl/wp-content/uploads/2026/06/fightpro-zakhandschoene-bag-gloves-brown-leather-vintage.jpg,1,Joya Fightpro Zakhandschoenen Vintage Leer Bruin,active,Fightpro Zakhandschoenen Leer Bruin,,bag,#1C1C1C
fightpro-zakhandschoenen-vintage-leer-bruin,,,,,,,Maat,M,,shopify,10,deny,manual,59.95,,TRUE,TRUE,,,,active,,,,
fightpro-zakhandschoenen-vintage-leer-bruin,,,,,,,Maat,S,,shopify,10,deny,manual,59.95,,TRUE,TRUE,,,,active,,,,
fightpro-zakhandschoenen-vintage-leer-bruin,,,,,,,Maat,XL,,shopify,10,deny,manual,59.95,,TRUE,TRUE,,,,active,,,,
fightpro-zakhandschoenen-vintage-leer-bruin,,,,,,,Maat,XS,,shopify,10,deny,manual,59.95,,TRUE,TRUE,,,,active,,,,
fightpro-zakhandschoenen-vintage-leer-bruin,,,,,,,Maat,XXS,,shopify,10,deny,manual,59.95,,TRUE,TRUE,,,,active,,,,
joya-mma-handschoen-essential-black-on-black,JOYA MMA Handschoen Essential black on black,<p>JOYA MMA Handschoen Essential black on black</p>,Joya,MMA Gloves,"Handschoenen, Joya, MMA Gloves, MMA gloves PU/kunststof",TRUE,Maat,L,,shopify,10,deny,manual,44.95,,TRUE,TRUE,https://www.fightpro.nl/wp-content/uploads/2026/06/JOYA-MMA-ESSENTIAL-HANDSCHOEN-ZWART-ZWART.jpg,1,JOYA MMA Handschoen Essential black on black,active,Mooie prijs/kwaliteit verhouding JOYA MMA Handschoen Essential black on black,,glove,#1C1C1C
joya-mma-handschoen-essential-black-on-black,,,,,,,Maat,M,,shopify,10,deny,manual,44.95,,TRUE,TRUE,,,,active,,,,
joya-mma-handschoen-essential-black-on-black,,,,,,,Maat,S,,shopify,10,deny,manual,44.95,,TRUE,TRUE,,,,active,,,,
joya-mma-handschoen-essential-black-on-black,,,,,,,Maat,XL,,shopify,10,deny,manual,44.95,,TRUE,TRUE,,,,active,,,,
joya-mma-handschoen-essential-black-on-black,,,,,,,Maat,XS,,shopify,10,deny,manual,44.95,,TRUE,TRUE,,,,active,,,,
joya-mma-handschoen-essential-black-on-black,,,,,,,Maat,XXS,,shopify,10,deny,manual,44.95,,TRUE,TRUE,,,,active,,,,
booster-fight-gear-helm-hoofdbeschermer-hglb-2,Booster Fight Gear Helm hoofdbeschermer – HGLB 2,<p>Booster Fight Gear Helm hoofdbeschermer – HGLB 2</p>,Booster,Hoofdbeschermers,"Bescherming, Booster, Hoofdbeschermers",TRUE,Maat,L,,shopify,10,deny,manual,45.95,,TRUE,TRUE,https://www.fightpro.nl/wp-content/uploads/2026/06/Booster-Helm-hoofdbeschermer-–HGLB2.jpg,1,Booster Fight Gear Helm hoofdbeschermer – HGLB 2,active,Junior hoofdbeschermer / helm voor boksen en kickboksen. Booster Fight Gear Helm hoofdbeschermer – HGLB 2,,shield,#0E2A4A
booster-fight-gear-helm-hoofdbeschermer-hglb-2,,,,,,,Maat,M,,shopify,10,deny,manual,45.95,,TRUE,TRUE,,,,active,,,,
booster-fight-gear-helm-hoofdbeschermer-hglb-2,,,,,,,Maat,S,,shopify,10,deny,manual,45.95,,TRUE,TRUE,,,,active,,,,
booster-fight-gear-helm-hoofdbeschermer-hglb-2,,,,,,,Maat,XL,,shopify,10,deny,manual,45.95,,TRUE,TRUE,,,,active,,,,
booster-fight-gear-helm-hoofdbeschermer-hglb-2,,,,,,,Maat,XS,,shopify,10,deny,manual,45.95,,TRUE,TRUE,,,,active,,,,
booster-fight-gear-helm-hoofdbeschermer-hglb-2,,,,,,,Maat,XXS,,shopify,10,deny,manual,45.95,,TRUE,TRUE,,,,active,,,,
booster-fight-gear-helm-hoofdbeschermer-hglb-2,,,,,,,,,,,,,,,,,,https://www.fightpro.nl/wp-content/uploads/2026/06/Booster-Helm-hoofdbeschermer-–HGLB2-1.jpg,2,Booster Fight Gear Helm hoofdbeschermer – HGLB 2,,,,,
booster-fight-gear-helm-hoofdbeschermer-hglb-2,,,,,,,,,,,,,,,,,,https://www.fightpro.nl/wp-content/uploads/2026/06/Booster-Helm-hoofdbeschermer-–HGLB2-2.jpg,3,Booster Fight Gear Helm hoofdbeschermer – HGLB 2,,,,,
booster-fight-gear-helm-hoofdbeschermer-hglb-2,,,,,,,,,,,,,,,,,,https://www.fightpro.nl/wp-content/uploads/2026/06/Booster-Helm-hoofdbeschermer-–HGLB2-3.jpg,4,Booster Fight Gear Helm hoofdbeschermer – HGLB 2,,,,,
booster-fight-gear-helm-hoofdbeschermer-hglb-2,,,,,,,,,,,,,,,,,,https://www.fightpro.nl/wp-content/uploads/2026/06/Booster-Helm-hoofdbeschermer-–HGLB2-4.jpg,5,Booster Fight Gear Helm hoofdbeschermer – HGLB 2,,,,,
fightpro-pink-unicorn-bokshandschoenen-kids,Fightpro Pink Unicorn bokshandschoenen kids LEGENDS,<p>LEGEND KIDS COLLECTION</p> <p>Fightpro Pink Unicorn bokshandschoenen kids van LEGENDS lijn</p>,Fightpro,Kickbokshandschoenen Kunststof,"Collecties, Fightpro, Handschoenen, Kickbokshandschoenen Kunststof, Kids fight, Legends Kids",TRUE,Maat,140,,shopify,10,deny,manual,44.95,,TRUE,TRUE,https://www.fightpro.nl/wp-content/uploads/2026/05/FIGHTPRO-bokshandschoenen-kids-unicorn-1.jpg,1,Fightpro Pink Unicorn bokshandschoenen kids LEGENDS,active,"Stoere Roze Eenhoorn bokshandschoenen voor kids. Mooi te combineren met scheenbeschermers , shirt , broekje en tas van dezelfde lijn. verkrijgbaar in de maten: 4 oz 6oz 8 oz 10 oz",,apparel,#1A1200
fightpro-pink-unicorn-bokshandschoenen-kids,,,,,,,Maat,152,,shopify,10,deny,manual,44.95,,TRUE,TRUE,,,,active,,,,
fightpro-pink-unicorn-bokshandschoenen-kids,,,,,,,Maat,164,,shopify,10,deny,manual,44.95,,TRUE,TRUE,,,,active,,,,
fightpro-pink-unicorn-bokshandschoenen-kids,,,,,,,,,,,,,,,,,,https://www.fightpro.nl/wp-content/uploads/2026/05/FIGHTPRO-bokshandschoenen-kids-unicorn-2.jpg,2,Fightpro Pink Unicorn bokshandschoenen kids LEGENDS,,,,,
fightpro-ice-wolf-bokshandschoenen-kids,Fightpro Ice Wolf bokshandschoenen kids LEGENDS,<p>LEGENDS KIDS COLLECTION</p> <p>Fightpro Ice Wolf bokshandschoenen kids</p>,Fightpro,Kickbokshandschoenen Kunststof,"Collecties, Fightpro, Handschoenen, Kickbokshandschoenen Kunststof, Kids fight, Legends Kids",TRUE,Maat,140,,shopify,10,deny,manual,44.95,,TRUE,TRUE,https://www.fightpro.nl/wp-content/uploads/2026/05/FIGHTPRO-bokshandschoenen-kids-WOLF-1.jpg,1,Fightpro Ice Wolf bokshandschoenen kids LEGENDS,active,"Stoere Wolf bokshandschoenen voor kids. Mooi te combineren met scheenbeschermers , shirt , broekje en tas van dezelfde lijn. verkrijgbaar in de maten: 4 oz 6oz 8 oz 10 oz",,apparel,#1A1200
fightpro-ice-wolf-bokshandschoenen-kids,,,,,,,Maat,152,,shopify,10,deny,manual,44.95,,TRUE,TRUE,,,,active,,,,
fightpro-ice-wolf-bokshandschoenen-kids,,,,,,,Maat,164,,shopify,10,deny,manual,44.95,,TRUE,TRUE,,,,active,,,,
fightpro-ice-wolf-bokshandschoenen-kids,,,,,,,,,,,,,,,,,,https://www.fightpro.nl/wp-content/uploads/2026/05/FIGHTPRO-bokshandschoenen-kids-WOLF-2.jpg,2,Fightpro Ice Wolf bokshandschoenen kids LEGENDS,,,,,
fightpro-stootpads-rood-zwart-leren-focus-pads-voor-boksen-kickboksen-2,FIGHTPRO STOOTPADS ROOD/ZWART – LEREN FOCUS PADS VOOR BOKSEN &#038; KICKBOKSEN,"<h2>PROFESSIONELE LEREN HANDPADS VOOR INTENSIEVE TRAINING</h2> <p>De Fightpro stootpads rood/zwart zijn ontwikkeld voor intensieve stoot- en combinatietraining. Dankzij het hoogwaardige leer bieden deze focus pads een lange levensduur, uitstekende schokabsorptie en optimaal trainingscomfort.</p> <p>De ergonomische vorm zorgt voor een stabiele en veilige handpositie, terwijl de meerlaagse padding harde stoten effectief opvangt. Ideaal voor trainers en sporters binnen boksen, kickboksen, Muay Thai en MMA.</p> <hr /> <h2>VOORDELEN VAN DE FIGHTPRO STOOTPADS</h2> <ul> <li>Gemaakt van hoogwaardig en duurzaam leer</li> <li>Uitstekende schokabsorptie</li> <li>Ergonomische pasvorm voor stevige grip</li> <li>Lichtgewicht ontwerp voor snelle combinaties</li> <li>Comfortabel voor trainer en sporter</li> <li>Geschikt voor intensieve trainingen</li> </ul> <hr /> <h2>GESCHIKT VOOR</h2> <ul> <li>Boksen</li> <li>Kickboksen</li> <li>Muay Thai</li> <li>MMA</li> <li>Pads training</li> <li>Combinatie- en snelheidstraining</li> </ul>",Fightpro,Bestsellers!,"Bestsellers!, Fightpro, trap/stoot kussens, Bestseller",TRUE,,Default Title,,shopify,10,deny,manual,89.95,,TRUE,TRUE,https://www.fightpro.nl/wp-content/uploads/2026/05/IMG_1675.jpeg,1,FIGHTPRO STOOTPADS ROOD/ZWART – LEREN FOCUS PADS VOOR BOKSEN &#038; KICKBOKSEN,active,,Bestseller,bag,#1A1200
fightpro-stootpads-rood-zwart-leren-focus-pads-voor-boksen-kickboksen,FIGHTPRO THAI KICK PADS / TRAPSTOOT PADS LEER,"<h2>PROFESSIONELE STOOT- EN TRAP PADS VOOR MUAY THAI EN KICKBOKSEN</h2> <p>De Fightpro Trittschlagpolster (Thai kick pads) zijn speciaal ontwikkeld voor intensieve trap- en stoottraining. Gemaakt van hoogwaardig, slijtvast leer bieden deze pads een duurzame en professionele trainingsoplossing voor dagelijks gebruik in gyms en vechtsportscholen.</p> <p>De stevige schuimvulling absorbeert krachtige trappen en stoten optimaal en geeft tegelijkertijd realistische feedback aan de sporter. Dit maakt ze ideaal voor techniek-, kracht- en combinatietraining.</p> <p>Dankzij het ergonomische ontwerp en de stevige handgrepen liggen de pads comfortabel en stabiel in de hand, zelfs tijdens lange en intensieve sessies.</p> <hr /> <h2>VOORDELEN VAN DE FIGHTPRO THAI KICK PADS</h2> <ul> <li>Gemaakt van hoogwaardig echt leer</li> <li>Zeer duurzaam en slijtvast</li> <li>Stevige schuimvulling voor optimale demping</li> <li>Ergonomische handgrepen voor veilige grip</li> <li>Geschikt voor intensieve training</li> <li>Professionele gym kwaliteit</li> </ul> <hr /> <h2>GESCHIKT VOOR</h2> <ul> <li>Kickboksen</li> <li>Muay Thai</li> <li>Boksen</li> <li>MMA</li> <li>Pad training en combinaties</li> <li>Techniek- en krachttraining</li> </ul>",Fightpro,Bestsellers!,"Bestsellers!, Fightpro, trap/stoot kussens, Bestseller",TRUE,,Default Title,,shopify,10,deny,manual,179.95,,TRUE,TRUE,https://www.fightpro.nl/wp-content/uploads/2026/05/IMG_1673.jpeg,1,FIGHTPRO THAI KICK PADS / TRAPSTOOT PADS LEER,active,,Bestseller,bag,#1A1200
fightpro-bokszak-wandbeugel-van-staal-inclusief-schroefankers,Fightpro Bokszak Wandbeugel van Staal Inclusief Schroefankers,"<h2>EXTRA STERKE WANDHOUDER VOOR BOKSZAKKEN</h2> <p>De Fightpro professionele bokszak wandbeugel is ontworpen voor maximale stabiliteit, veiligheid en duurzaamheid. Gemaakt van extra sterk zwaar staal biedt deze muurbeugel een betrouwbare oplossing voor intensieve trainingen in boksen, kickboksen, Muay Thai en MMA.</p> <p>De stevige constructie zorgt ervoor dat zelfs zware bokszakken stabiel blijven hangen, ook bij krachtige stoten en trappen. Ideaal voor zowel thuisgyms als professionele sportscholen.</p> <hr /> <h2>VOORDELEN VAN DE FIGHTPRO BOKSZAK WANDBEUGEL</h2> <ul> <li>Extra sterk heavy-duty stalen frame</li> <li>Geschikt voor zware bokszakken</li> <li>Wandmontage voor maximale stabiliteit en ruimtebesparing</li> <li>Inclusief schroefankers en bevestigingsmateriaal</li> <li>Geschikt voor professioneel en thuisgebruik</li> <li>Duurzame studio kwaliteit</li> </ul> <hr /> <h2>GESCHIKT VOOR</h2> <ul> <li>Boksen</li> <li>Kickboksen</li> <li>Muay Thai</li> <li>MMA</li> <li>Heavy bag training</li> <li>Sportscholen en home gyms</li> </ul> <hr /> <h2>BELANGRIJKE INFORMATIE</h2> <p>Bokszak niet inbegrepen.</p> <p>Geschikt voor montage op stevige muren zoals beton of steen.</p>",FightPro,Bokszakken,"Bokszakken, Diversen",TRUE,,Default Title,,shopify,10,deny,manual,109.95,,TRUE,TRUE,https://www.fightpro.nl/wp-content/uploads/2026/05/IMG_1670.jpeg,1,Fightpro Bokszak Wandbeugel van Staal Inclusief Schroefankers,active,,,bag,#1A1200
fightpro-bokszak-wandbeugel-van-staal-inclusief-schroefankers,,,,,,,,,,,,,,,,,,https://www.fightpro.nl/wp-content/uploads/2026/05/IMG_1672.jpeg,2,Fightpro Bokszak Wandbeugel van Staal Inclusief Schroefankers,,,,,
fightpro-bokszak-wandbeugel-van-staal-inclusief-schroefankers,,,,,,,,,,,,,,,,,,https://www.fightpro.nl/wp-content/uploads/2026/05/IMG_1671.jpeg,3,Fightpro Bokszak Wandbeugel van Staal Inclusief Schroefankers,,,,,
fightpro-bitje-gebitsbeschermer-elite,Fightpro bitje gebitsbeschermer Elite,<p>Fightpro bitje gebitsbeschermer Elite</p>,FightPro,Gebitsbeschermer,"Bescherming, Gebitsbeschermer",TRUE,,Default Title,,shopify,10,deny,manual,9.95,,TRUE,TRUE,https://www.fightpro.nl/wp-content/uploads/2026/04/FIGHTPRO-mundschutz-elite-3.jpg,1,Fightpro bitje gebitsbeschermer Elite,active,Fightpro bitje gebitsbeschermer Elite,,shield,#1A1200
fightpro-bitje-gebitsbeschermer-elite,,,,,,,,,,,,,,,,,,https://www.fightpro.nl/wp-content/uploads/2026/04/FIGHTPRO-mundschutz-elite-2.jpg,2,Fightpro bitje gebitsbeschermer Elite,,,,,
fightpro-bitje-gebitsbeschermer-elite,,,,,,,,,,,,,,,,,,https://www.fightpro.nl/wp-content/uploads/2026/04/FIGHTPRO-mundschutz-elite.jpg,3,Fightpro bitje gebitsbeschermer Elite,,,,,
fightpro-bitje-gebitsbeschermer-elite,,,,,,,,,,,,,,,,,,https://www.fightpro.nl/wp-content/uploads/2026/04/FIGHTPRO-mundschutz-elite-black.jpg,4,Fightpro bitje gebitsbeschermer Elite,,,,,
fightpro-bitje-gebitsbeschermer-basis,Fightpro bitje gebitsbeschermer Basis,<p>Fightpro bitje gebitsbeschermer Basis</p>,FightPro,Gebitsbeschermer,"Bescherming, Gebitsbeschermer",TRUE,,Default Title,,shopify,10,deny,manual,4.95,,TRUE,TRUE,https://www.fightpro.nl/wp-content/uploads/2026/04/fightpro-mundschutz-mouthguard-fightpro-basic.jpg,1,Fightpro bitje gebitsbeschermer Basis,active,Fightpro bitje gebitsbeschermer Basis,,shield,#1A1200
fightpro-bitje-gebitsbeschermer-basis,,,,,,,,,,,,,,,,,,https://www.fightpro.nl/wp-content/uploads/2026/04/fightpro-mundschutz-mouthguard-fightpro-basic.jpg,2,Fightpro bitje gebitsbeschermer Basis,,,,,
fightpro-bitje-gebitsbeschermer-basis,,,,,,,,,,,,,,,,,,https://www.fightpro.nl/wp-content/uploads/2026/04/fightpro-mundschutz-mouthguard-fightpro-black-basic.jpg,3,Fightpro bitje gebitsbeschermer Basis,,,,,
fightpro-bitje-gebitsbeschermer-basis,,,,,,,,,,,,,,,,,,https://www.fightpro.nl/wp-content/uploads/2026/04/fightpro-mundschutz-mouthguard-fightpro-black-basic-2.jpg,4,Fightpro bitje gebitsbeschermer Basis,,,,,
fightpro-bitje-gebitsbeschermer-basis,,,,,,,,,,,,,,,,,,https://www.fightpro.nl/wp-content/uploads/2026/04/fightpro-mundschutz-mouthguard-fightpro-pink-basic.jpg,5,Fightpro bitje gebitsbeschermer Basis,,,,,
fightpro-bitje-gebitsbeschermer-basis,,,,,,,,,,,,,,,,,,https://www.fightpro.nl/wp-content/uploads/2026/04/fightpro-mundschutz-mouthguard-fightpro-pink-basic-2.jpg,6,Fightpro bitje gebitsbeschermer Basis,,,,,
fightpro-bitje-gebitsbeschermer-basis,,,,,,,,,,,,,,,,,,https://www.fightpro.nl/wp-content/uploads/2026/04/fightpro-mundschutz-mouthguard-fightpro-transparant-basic.jpg,7,Fightpro bitje gebitsbeschermer Basis,,,,,
fightpro-bitje-gebitsbeschermer-basis,,,,,,,,,,,,,,,,,,https://www.fightpro.nl/wp-content/uploads/2026/04/fightpro-mundschutz-mouthguard-fightpro-transparant-basic-2.jpg,8,Fightpro bitje gebitsbeschermer Basis,,,,,
fightpro-bitje-gebitsbeschermer-basis,,,,,,,,,,,,,,,,,,https://www.fightpro.nl/wp-content/uploads/2026/04/fightpro-mundschutz-mouthguard-fightpro-white-basic.jpg,9,Fightpro bitje gebitsbeschermer Basis,,,,,
fightpro-bitje-gebitsbeschermer-basis,,,,,,,,,,,,,,,,,,https://www.fightpro.nl/wp-content/uploads/2026/04/fightpro-mundschutz-mouthguard-fightpro-white-basic-2.jpg,10,Fightpro bitje gebitsbeschermer Basis,,,,,
fightpro-bitje-gebitsbeschermer-basis,,,,,,,,,,,,,,,,,,https://www.fightpro.nl/wp-content/uploads/2026/04/fightpro-basis-mundschutz-mouthguard.jpg,11,Fightpro bitje gebitsbeschermer Basis,,,,,
sporttas-twins-cbbt-2,Sporttas Twins CBBT 2,"<h3 data-start=""240"" data-end=""295""><strong>Sporttas Twins CBBT 2</strong></h3> <p>Built for serious training.</p> <p>De Twins CBBT-2 sporttas is ontworpen voor vechters die geen concessies doen. Gemaakt van extreem duurzame materialen en bestand tegen intensief dagelijks gebruik.</p> <p>Ruim opgezet met meerdere vakken, zodat je al je gear georganiseerd en veilig kunt meenemen – van handschoenen tot scheenbeschermers. Praktisch, sterk en betrouwbaar.</p> <p>Strakke uitstraling zoals je van Twins gewend bent. Geen overbodige details, alleen kwaliteit.</p> <p>Voor sporters die weten wat ze nodig hebben.</p>",Twins,Sport tassen,"Sport tassen, Twins",TRUE,,Default Title,,shopify,10,deny,manual,139.95,,TRUE,TRUE,https://www.fightpro.nl/wp-content/uploads/2026/04/CBBT-2-sporttas-twins-fightpro.jpg,1,Twins Sporttas Twins CBBT 2,active,,,bag,#B8102E
sporttas-twins-cbbt-2,,,,,,,,,,,,,,,,,,https://www.fightpro.nl/wp-content/uploads/2026/04/CBBT-1-sporttas-twins.jpg,2,Twins Sporttas Twins CBBT 2,,,,,
sporttas-twins-cbbt-2,,,,,,,,,,,,,,,,,,https://www.fightpro.nl/wp-content/uploads/2026/04/CBBT-1-sporttas-twins2.jpg,3,Twins Sporttas Twins CBBT 2,,,,,
sporttas-twins-cbbt-2,,,,,,,,,,,,,,,,,,https://www.fightpro.nl/wp-content/uploads/2026/04/CBBT-1-sporttas-twins3.jpg,4,Twins Sporttas Twins CBBT 2,,,,,
sporttas-twins-cbbt-2,,,,,,,,,,,,,,,,,,https://www.fightpro.nl/wp-content/uploads/2026/04/CBBT-1-sporttas-twins-black.jpg,5,Twins Sporttas Twins CBBT 2,,,,,
sporttas-twins-cbbt-2,,,,,,,,,,,,,,,,,,https://www.fightpro.nl/wp-content/uploads/2026/04/CBBT-1-sporttas-twins-black-1.jpg,6,Twins Sporttas Twins CBBT 2,,,,,
sporttas-twins-cbbt-2,,,,,,,,,,,,,,,,,,https://www.fightpro.nl/wp-content/uploads/2026/04/CBBT-1-sporttas-twins-black-2.jpg,7,Twins Sporttas Twins CBBT 2,,,,,
sporttas-twins-cbbt-2,,,,,,,,,,,,,,,,,,https://www.fightpro.nl/wp-content/uploads/2026/04/CBBT-1-sporttas-twins-grey.jpg,8,Twins Sporttas Twins CBBT 2,,,,,
sporttas-twins-cbbt-2,,,,,,,,,,,,,,,,,,https://www.fightpro.nl/wp-content/uploads/2026/04/CBBT-1-sporttas-twins-grey-2.jpg,9,Twins Sporttas Twins CBBT 2,,,,,
sporttas-twins-cbbt-2,,,,,,,,,,,,,,,,,,https://www.fightpro.nl/wp-content/uploads/2026/04/CBBT-2-sporttas-twins-military.jpg,10,Twins Sporttas Twins CBBT 2,,,,,
sporttas-twins-cbbt-2,,,,,,,,,,,,,,,,,,https://www.fightpro.nl/wp-content/uploads/2026/04/CBBT-2-sporttas-twins-military-1.jpg,11,Twins Sporttas Twins CBBT 2,,,,,
sporttas-twins-cbbt-2,,,,,,,,,,,,,,,,,,https://www.fightpro.nl/wp-content/uploads/2026/04/CBBT-2-sporttas-twins-military-2.jpg,12,Twins Sporttas Twins CBBT 2,,,,,
joya-fight-fast-punch-paddles-black,Joya Fight Fast Punch Paddles – Black,<p>Joya Fight Fast Punch Paddles – Black</p>,Joya,trap/stoot kussens,"Joya, trap/stoot kussens",TRUE,,Default Title,,shopify,10,deny,manual,49.95,,TRUE,TRUE,https://www.fightpro.nl/wp-content/uploads/2026/04/Joya-Fight-Fast-Punch-Paddles-Black.jpg,1,Joya Fight Fast Punch Paddles – Black,active,Joya Fight Fast Punch Paddles – Black,,bag,#1C1C1C
joya-fight-gear-foam-baton-per-paar,Joya Fight Gear – FOAM BATON (per paar),<p>Joya Fight Gear – FOAM BATON (per paar)</p>,Joya,trap/stoot kussens,"Joya, trap/stoot kussens",TRUE,,Default Title,,shopify,10,deny,manual,39.95,,TRUE,TRUE,https://www.fightpro.nl/wp-content/uploads/2026/04/Joya-Fight-Gear-FOAM-BATONS.jpg,1,Joya Fight Gear – FOAM BATON (per paar),active,Joya Fight Gear – FOAM BATON (per paar),,bag,#1C1C1C
twins-kickboks-scheenbeschermers-sgl7-white-2,Twins Kickboks scheenbeschermers SGL7 – White,<p>Twins Kickboks scheenbeschermers wit</p> <p>Voor de fanatieke serieuze kickbokser</p>,Twins,Scheenbeschermers,"Bescherming, Scheenbeschermers, Twins",TRUE,Maat,XS,,shopify,10,deny,manual,132.00,,TRUE,TRUE,https://www.fightpro.nl/wp-content/uploads/2026/04/Twins-Special-SGL-7-Shin-Guards-white.jpg,1,Twins Kickboks scheenbeschermers SGL7 – White,active,Twins Kickboks scheenbeschermers wit,,shield,#B8102E
twins-kickboks-scheenbeschermers-sgl7-white-2,,,,,,,Maat,S,,shopify,10,deny,manual,132.00,,TRUE,TRUE,,,,active,,,,
twins-kickboks-scheenbeschermers-sgl7-white-2,,,,,,,Maat,M,,shopify,10,deny,manual,132.00,,TRUE,TRUE,,,,active,,,,
twins-kickboks-scheenbeschermers-sgl7-white-2,,,,,,,Maat,L,,shopify,10,deny,manual,132.00,,TRUE,TRUE,,,,active,,,,
twins-kickboks-scheenbeschermers-sgl7-white-2,,,,,,,Maat,XL,,shopify,10,deny,manual,132.00,,TRUE,TRUE,,,,active,,,,
twins-kickboks-scheenbeschermers-sgl7-white-2,,,,,,,Maat,XXL,,shopify,10,deny,manual,132.00,,TRUE,TRUE,,,,active,,,,
twins-kickboks-scheenbeschermers-sgl7-white-2,,,,,,,,,,,,,,,,,,https://www.fightpro.nl/wp-content/uploads/2026/04/Twins-Special-SGL-7-Shin-Guards-white-.jpg,2,Twins Kickboks scheenbeschermers SGL7 – White,,,,,
twins-kickboks-scheenbeschermers-sgl7-white-2,,,,,,,,,,,,,,,,,,https://www.fightpro.nl/wp-content/uploads/2026/04/Twins-Special-SGL-7-Shin-Guards-white-2.jpg,3,Twins Kickboks scheenbeschermers SGL7 – White,,,,,
hayabusa-airstream-athletic-duffel-bag-50-liter,Hayabusa Airstream Athletic Duffel Bag – 50 liter,<p>Hayabusa Airstream Athletic Duffel Bag – 50 liter</p>,Hayabusa,Sport tassen,"Hayabusa, Sport tassen",TRUE,,Default Title,,shopify,10,deny,manual,169.95,,TRUE,TRUE,https://www.fightpro.nl/wp-content/uploads/2026/04/Hayabusa-Airstream-Athletic-Duffle-Bag.jpg,1,Hayabusa Airstream Athletic Duffel Bag – 50 liter,active,Hayabusa Airstream Athletic Duffel Bag – 50 liter,,bag,#1A1A1A
hayabusa-airstream-athletic-duffel-bag-50-liter,,,,,,,,,,,,,,,,,,https://www.fightpro.nl/wp-content/uploads/2026/04/Hayabusa-Airstream-Athletic-Duffle-Bag2.jpg,2,Hayabusa Airstream Athletic Duffel Bag – 50 liter,,,,,
hayabusa-airstream-athletic-duffel-bag-50-liter,,,,,,,,,,,,,,,,,,https://www.fightpro.nl/wp-content/uploads/2026/04/Hayabusa-Airstream-Athletic-Duffle-Bag3.jpg,3,Hayabusa Airstream Athletic Duffel Bag – 50 liter,,,,,
shockdoctor-bitje-gebitbeschermer-gel-max-black-blue,Shockdoctor bitje gebitbeschermer Gel Max Black / Blue,"<p>Shockdoctor bitje gebitbeschermer Gel Max Black / Blue</p> <div id=""shopify-section-template--16790521053481__main"" class=""shopify-section section-main-product page-section-spacing page-section-spacing--no-top-mobile""> <div data-section-type=""main-product"" data-components=""accordion,custom-select,modal""> <div class=""product-description rte container cf padded-row not-in-quickbuy"">De Gel Max gebitsbeschermer biedt een superieure pasvorm en bescherming. Door het gebruik van een Gel Fit Liner vormt de Gel Max zich naar uw tanden en tandvlees en biedt een stevige pasvorm. De buitenkant van de Gel Max is versterkt met een rubber exoskelet voor ultieme schokabsorptie. Accepteer geen goedkope enkellaagse gebitsbeschermers, vertrouw op Shock Doctor en wees zelfverzekerd elke keer dat u speelt!</div> </div> </div> <div id=""shopify-section-template--16790521053481__62a5f432-fad3-4f55-907d-d752cb695319"" class=""shopify-section section-rich-text""> <div class=""fully-spaced-row--small cc-animate-init -in cc-animate-complete"" data-cc-animate=""""> <div class=""container""> <div class=""align-left spaced-column""> <div class=""rte lightly-spaced-row large-text""> <p><strong>Features</strong></p> </div> <div class=""rte lightly-spaced-row ""> <p><span class=""metafield-multi_line_text_field"">• Exoskeletaal schokframe<br /> • Geïntegreerde ademhalingskanalen<br /> • Ontwerp met drie lagen<br /> • Gemakkelijker aan te brengen<br /> • Gel-Fit™ voering<br /> • Kook en bijt pasvorm</span></p> </div> </div> </div> </div> </div>",Shockdoctor,Gebitsbeschermer,"Bescherming, Gebitsbeschermer, Shockdoctor",TRUE,,Default Title,,shopify,10,deny,manual,19.95,,TRUE,TRUE,https://www.fightpro.nl/wp-content/uploads/2026/04/shockdoctor-Gel-Max-Black-blue-bitje-mouthguard.jpg,1,Shockdoctor bitje gebitbeschermer Gel Max Black / Blue,active,Shockdoctor bitje gebitbeschermer Gel Max Black / Blue,,shield,#1A1A1A
shockdoctor-bitje-gebitbeschermer-gel-max-black-blue,,,,,,,,,,,,,,,,,,https://www.fightpro.nl/wp-content/uploads/2026/04/shockdoctor-Gel-Max-Black-blue-bitje-mouthguard4.jpg,2,Shockdoctor bitje gebitbeschermer Gel Max Black / Blue,,,,,
shockdoctor-bitje-gebitbeschermer-gel-max-black-blue,,,,,,,,,,,,,,,,,,https://www.fightpro.nl/wp-content/uploads/2026/04/shockdoctor-Gel-Max-Black-blue-bitje-mouthguard2.jpg,3,Shockdoctor bitje gebitbeschermer Gel Max Black / Blue,,,,,
shockdoctor-bitje-gebitbeschermer-gel-max-black-blue,,,,,,,,,,,,,,,,,,https://www.fightpro.nl/wp-content/uploads/2026/04/shockdoctor-Gel-Max-Black-blue-bitje-mouthguard3.jpg,4,Shockdoctor bitje gebitbeschermer Gel Max Black / Blue,,,,,
biotech-usa-magnesium-bisglycinate-90-caps,biotech USA Magnesium Bisglycinate 90 caps,<p>biotech USA Magnesium Bisglycinate 90 caps</p>,Bio Tech,Voeding,"Bio Tech, Voeding",TRUE,,Default Title,,shopify,10,deny,manual,14.95,,TRUE,TRUE,https://www.fightpro.nl/wp-content/uploads/2026/04/biotech-USA-Magnesium-Bisglycinate90-caps.jpg,1,Bio Tech biotech USA Magnesium Bisglycinate 90 caps,active,biotech USA Magnesium Bisglycinate 90 caps,,apparel,#1A1A1A
biotech-usa-bcaa-zero-360g,Biotech USA BCAA ZERO 360g,<p>Biotech USA BCAA ZERO 360g</p>,Bio Tech,Voeding,"Bio Tech, Voeding",TRUE,,Default Title,,shopify,10,deny,manual,29.95,,TRUE,TRUE,https://www.fightpro.nl/wp-content/uploads/2026/04/Biotech-USA-BCAA-ZERO-360g.jpg,1,Bio Tech Biotech USA BCAA ZERO 360g,active,Biotech USA BCAA ZERO 360g,,apparel,#1A1A1A
biotech-usa-100-creatine-monohydrate-300-g,Biotech USA Black Blood NOX 340g,<p>Biotech USA Black Blood NOX 340g</p>,Bio Tech,Voeding,"Bio Tech, Voeding",TRUE,,Default Title,,shopify,10,deny,manual,36.95,,TRUE,TRUE,https://www.fightpro.nl/wp-content/uploads/2026/04/Biotech-USA-Black-Blood-NOX-340g.jpg,1,Bio Tech Biotech USA Black Blood NOX 340g,active,Biotech USA Black Blood NOX 340g,,apparel,#1A1A1A
levrone-gold-ashwagandha-90-tabs,Levrone-GOLD-Ashwagandha-90-tabs,<p>Levrone-GOLD-Ashwagandha-90-tabs</p>,Bio Tech,Voeding,"Bio Tech, Voeding",TRUE,,Default Title,,shopify,10,deny,manual,12.95,,TRUE,TRUE,https://www.fightpro.nl/wp-content/uploads/2026/04/Levrone-GOLD-Ashwagandha-90-tabs.jpg,1,Bio Tech Levrone-GOLD-Ashwagandha-90-tabs,active,Levrone-GOLD-Ashwagandha-90-tabs,,apparel,#1A1A1A
biotech-usa-iso-whey-zero-908gr,biotech USA Iso Whey Zero 908gr,<p>biotech USA Iso Whey Zero 908gr</p>,Bio Tech,Voeding,"Bio Tech, Voeding",TRUE,,Default Title,,shopify,10,deny,manual,54.95,,TRUE,TRUE,https://www.fightpro.nl/wp-content/uploads/2026/04/biotech-USA-Iso-Whey-Zero-908g.jpg,1,Bio Tech biotech USA Iso Whey Zero 908gr,active,biotech USA Iso Whey Zero 908gr,,apparel,#1A1A1A
bad-ass-pre-workout-438gr,BAD ASS Pre workout 438gr,<p>BAD ASS Pre workout 438gr</p>,Bio Tech,Voeding,"Bio Tech, Voeding",TRUE,,Default Title,,shopify,10,deny,manual,22.95,,TRUE,TRUE,https://www.fightpro.nl/wp-content/uploads/2026/04/BAD-ASS-Pre-workout-438-g.jpg,1,Bio Tech BAD ASS Pre workout 438gr,active,BAD ASS Pre workout 438gr,,apparel,#1A1A1A
ice-pump-pre-workout-463gr,ICE Pump Pre Workout 463gr,<p>ICE Pump Pre Workout 463gr</p>,Bio Tech,Voeding,"Bio Tech, Voeding",TRUE,,Default Title,,shopify,10,deny,manual,24.95,,TRUE,TRUE,https://www.fightpro.nl/wp-content/uploads/2026/04/ICE-Pump-Pre-Workout-463-g.jpg,1,Bio Tech ICE Pump Pre Workout 463gr,active,ICE Pump Pre Workout 463gr,,apparel,#1A1A1A
levrone-scatterbrain-pre-workout-270gr,LEVRONE Scatterbrain pre workout 270gr,<p>LEVRONE Scatterbrain pre workout 270gr</p>,Bio Tech,Voeding,"Bio Tech, Voeding",TRUE,,Default Title,,shopify,10,deny,manual,24.95,,TRUE,TRUE,https://www.fightpro.nl/wp-content/uploads/2026/04/LEVRONE-Scatterbrain-pre-workout-270gr.jpg,1,Bio Tech LEVRONE Scatterbrain pre workout 270gr,active,LEVRONE Scatterbrain pre workout 270gr,,apparel,#1A1A1A
premium-nutrition-pn-pump-pre-workout-385gr,PREMIUM NUTRITION PN PUMP PRE WORKOUT 385gr,<p>PREMIUM NUTRITION PN PUMP PRE WORKOUT 385gr</p>,Bio Tech,Voeding,"Bio Tech, Voeding",TRUE,,Default Title,,shopify,10,deny,manual,24.95,,TRUE,TRUE,https://www.fightpro.nl/wp-content/uploads/2026/04/PREMIUM-NUTRITION-PN-PUMP-PRE-WORKOUT-385gr.jpg,1,Bio Tech PREMIUM NUTRITION PN PUMP PRE WORKOUT 385gr,active,PREMIUM NUTRITION PN PUMP PRE WORKOUT 385gr,,apparel,#1A1A1A
skull-labs-angel-dust-pre-workout-270gr,Skull Labs Angel Dust pre workout 270gr,<p>Skull Labs Angel Dust pre workout 270gr</p>,Bio Tech,Voeding,"Bio Tech, Voeding",TRUE,,Default Title,,shopify,10,deny,manual,24.95,,TRUE,TRUE,https://www.fightpro.nl/wp-content/uploads/2026/04/Skull-Labs-Angel-Dust-pre-workout-270gr.jpg,1,Bio Tech Skull Labs Angel Dust pre workout 270gr,active,"Een van de beste Pre Workouts op de markt! Handle with care! Beta-alanine (CarnoSyn®), arginine AKG, citruline malate, taurine, hydrolysed casein (PeptoPro®), glucuronolactone, L-ascorbic acid, sodium bicarbonate, magnesium phosphate, flavour, caffei",,apparel,#1A1A1A
skull-labsskull-crusher-pre-workout-350-gr,Skull LabsSkull Crusher pre-workout 350 gr,<p>Skull LabsSkull Crusher pre-workout 350 gr</p>,Bio Tech,Voeding,"Bio Tech, Voeding",TRUE,,Default Title,,shopify,10,deny,manual,24.95,,TRUE,TRUE,https://www.fightpro.nl/wp-content/uploads/2026/04/Skull-Labs-Skull-Crusher-pre-workout-350gr.jpg,1,Bio Tech Skull LabsSkull Crusher pre-workout 350 gr,active,"Een van de beste Pre Workouts op de markt! Handle with care! Beta-alanine (CarnoSyn®), arginine AKG, citruline malate, taurine, hydrolysed casein (PeptoPro®), glucuronolactone, L-ascorbic acid, sodium bicarbonate, magnesium phosphate, flavour, caffei",,apparel,#1A1A1A
dames-borstbeschermer-zwart-met-uitneembare-padding,Dames Borstbeschermer – Zwart met uitneembare padding,"<h2 data-start=""102"" data-end=""158"">Dames Borstbeschermer – Zwart met uitneembare padding</h2> <p data-start=""160"" data-end=""399"">De <strong data-start=""163"" data-end=""188"">dames borstbeschermer</strong> in stijlvol zwart biedt optimale bescherming tijdens <strong data-start=""242"" data-end=""292"">kickboksen, boksen en ander vechtsporttraining</strong>. Speciaal ontworpen voor vrouwen, beschermt hij gevoelige zones zonder je bewegingsvrijheid te beperken.</p> <p data-start=""401"" data-end=""693"">De <strong data-start=""404"" data-end=""427"">uitneembare padding</strong> maakt individuele aanpassing mogelijk: extra bescherming bij intensieve trainingen of een lichter gewicht voor minder intensieve sessies. Het ergonomische ontwerp, het robuuste materiaal en het ademende binnenmateriaal zorgen voor maximaal comfort en stabiliteit.</p> <h3 data-start=""695"" data-end=""708"">Kenmerken</h3> <ul data-start=""710"" data-end=""957""> <li data-start=""710"" data-end=""749""> <p data-start=""712"" data-end=""749"">Speciaal ontworpen voor <strong data-start=""736"" data-end=""747"">vrouwen</strong></p> </li> <li data-start=""750"" data-end=""804""> <p data-start=""752"" data-end=""804""><strong data-start=""752"" data-end=""775"">Uitneembare padding</strong> voor flexibele bescherming</p> </li> <li data-start=""805"" data-end=""861""> <p data-start=""807"" data-end=""861"">Ergonomische pasvorm voor maximale bewegingsvrijheid</p> </li> <li data-start=""862"" data-end=""903""> <p data-start=""864"" data-end=""903"">Elegant zwart, <strong data-start=""879"" data-end=""901"">stijlvol en stevig</strong></p> </li> <li data-start=""904"" data-end=""957""> <p data-start=""906"" data-end=""957"">Perfect voor <strong data-start=""919"" data-end=""955"">kickboksen, boksen en vechtsport</strong></p> </li> </ul> <p data-start=""959"" data-end=""1032"">Train veilig, zelfverzekerd en comfortabel – ideaal voor elke training.</p>",Fightpro,Bescherming,"Bescherming, Fightpro",TRUE,Maat,L,,shopify,10,deny,manual,44.95,,TRUE,TRUE,https://www.fightpro.nl/wp-content/uploads/2026/03/Fightpro-Damen-Brustschutz-boxen.jpg,1,Fightpro Dames Borstbeschermer – Zwart met uitneembare padding,active,Dames Borstbeschermer – Zwart met uitneembare padding,,shield,#1A1200
dames-borstbeschermer-zwart-met-uitneembare-padding,,,,,,,Maat,M,,shopify,10,deny,manual,44.95,,TRUE,TRUE,,,,active,,,,
dames-borstbeschermer-zwart-met-uitneembare-padding,,,,,,,Maat,S,,shopify,10,deny,manual,44.95,,TRUE,TRUE,,,,active,,,,
dames-borstbeschermer-zwart-met-uitneembare-padding,,,,,,,,,,,,,,,,,,https://www.fightpro.nl/wp-content/uploads/2026/03/Fightpro-Damen-Brustschutz-boxen-2.jpg,2,Fightpro Dames Borstbeschermer – Zwart met uitneembare padding,,,,,
fightpro-bjj-elite-gi-black-350-grams,Fightpro BJJ Elite GI BLACK 350 grams,"<h2 data-start=""125"" data-end=""143"">BJJ Gi FightPro</h2> <p data-start=""145"" data-end=""394""><strong data-start=""145"" data-end=""182"">Lichtgewicht. Duurzaam. Stijlvol.</strong><br data-start=""182"" data-end=""185"" />Onze hoogwaardige FightPro BJJ-Gi van 350g Pearl Weave katoen biedt de perfecte balans tussen comfort, bewegingsvrijheid en langdurige stabiliteit. Ideaal voor intensieve trainingen en veeleisende wedstrijden.</p> <p data-start=""396"" data-end=""654"">Het elegante zwarte design, gecombineerd met nauwkeurige afwerking en opvallende borduursels, maakt deze Gi een echte eyecatcher op de mat. Elke naad, elk detail en elke snit is ontworpen voor vechters die niet alleen willen trainen, maar willen domineren.</p> <p data-start=""656"" data-end=""735""><strong data-start=""656"" data-end=""700"">Inclusief gratis witte band (White Belt)</strong> – zodat je direct kunt beginnen.</p> <p data-start=""737"" data-end=""838"">Geschikt voor zowel beginners als ervaren atleten: deze Gi levert de prestaties die jij nodig hebt.</p> <h3 data-start=""845"" data-end=""873"">Maatgids FightPro BJJ-Gi</h3> <div class=""TyagGW_tableContainer""> <div class=""group TyagGW_tableWrapper flex flex-col-reverse w-fit""> <table class=""w-fit min-w-(--thread-content-width)"" data-start=""875"" data-end=""1400""> <thead data-start=""875"" data-end=""934""> <tr data-start=""875"" data-end=""934""> <th class="""" data-start=""875"" data-end=""882"" data-col-size=""sm"">Maat</th> <th class="""" data-start=""882"" data-end=""901"" data-col-size=""sm"">Lengte gebruiker</th> <th class="""" data-start=""901"" data-end=""921"" data-col-size=""sm"">Gewicht gebruiker</th> <th class="""" data-start=""921"" data-end=""934"" data-col-size=""md"">Opmerking</th> </tr> </thead> <tbody data-start=""991"" data-end=""1400""> <tr data-start=""991"" data-end=""1074""> <td data-start=""991"" data-end=""998"" data-col-size=""sm"">A0</td> <td data-col-size=""sm"" data-start=""998"" data-end=""1016"">150–160 cm</td> <td data-col-size=""sm"" data-start=""1016"" data-end=""1034"">45–55 kg</td> <td data-col-size=""md"" data-start=""1034"" data-end=""1074"">Voor kleinere volwassenen en tieners</td> </tr> <tr data-start=""1075"" data-end=""1168""> <td data-start=""1075"" data-end=""1082"" data-col-size=""sm"">A1</td> <td data-col-size=""sm"" data-start=""1082"" data-end=""1100"">160–170 cm</td> <td data-col-size=""sm"" data-start=""1100"" data-end=""1118"">55–70 kg</td> <td data-col-size=""md"" data-start=""1118"" data-end=""1168"">Meest gekozen maat voor gemiddelde volwassenen</td> </tr> <tr data-start=""1169"" data-end=""1247""> <td data-start=""1169"" data-end=""1176"" data-col-size=""sm"">A2</td> <td data-col-size=""sm"" data-start=""1176"" data-end=""1194"">170–180 cm</td> <td data-col-size=""sm"" data-start=""1194"" data-end=""1212"">70–85 kg</td> <td data-col-size=""md"" data-start=""1212"" data-end=""1247"">Standaard maat voor volwassenen</td> </tr> <tr data-start=""1248"" data-end=""1328""> <td data-start=""1248"" data-end=""1255"" data-col-size=""sm"">A3</td> <td data-start=""1255"" data-end=""1273"" data-col-size=""sm"">180–190 cm</td> <td data-col-size=""sm"" data-start=""1273"" data-end=""1291"">85–100 kg</td> <td data-col-size=""md"" data-start=""1291"" data-end=""1328"">Voor langere of zwaardere atleten</td> </tr> <tr data-start=""1329"" data-end=""1400""> <td data-start=""1329"" data-end=""1336"" data-col-size=""sm"">A4</td> <td data-col-size=""sm"" data-start=""1336"" data-end=""1354"">190–200 cm</td> <td data-col-size=""sm"" data-start=""1354"" data-end=""1372"">100–120 kg</td> <td data-col-size=""md"" data-start=""1372"" data-end=""1400"">Extra lange en grote fit</td> </tr> </tbody> </table> </div> </div> <p data-start=""1402"" data-end=""1553""><strong data-start=""1402"" data-end=""1410"">Tip:</strong> Kies altijd een Gi die je iets ruimte geeft voor beweging, maar niet te los zit. De Pearl Weave stof kan na de eerste wasbeurt iets krimpen.</p>",Fightpro,BJJ,"BJJ, Fightpro, Kleding",TRUE,,Default Title,,shopify,10,deny,manual,99.95,,TRUE,TRUE,https://www.fightpro.nl/wp-content/uploads/2026/03/Fightpro-Brazilian-Jiu-Jitsu-BJJ-GI-350-gr-Schwarz.jpg,1,Fightpro BJJ Elite GI BLACK 350 grams,active,Fightpro BJJ Elite GI BLACK 350 grams,,apparel,#1A1200
fightpro-bjj-elite-gi-black-350-grams,,,,,,,,,,,,,,,,,,https://www.fightpro.nl/wp-content/uploads/2026/03/Fightpro-Brazilian-Jiu-Jitsu-BJJ-GI-350-gr-Schwarz-2.jpg,2,Fightpro BJJ Elite GI BLACK 350 grams,,,,,
fightpro-bjj-elite-gi-black-350-grams,,,,,,,,,,,,,,,,,,https://www.fightpro.nl/wp-content/uploads/2026/03/Fightpro-Brazilian-Jiu-Jitsu-BJJ-GI-350-gr-Schwarz-3.jpg,3,Fightpro BJJ Elite GI BLACK 350 grams,,,,,
fightpro-bjj-elite-gi-black-350-grams,,,,,,,,,,,,,,,,,,https://www.fightpro.nl/wp-content/uploads/2026/03/Fightpro-Brazilian-Jiu-Jitsu-BJJ-GI-350-gr-Schwarz-4.jpg,4,Fightpro BJJ Elite GI BLACK 350 grams,,,,,
fightpro-bjj-elite-gi-black-350-grams,,,,,,,,,,,,,,,,,,https://www.fightpro.nl/wp-content/uploads/2026/03/Fightpro-Brazilian-Jiu-Jitsu-BJJ-GI-350-gr-Schwarz-5.jpg,5,Fightpro BJJ Elite GI BLACK 350 grams,,,,,
fightpro-binnenhandschoenen-bandages,Fightpro Binnenhandschoenen bandages,"<h2 data-start=""130"" data-end=""172"">Fightpro Mesh Binnenhandschoenen</h2> <p data-start=""174"" data-end=""400"">Bescherm je handen en polsen tijdens het trainen! De <strong data-start=""227"" data-end=""258"">OYA Mesh binnenhandschoenen</strong> voorkomen blessures aan knokkels en polsen die kunnen ontstaan door verkeerd bandageren of het gebruik van minderwaardige bokshandschoenen.</p> <p data-start=""402"" data-end=""710"">Het ademende <strong data-start=""415"" data-end=""433"">mesh-materiaal</strong> zorgt ervoor dat je handen tijdens de training goed geventileerd blijven en niet bekneld raken. Dankzij de <strong data-start=""541"" data-end=""565"">extra 100 cm bandage</strong> kunnen de polsen extra worden ondersteund, voor een stabiele en veilige training – of je nu werkt op de <strong data-start=""670"" data-end=""707"">bokszak, pads of tijdens sparring</strong>.</p> <h3 data-start=""712"" data-end=""725"">Kenmerken</h3> <ul data-start=""727"" data-end=""968""> <li data-start=""727"" data-end=""769""> <p data-start=""729"" data-end=""769"">Bescherming van <strong data-start=""745"" data-end=""767"">knokkels en polsen</strong></p> </li> <li data-start=""770"" data-end=""817""> <p data-start=""772"" data-end=""817""><strong data-start=""772"" data-end=""788"">Ademend mesh</strong> voor optimaal draagcomfort</p> </li> <li data-start=""818"" data-end=""867""> <p data-start=""820"" data-end=""867"">Inclusief <strong data-start=""830"" data-end=""848"">100 cm bandage</strong> voor extra steun</p> </li> <li data-start=""868"" data-end=""915""> <p data-start=""870"" data-end=""915""><strong data-start=""870"" data-end=""894"">SKT High-Density Gel</strong> voor extra demping</p> </li> <li data-start=""916"" data-end=""968""> <p data-start=""918"" data-end=""968""><strong data-start=""918"" data-end=""936"">Machinewasbaar</strong> en eenvoudig schoon te houden</p> </li> </ul> <p data-start=""970"" data-end=""1094"">Perfect voor <strong data-start=""983"" data-end=""1026"">boksen, kickboksen en alle vechtsporten</strong> waarbij veiligheid, comfort en bewegingsvrijheid essentieel zijn.</p>",Fightpro,Bandages,"Bandages, Bescherming, Fightpro",TRUE,Maat,L,,shopify,10,deny,manual,15.95,,TRUE,TRUE,https://www.fightpro.nl/wp-content/uploads/2026/03/FIGHTPRO-innenhandschuhe-bandagen.jpg,1,Fightpro Binnenhandschoenen bandages,active,Fightpro Binnenhandschoenen bandages,,shield,#1A1200
fightpro-binnenhandschoenen-bandages,,,,,,,Maat,M,,shopify,10,deny,manual,15.95,,TRUE,TRUE,,,,active,,,,
fightpro-binnenhandschoenen-bandages,,,,,,,Maat,S,,shopify,10,deny,manual,15.95,,TRUE,TRUE,,,,active,,,,
fightpro-binnenhandschoenen-bandages,,,,,,,,,,,,,,,,,,https://www.fightpro.nl/wp-content/uploads/2026/03/FIGHTPRO-innenhandschuhe-bandagen-2.jpg,2,Fightpro Binnenhandschoenen bandages,,,,,
fightpro-binnenhandschoenen-bandages,,,,,,,,,,,,,,,,,,https://www.fightpro.nl/wp-content/uploads/2026/03/FIGHTPRO-innenhandschuhe-bandagen-3.jpg,3,Fightpro Binnenhandschoenen bandages,,,,,
fightpro-bandages-250-350-450-cm,Fightpro Bandages 250 – 350 – 450 cm,"<h2 data-start=""91"" data-end=""141"">Fightpro Bandages – Duurzaam, sterk en vormvast</h2> <p data-start=""143"" data-end=""359"">De <strong data-start=""146"" data-end=""167"">Fightpro bandages</strong> zijn ontwikkeld voor sporters die hun handen en polsen optimaal willen beschermen tijdens trainingen. Ze bieden stevige ondersteuning bij <strong data-start=""306"" data-end=""358"">boksen, kickboksen, Muay Thai en bokszaktraining</strong>.</p> <p data-start=""361"" data-end=""615"">Dankzij het duurzame materiaal blijven de bandages <strong data-start=""412"" data-end=""466"">mooi in vorm, zelfs na het wassen in de wasmachine</strong>. In tegenstelling tot veel andere bandages gaan ze niet snel kreukelen of vervormen, waardoor ze makkelijk opnieuw te wikkelen zijn en lang meegaan.</p> <p data-start=""617"" data-end=""768"">De bandages zijn uitgevoerd in <strong data-start=""648"" data-end=""657"">zwart</strong> en combineren een professionele uitstraling met hoge functionaliteit. Ideaal voor intensief gebruik in de gym.</p> <p data-start=""770"" data-end=""883"">Verkrijgbaar in de lengtes <strong data-start=""797"" data-end=""825"">250 cm, 350 cm en 450 cm</strong>, zodat iedere sporter de juiste ondersteuning kan kiezen.</p> <h3 data-start=""885"" data-end=""898"">Kenmerken</h3> <ul data-start=""900"" data-end=""1168""> <li data-start=""900"" data-end=""933""> <p data-start=""902"" data-end=""933""><strong data-start=""902"" data-end=""933"">Sterke en duurzame bandages</strong></p> </li> <li data-start=""934"" data-end=""983""> <p data-start=""936"" data-end=""983"">Blijven <strong data-start=""944"" data-end=""983"">vormvast na wassen in de wasmachine</strong></p> </li> <li data-start=""984"" data-end=""1031""> <p data-start=""986"" data-end=""1031"">Goede ondersteuning voor <strong data-start=""1011"" data-end=""1031"">handen en polsen</strong></p> </li> <li data-start=""1032"" data-end=""1083""> <p data-start=""1034"" data-end=""1083"">Geschikt voor <strong data-start=""1048"" data-end=""1083"">boksen, kickboksen en Muay Thai</strong></p> </li> <li data-start=""1084"" data-end=""1130""> <p data-start=""1086"" data-end=""1130"">Verkrijgbaar in <strong data-start=""1102"" data-end=""1130"">250 cm, 350 cm en 450 cm</strong></p> </li> <li data-start=""1131"" data-end=""1168""> <p data-start=""1133"" data-end=""1168"">Professionele <strong data-start=""1147"" data-end=""1168"">zwarte uitvoering</strong></p> </li> </ul> <p data-start=""1170"" data-end=""1306"" data-is-last-node="""" data-is-only-node="""">De <strong data-start=""1173"" data-end=""1194"">Fightpro bandages</strong> zijn een betrouwbare keuze voor sporters die kwaliteit en duurzaamheid belangrijk vinden tijdens elke training.</p>",Fightpro,Bandages,"Bandages, Bescherming, Fightpro",TRUE,,Default Title,,shopify,10,deny,manual,9.95,,TRUE,TRUE,https://www.fightpro.nl/wp-content/uploads/2026/03/Fightpro-BoxBandagen-Elite-350-cm-Schwarz.jpg,1,Fightpro Bandages 250 – 350 – 450 cm,active,"FDe beste bandages in Nederland, blijven in vorm na de wasmachine en extreem duurzaam",,shield,#1A1200
fightpro-bandages-250-350-450-cm,,,,,,,,,,,,,,,,,,https://www.fightpro.nl/wp-content/uploads/2026/03/Fightpro-BoxBandagen-Elite-250-cm-Schwarz.jpg,2,Fightpro Bandages 250 – 350 – 450 cm,,,,,
fightpro-bandages-250-350-450-cm,,,,,,,,,,,,,,,,,,https://www.fightpro.nl/wp-content/uploads/2026/03/Fightpro-BoxBandagen-Elite-450-cm-Schwarz.jpg,3,Fightpro Bandages 250 – 350 – 450 cm,,,,,
fightpro-scheenbeschermers-impact,Fightpro scheenbeschermers IMPACT,"<h2 data-start=""110"" data-end=""156"">Fightpro IMPACT Scheenbeschermers – Skintex</h2> <p data-start=""158"" data-end=""411"">De <strong data-start=""161"" data-end=""198"">Fightpro IMPACT scheenbeschermers</strong> zijn ontworpen voor intensieve trainingen in <strong data-start=""244"" data-end=""292"">kickboksen, Muay Thai en andere vechtsporten</strong>. Dankzij het sterke <strong data-start=""313"" data-end=""334"">Skintex materiaal</strong> combineren deze scheenbeschermers duurzaamheid met een comfortabele pasvorm.</p> <p data-start=""413"" data-end=""669"">De meerlaagse padding zorgt voor een <strong data-start=""450"" data-end=""474"">goede schokabsorptie</strong>, waardoor schenen en wreef optimaal beschermd worden tijdens sparring en training. Door de ergonomische vorm sluiten de scheenbeschermers goed aan op het been en blijven ze stevig op hun plaats.</p> <p data-start=""671"" data-end=""826"">De <strong data-start=""674"" data-end=""717"">zwarte uitvoering met wit Fightpro-logo</strong> geeft de IMPACT scheenbeschermers een krachtige en professionele uitstraling die perfect past in iedere gym.</p> <h3 data-start=""828"" data-end=""841"">Kenmerken</h3> <ul data-start=""843"" data-end=""1062""> <li data-start=""843"" data-end=""877""> <p data-start=""845"" data-end=""877"">Gemaakt van <strong data-start=""857"" data-end=""877"">duurzaam Skintex</strong></p> </li> <li data-start=""878"" data-end=""924""> <p data-start=""880"" data-end=""924""><strong data-start=""880"" data-end=""898"">Sterke padding</strong> voor optimale bescherming</p> </li> <li data-start=""925"" data-end=""967""> <p data-start=""927"" data-end=""967"">Comfortabele en <strong data-start=""943"" data-end=""967"">ergonomische pasvorm</strong></p> </li> <li data-start=""968"" data-end=""1021""> <p data-start=""970"" data-end=""1021"">Geschikt voor <strong data-start=""984"" data-end=""1021"">kickboksen, Muay Thai en sparring</strong></p> </li> <li data-start=""1022"" data-end=""1062""> <p data-start=""1024"" data-end=""1062"">Zwart design met <strong data-start=""1041"" data-end=""1062"">wit Fightpro logo</strong></p> </li> </ul> <p data-start=""1064"" data-end=""1215"">De <strong data-start=""1067"" data-end=""1104"">Fightpro IMPACT scheenbeschermers</strong> zijn een betrouwbare keuze voor sporters die kwaliteit, bescherming en comfort zoeken tijdens elke training.</p>",Fightpro,Scheenbeschermers,"Bescherming, Bestsellers!, Fightpro, Scheenbeschermers, Bestseller",TRUE,,Default Title,,shopify,10,deny,manual,74.95,,TRUE,TRUE,https://www.fightpro.nl/wp-content/uploads/2026/03/fightpro-Schienbeinschutz-Impact-Skintex-1.jpg,1,Fightpro scheenbeschermers IMPACT,active,Fightpro scheenbeschermers IMPACT. Meerdere maten!,Bestseller,shield,#1A1200
fightpro-scheenbeschermers-impact,,,,,,,,,,,,,,,,,,https://www.fightpro.nl/wp-content/uploads/2026/03/fightpro-Schienbeinschutz-Impact-Skintex.jpg,2,Fightpro scheenbeschermers IMPACT,,,,,
fightpro-scheenbeschermers-impact,,,,,,,,,,,,,,,,,,https://www.fightpro.nl/wp-content/uploads/2026/03/fightpro-Schienbeinschutz-Impact-Skintex-2.jpg,3,Fightpro scheenbeschermers IMPACT,,,,,
fightpro-scheenbeschermers-impact,,,,,,,,,,,,,,,,,,https://www.fightpro.nl/wp-content/uploads/2026/03/fightpro-Schienbeinschutz-Impact-Skintex-3.jpg,4,Fightpro scheenbeschermers IMPACT,,,,,
fightpro-scheenbeschermers-impact,,,,,,,,,,,,,,,,,,https://www.fightpro.nl/wp-content/uploads/2026/03/fightpro-Schienbeinschutz-Impact-Skintex-4.jpg,5,Fightpro scheenbeschermers IMPACT,,,,,
fightpro-silentbands-geruisloze-bokszakophanging,Fightpro SilentBands – Geruisloze bokszakophanging,"<h2 data-start=""121"" data-end=""191"">SilentBands – Geruisloze en sterke spanbanden voor bokszakophanging</h2> <p data-start=""193"" data-end=""458"">De <strong data-start=""196"" data-end=""222"">SilentBands spanbanden</strong> zijn speciaal ontwikkeld als alternatief voor traditionele kettingen bij het ophangen van een bokszak. Kettingen kunnen tijdens het trainen veel geluid maken. Met deze spanbanden wordt de bokszak <strong data-start=""419"" data-end=""447"">stil, stevig en duurzaam</strong> bevestigd.</p> <p data-start=""460"" data-end=""742"">De SilentBands zijn gemaakt van sterke materialen en ontworpen om <strong data-start=""526"" data-end=""544"">hoge belasting</strong> aan te kunnen, ook bij intensieve bokstraining of dagelijks gebruik. Door hun robuuste constructie en betrouwbaarheid worden ze inmiddels in verschillende sportscholen en trainingsruimtes gebruikt.</p> <p data-start=""744"" data-end=""871"">Dankzij het flexibele materiaal ontstaat er minder metaal-op-metaal geluid, wat zorgt voor een <strong data-start=""839"" data-end=""870"">rustigere trainingsomgeving</strong>.</p> <p data-start=""873"" data-end=""961""><strong data-start=""873"" data-end=""884"">Let op:</strong> Karabijnhaken worden niet meegeleverd en dienen apart te worden aangeschaft.</p> <h3 data-start=""963"" data-end=""976"">Kenmerken</h3> <ul data-start=""978"" data-end=""1202""> <li data-start=""978"" data-end=""1029""> <p data-start=""980"" data-end=""1029"">Ontwikkeld voor het <strong data-start=""1000"" data-end=""1027"">ophangen van bokszakken</strong></p> </li> <li data-start=""1030"" data-end=""1075""> <p data-start=""1032"" data-end=""1075""><strong data-start=""1032"" data-end=""1058"">Geruisloos alternatief</strong> voor kettingen</p> </li> <li data-start=""1076"" data-end=""1110""> <p data-start=""1078"" data-end=""1110"">Sterke en duurzame constructie</p> </li> <li data-start=""1111"" data-end=""1146""> <p data-start=""1113"" data-end=""1146"">Geschikt voor intensief gebruik</p> </li> <li data-start=""1147"" data-end=""1202""> <p data-start=""1149"" data-end=""1202"">Ideaal voor <strong data-start=""1161"" data-end=""1202"">boksen, kickboksen en bokszaktraining</strong></p> </li> </ul>",Fightpro,Bestsellers!,"Bestsellers!, Bokszakken, Diversen, Fightpro, Bestseller",TRUE,,Default Title,,shopify,10,deny,manual,14.95,,TRUE,TRUE,https://www.fightpro.nl/wp-content/uploads/2026/03/FIGHTPRO-Boxsack-Aufhangung-silent-bands.jpg,1,Fightpro SilentBands – Geruisloze bokszakophanging,active,Fightpro SilentBands – Geruisloze bokszakophanging,Bestseller,bag,#1A1200
fightpro-silentbands-geruisloze-bokszakophanging,,,,,,,,,,,,,,,,,,https://www.fightpro.nl/wp-content/uploads/2026/03/FIGHTPRO-Boxsack-Aufhangung-silent-bands-1.jpg,2,Fightpro SilentBands – Geruisloze bokszakophanging,,,,,
fightpro-silentbands-geruisloze-bokszakophanging,,,,,,,,,,,,,,,,,,https://www.fightpro.nl/wp-content/uploads/2026/03/FIGHTPRO-Boxsack-Aufhangung-silent-bands-2.jpg,3,Fightpro SilentBands – Geruisloze bokszakophanging,,,,,
fightpro-kickbokshandschoenen-12rounds-leer,Fightpro kickbokshandschoenen 12Rounds leer,"<h2 data-start=""160"" data-end=""227"">12 Rounds Leren Bokshandschoenen – Echt leer voor slechts €59,95</h2> <p data-start=""229"" data-end=""487"">De <strong data-start=""232"" data-end=""268"">12 Rounds leren bokshandschoenen</strong> staan voor discipline, doorzettingsvermogen en echt trainen in de gym. Geïnspireerd door het klassieke <strong data-start=""372"" data-end=""419"">12-ronden kampioenschapsidee uit het boksen</strong>, ontwikkeld voor sporters die techniek en kracht willen combineren.</p> <p data-start=""489"" data-end=""736"">Gemaakt van <strong data-start=""501"" data-end=""519"">100% echt leer</strong> bieden deze bokshandschoenen een kwaliteit die je in deze prijsklasse zelden ziet. Met een prijs van <strong data-start=""621"" data-end=""639"">slechts €59,95</strong> zijn ze een uitstekende keuze voor ambitieuze beginners, fanatieke sporters en ervaren vechters.</p> <p data-start=""738"" data-end=""971"">De ergonomische vorm ondersteunt een <strong data-start=""775"" data-end=""803"">natuurlijke vuistpositie</strong> en helpt bij een gecontroleerde en krachtige stoot. Daardoor zijn de handschoenen perfect geschikt voor <strong data-start=""908"" data-end=""970"">bokstraining, kickboksen, bokszaktraining, pads en sparren</strong>.</p> <h3 data-start=""973"" data-end=""1020"">Voordelen van de 12 Rounds bokshandschoenen</h3> <p data-start=""1022"" data-end=""1244"">✔ Gemaakt van <strong data-start=""1036"" data-end=""1049"">echt leer</strong><br data-start=""1049"" data-end=""1052"" />✔ Slechts <strong data-start=""1062"" data-end=""1072"">€59,95</strong><br data-start=""1072"" data-end=""1075"" />✔ Geschikt voor <strong data-start=""1091"" data-end=""1115"">boksen en kickboksen</strong><br data-start=""1115"" data-end=""1118"" />✔ Goede schokabsorptie<br data-start=""1140"" data-end=""1143"" />✔ <strong data-start=""1145"" data-end=""1176"">Stevige klittenbandsluiting</strong> voor extra polsstabiliteit<br data-start=""1203"" data-end=""1206"" />✔ Sterke <strong data-start=""1215"" data-end=""1244"">prijs-kwaliteitverhouding</strong></p> <p data-start=""1246"" data-end=""1430"">Of je nu werkt aan klassieke bokscombinaties of intensieve kickbokstraining doet – de <strong data-start=""1332"" data-end=""1368"">12 Rounds leren bokshandschoenen</strong> zijn gemaakt voor sporters met een echte vechtersmentaliteit.</p> <p data-start=""1432"" data-end=""1481""><strong data-start=""1432"" data-end=""1478"">Train elke ronde alsof het de twaalfde is.</strong></p>",Fightpro,Kickbokshandschoenen leer,"Bestsellers!, Fightpro, Handschoenen, Kickbokshandschoenen leer, Bestseller",TRUE,Maat,10 oz,,shopify,10,deny,manual,59.95,,TRUE,TRUE,https://www.fightpro.nl/wp-content/uploads/2026/03/FIGHTPRO-boxhandschuhe-12rounds-Leder.jpg,1,Fightpro kickbokshandschoenen 12Rounds leer,active,De &#8220;Fightpro de Luxe&#8221; black-on-black bokshandschoen staat bekend om de goede polsbescherming en zit erg aangenaam.,Bestseller,glove,#1A1200
fightpro-kickbokshandschoenen-12rounds-leer,,,,,,,Maat,12 oz,,shopify,10,deny,manual,59.95,,TRUE,TRUE,,,,active,,,,
fightpro-kickbokshandschoenen-12rounds-leer,,,,,,,Maat,14 oz,,shopify,10,deny,manual,59.95,,TRUE,TRUE,,,,active,,,,
fightpro-kickbokshandschoenen-12rounds-leer,,,,,,,Maat,16 oz,,shopify,10,deny,manual,59.95,,TRUE,TRUE,,,,active,,,,
fightpro-kickbokshandschoenen-12rounds-leer,,,,,,,Maat,4 oz,,shopify,10,deny,manual,59.95,,TRUE,TRUE,,,,active,,,,
fightpro-kickbokshandschoenen-12rounds-leer,,,,,,,Maat,6 oz,,shopify,10,deny,manual,59.95,,TRUE,TRUE,,,,active,,,,
fightpro-kickbokshandschoenen-12rounds-leer,,,,,,,Maat,8 oz,,shopify,10,deny,manual,59.95,,TRUE,TRUE,,,,active,,,,
fightpro-kickbokshandschoenen-12rounds-leer,,,,,,,,,,,,,,,,,,https://www.fightpro.nl/wp-content/uploads/2026/03/FIGHTPRO-boxhandschuhe-12rounds-Leder-1.jpg,2,Fightpro kickbokshandschoenen 12Rounds leer,,,,,
fightpro-kickbokshandschoenen-12rounds-leer,,,,,,,,,,,,,,,,,,https://www.fightpro.nl/wp-content/uploads/2026/03/FIGHTPRO-boxhandschuhe-12rounds-Leder-2.jpg,3,Fightpro kickbokshandschoenen 12Rounds leer,,,,,
fightpro-kickbokshandschoenen-12rounds-leer,,,,,,,,,,,,,,,,,,https://www.fightpro.nl/wp-content/uploads/2026/03/FIGHTPRO-boxhandschuhe-12rounds-Leder-3.jpg,4,Fightpro kickbokshandschoenen 12Rounds leer,,,,,
fightpro-kickbokshandschoenen-titan-top-kwaliteit-leer-zwart-wit,Fightpro kickbokshandschoenen TITAN Top kwaliteit leer Zwart/Wit,"<h2 data-start=""165"" data-end=""243"">TITAN Leren Bokshandschoenen – Professionele kwaliteit voor serieus trainen, ook voor boksers</h2> <p data-start=""245"" data-end=""542"">De <strong data-start=""248"" data-end=""280"">TITAN leren bokshandschoenen</strong> staan voor betrouwbare kwaliteit en een professionele uitstraling. Gemaakt van <strong data-start=""360"" data-end=""385"">hoogwaardig echt leer</strong>, bieden deze handschoenen uitstekende duurzaamheid, stabiliteit en een comfortabele pasvorm – precies wat sporters verwachten tijdens intensieve trainingen.</p> <p data-start=""544"" data-end=""788"">De ergonomische vorm ondersteunt een <strong data-start=""581"" data-end=""609"">natuurlijke vuistpositie</strong>, terwijl de <strong data-start=""622"" data-end=""645"">meervoudige padding</strong> zorgt voor goede schokabsorptie. Hierdoor zijn de handschoenen perfect geschikt voor <strong data-start=""731"" data-end=""787"">bokstraining, kickboksen, sparren en bokszaktraining</strong>.</p> <p data-start=""790"" data-end=""932"">Dit model wordt veel gebruikt tijdens intensieve trainingen en staat bekend om zijn <strong data-start=""874"" data-end=""914"">sterke afwerking en lange levensduur</strong> – ronde na ronde.</p> <h3 data-start=""934"" data-end=""947"">Voordelen</h3> <ul data-start=""949"" data-end=""1132""> <li data-start=""949"" data-end=""981""> <p data-start=""951"" data-end=""981"">Gemaakt van <strong data-start=""963"" data-end=""981"">100% echt leer</strong></p> </li> <li data-start=""982"" data-end=""1020""> <p data-start=""984"" data-end=""1020""><strong data-start=""984"" data-end=""1020"">Comfortabele en stabiele pasvorm</strong></p> <ul data-start=""949"" data-end=""1132""> <li data-start=""1021"" data-end=""1058""> <p data-start=""1023"" data-end=""1058""><strong data-start=""1023"" data-end=""1058"">Goede ondersteuning van de pols</strong></p> </li> </ul> </li> <li data-start=""1059"" data-end=""1099""> <p data-start=""1061"" data-end=""1099"">Geschikt voor <strong data-start=""1075"" data-end=""1099"">boksen en kickboksen</strong></p> </li> <li data-start=""1100"" data-end=""1132""> <p data-start=""1102"" data-end=""1132"">Duurzame en robuuste afwerking</p> </li> </ul> <p data-start=""1134"" data-end=""1257"">De <strong data-start=""1137"" data-end=""1163"">TITAN bokshandschoenen</strong> zijn gemaakt voor sporters die tijdens hun training kiezen voor kwaliteit en betrouwbaarheid.</p>",Fightpro,Kickbokshandschoenen leer,"Bestsellers!, Fightpro, Handschoenen, Kickbokshandschoenen leer, Bestseller",TRUE,Maat,10 oz,,shopify,10,deny,manual,109.95,,TRUE,TRUE,https://www.fightpro.nl/wp-content/uploads/2025/10/FIGHTPRO-boxhandschuhe-titan-black-white.jpg,1,Fightpro kickbokshandschoenen TITAN Top kwaliteit leer Zwart/Wit,active,De &#8220;Fightpro TITAN&#8221; White-on-black bokshandschoen staat bekend om de goede polsbescherming en zit erg aangenaam.,Bestseller,glove,#1A1200
fightpro-kickbokshandschoenen-titan-top-kwaliteit-leer-zwart-wit,,,,,,,Maat,12 oz,,shopify,10,deny,manual,109.95,,TRUE,TRUE,,,,active,,,,
fightpro-kickbokshandschoenen-titan-top-kwaliteit-leer-zwart-wit,,,,,,,Maat,14 oz,,shopify,10,deny,manual,109.95,,TRUE,TRUE,,,,active,,,,
fightpro-kickbokshandschoenen-titan-top-kwaliteit-leer-zwart-wit,,,,,,,Maat,16 oz,,shopify,10,deny,manual,109.95,,TRUE,TRUE,,,,active,,,,
fightpro-kickbokshandschoenen-titan-top-kwaliteit-leer-zwart-wit,,,,,,,Maat,4 oz,,shopify,10,deny,manual,109.95,,TRUE,TRUE,,,,active,,,,
fightpro-kickbokshandschoenen-titan-top-kwaliteit-leer-zwart-wit,,,,,,,Maat,6 oz,,shopify,10,deny,manual,109.95,,TRUE,TRUE,,,,active,,,,
fightpro-kickbokshandschoenen-titan-top-kwaliteit-leer-zwart-wit,,,,,,,Maat,8 oz,,shopify,10,deny,manual,109.95,,TRUE,TRUE,,,,active,,,,
fightpro-kickbokshandschoenen-titan-top-kwaliteit-leer-zwart-wit,,,,,,,,,,,,,,,,,,https://www.fightpro.nl/wp-content/uploads/2025/10/FIGHTPRO-boxhandschuhe-kali-black-white-2.jpg,2,Fightpro kickbokshandschoenen TITAN Top kwaliteit leer Zwart/Wit,,,,,
fightpro-kickbokshandschoenen-titan-top-kwaliteit-leer-zwart-wit,,,,,,,,,,,,,,,,,,https://www.fightpro.nl/wp-content/uploads/2025/10/FIGHTPRO-boxhandschuhe-kali-black-white-3.jpg,3,Fightpro kickbokshandschoenen TITAN Top kwaliteit leer Zwart/Wit,,,,,
fightpro-kickbokshandschoenen-titan-top-kwaliteit-leer-zwart-wit,,,,,,,,,,,,,,,,,,https://www.fightpro.nl/wp-content/uploads/2025/10/FIGHTPRO-boxhandschuhe-kali-black-white-4.jpg,4,Fightpro kickbokshandschoenen TITAN Top kwaliteit leer Zwart/Wit,,,,,
fightpro-kickbokshandschoenen-titan-top-kwaliteit-leer-zwart-wit,,,,,,,,,,,,,,,,,,https://www.fightpro.nl/wp-content/uploads/2025/10/FIGHTPRO-boxhandschuhe-kali-black-white-5.jpg,5,Fightpro kickbokshandschoenen TITAN Top kwaliteit leer Zwart/Wit,,,,,
fightpro-t-rex-dino-bokshandschoenen-kids,Fightpro T-rex Dino bokshandschoenen kids LEGENDS,<p>LEGEND KIDS COLLECTION</p> <p>Fightpro T-rex bokshandschoenen kids</p>,Fightpro,Kickbokshandschoenen Kunststof,"Collecties, Fightpro, Handschoenen, Kickbokshandschoenen Kunststof, Kids fight, Legends Kids",TRUE,Maat,140,,shopify,10,deny,manual,44.95,,TRUE,TRUE,https://www.fightpro.nl/wp-content/uploads/2026/02/FIGHTPRO-boxhandschuhe-kinder-T-REX-Dino.jpg,1,Fightpro T-rex Dino bokshandschoenen kids LEGENDS,active,"Stoere T-rex Dino bokshandschoenen voor kids. Mooi te combineren met scheenbeschermers , shirt , broekje en tas van dezelfde lijn. verkrijgbaar in de maten: 4 oz 6oz 8 oz 10 oz",,apparel,#1A1200
fightpro-t-rex-dino-bokshandschoenen-kids,,,,,,,Maat,152,,shopify,10,deny,manual,44.95,,TRUE,TRUE,,,,active,,,,
fightpro-t-rex-dino-bokshandschoenen-kids,,,,,,,Maat,164,,shopify,10,deny,manual,44.95,,TRUE,TRUE,,,,active,,,,
fightpro-t-rex-dino-bokshandschoenen-kids,,,,,,,,,,,,,,,,,,https://www.fightpro.nl/wp-content/uploads/2026/02/FIGHTPRO-boxhandschuhe-kinder-T-REX-Dino-2.jpg,2,Fightpro T-rex Dino bokshandschoenen kids LEGENDS,,,,,
fightpro-t-rex-dino-bokshandschoenen-kids,,,,,,,,,,,,,,,,,,https://www.fightpro.nl/wp-content/uploads/2026/02/FIGHTPRO-boxhandschuhe-kinder-T-REX-Dino-3.jpg,3,Fightpro T-rex Dino bokshandschoenen kids LEGENDS,,,,,
fightpro-t-rex-dino-bokshandschoenen-kids,,,,,,,,,,,,,,,,,,https://www.fightpro.nl/wp-content/uploads/2026/02/FIGHTPRO-boxhandschuhe-kinder-T-REX-Dino-4.jpg,4,Fightpro T-rex Dino bokshandschoenen kids LEGENDS,,,,,
fightpro-t-rex-dino-scheenbeschermers-kids,Fightpro T-rex Dino scheenbeschermers kids LEGENDS,<p>LEGEND KIDS COLLECTION</p> <p>Fightpro T-rex scheenbeschermers kids</p>,Fightpro,Legends Kids,"Bescherming, Collecties, Fightpro, Kids fight, Legends Kids, Scheenbeschermers",TRUE,Maat,140,,shopify,10,deny,manual,39.95,,TRUE,TRUE,https://www.fightpro.nl/wp-content/uploads/2026/02/FIGHTPRO-schienbeinshutz-kinder-T-REX-Dino-3.jpg,1,Fightpro T-rex Dino scheenbeschermers kids LEGENDS,active,"Stoere T-rex Dino scheen beschermers voor kids. Mooi te combineren met handschoenen, shirt , broekje en tas van dezelfde lijn.",,shield,#1A1200
fightpro-t-rex-dino-scheenbeschermers-kids,,,,,,,Maat,152,,shopify,10,deny,manual,39.95,,TRUE,TRUE,,,,active,,,,
fightpro-t-rex-dino-scheenbeschermers-kids,,,,,,,Maat,164,,shopify,10,deny,manual,39.95,,TRUE,TRUE,,,,active,,,,
fightpro-t-rex-dino-scheenbeschermers-kids,,,,,,,,,,,,,,,,,,https://www.fightpro.nl/wp-content/uploads/2026/02/FIGHTPRO-schienbeinshutz-kinder-T-REX-Dino.jpg,2,Fightpro T-rex Dino scheenbeschermers kids LEGENDS,,,,,
fightpro-t-rex-dino-scheenbeschermers-kids,,,,,,,,,,,,,,,,,,https://www.fightpro.nl/wp-content/uploads/2026/02/FIGHTPRO-schienbeinshutz-kinder-T-REX-Dino-1.jpg,3,Fightpro T-rex Dino scheenbeschermers kids LEGENDS,,,,,
fightpro-t-rex-dino-sport-tas-kids,Fightpro T-rex Dino sport tas kids LEGENDS,<p>LEGEND KIDS COLLECTION</p> <p>Fightpro T-rex sport tas kids</p>,Fightpro,Legends Kids,"Collecties, Fightpro, Kids fight, Legends Kids, Sport tassen",TRUE,Maat,140,,shopify,10,deny,manual,39.95,,TRUE,TRUE,https://www.fightpro.nl/wp-content/uploads/2026/02/Sport-Tasche-T-REX-Dino.jpg,1,Fightpro T-rex Dino sport tas kids LEGENDS,active,"Stoere T-rex Dino sporttas voor kids. Mooi te combineren met handschoenen, shirt , broekje en scheenbeschermers van dezelfde lijn.",,bag,#1A1200
fightpro-t-rex-dino-sport-tas-kids,,,,,,,Maat,152,,shopify,10,deny,manual,39.95,,TRUE,TRUE,,,,active,,,,
fightpro-t-rex-dino-sport-tas-kids,,,,,,,Maat,164,,shopify,10,deny,manual,39.95,,TRUE,TRUE,,,,active,,,,
fightpro-t-rex-dino-sport-tas-kids,,,,,,,,,,,,,,,,,,https://www.fightpro.nl/wp-content/uploads/2026/02/Sport-Tasche-T-REX-Dino-2.jpg,2,Fightpro T-rex Dino sport tas kids LEGENDS,,,,,
fightpro-t-rex-dino-sport-tas-kids,,,,,,,,,,,,,,,,,,https://www.fightpro.nl/wp-content/uploads/2026/02/Sport-Tasche-T-REX-Dino-3.jpg,3,Fightpro T-rex Dino sport tas kids LEGENDS,,,,,
fightpro-t-rex-dino-sport-tas-kids,,,,,,,,,,,,,,,,,,https://www.fightpro.nl/wp-content/uploads/2026/02/Sport-Tasche-T-REX-Dino-4.jpg,4,Fightpro T-rex Dino sport tas kids LEGENDS,,,,,
fightpro-t-rex-dino-sport-tas-kids,,,,,,,,,,,,,,,,,,https://www.fightpro.nl/wp-content/uploads/2026/02/Sport-Tasche-T-REX-Dino-5.jpg,5,Fightpro T-rex Dino sport tas kids LEGENDS,,,,,
fightpro-t-rex-dino-short-broekje-kids,Fightpro T-rex Dino short / broekje kids LEGENDS,<p>LEGEND KIDS COLLECTION</p> <p>Fightpro T-rex short / kickboks broekje kids</p>,Fightpro,Broekjes,"Broekjes, Collecties, Fightpro, Kids fight, Kleding, Legends Kids",TRUE,Maat,140,,shopify,10,deny,manual,34.95,,TRUE,TRUE,https://www.fightpro.nl/wp-content/uploads/2026/02/FIGHTPRO-shorts-kickbox-hose-kinder-T-REX-Dino.jpg,1,Fightpro T-rex Dino short / broekje kids LEGENDS,active,"Stoer T-rex short ,kickboks broekje voor kids. Mooi te combineren met handschoenen, shirt , tas en scheenbeschermers van dezelfde lijn. te verkrijgen in de maten: XXS XS S M",,apparel,#1A1200
fightpro-t-rex-dino-short-broekje-kids,,,,,,,Maat,152,,shopify,10,deny,manual,34.95,,TRUE,TRUE,,,,active,,,,
fightpro-t-rex-dino-short-broekje-kids,,,,,,,Maat,164,,shopify,10,deny,manual,34.95,,TRUE,TRUE,,,,active,,,,
fightpro-t-rex-dino-short-broekje-kids,,,,,,,,,,,,,,,,,,https://www.fightpro.nl/wp-content/uploads/2026/02/FIGHTPRO-shorts-kickbox-hose-kinder-T-REX-Dino-2.jpg,2,Fightpro T-rex Dino short / broekje kids LEGENDS,,,,,
fightpro-t-rex-dino-short-broekje-kids,,,,,,,,,,,,,,,,,,https://www.fightpro.nl/wp-content/uploads/2026/02/FIGHTPRO-shorts-kickbox-hose-kinder-T-REX-Dino-3.jpg,3,Fightpro T-rex Dino short / broekje kids LEGENDS,,,,,
fightpro-t-rex-dino-short-broekje-kids,,,,,,,,,,,,,,,,,,https://www.fightpro.nl/wp-content/uploads/2026/02/FIGHTPRO-t-shirt-Short-kinder-T-REX-Dino-5.jpg,4,Fightpro T-rex Dino short / broekje kids LEGENDS,,,,,
fightpro-t-rex-shirt-kids,Fightpro T-rex shirt kids LEGENDS,<p>LEGEND KIDS COLLECTION</p> <p>Fightpro T-rex shirt kids</p>,Fightpro,Legends Kids,"Collecties, Fightpro, Kids fight, Kleding, Legends Kids, T-Shirts",TRUE,Maat,140,,shopify,10,deny,manual,29.95,,TRUE,TRUE,https://www.fightpro.nl/wp-content/uploads/2026/02/FIGHTPRO-t-shirt-kinder-T-REX-Dino.jpg,1,Fightpro T-rex shirt kids LEGENDS,active,"Stoer T-rex shirt voor kids. Mooi te combineren met handschoenen, broekje, tas en scheenbeschermers van dezelfdev lijn. te verkrijgen in de maten: 128 140 152 164",,apparel,#1A1200
fightpro-t-rex-shirt-kids,,,,,,,Maat,152,,shopify,10,deny,manual,29.95,,TRUE,TRUE,,,,active,,,,
fightpro-t-rex-shirt-kids,,,,,,,Maat,164,,shopify,10,deny,manual,29.95,,TRUE,TRUE,,,,active,,,,
fightpro-t-rex-shirt-kids,,,,,,,,,,,,,,,,,,https://www.fightpro.nl/wp-content/uploads/2026/02/FIGHTPRO-t-shirt-kinder-T-REX-Dino-2.jpg,2,Fightpro T-rex shirt kids LEGENDS,,,,,
fightpro-t-rex-shirt-kids,,,,,,,,,,,,,,,,,,https://www.fightpro.nl/wp-content/uploads/2026/02/FIGHTPRO-t-shirt-kinder-T-REX-Dino-3.jpg,3,Fightpro T-rex shirt kids LEGENDS,,,,,
fightpro-t-rex-shirt-kids,,,,,,,,,,,,,,,,,,https://www.fightpro.nl/wp-content/uploads/2026/02/FIGHTPRO-t-shirt-kinder-T-REX-Dino-4.jpg,4,Fightpro T-rex shirt kids LEGENDS,,,,,
fightpro-t-rex-shirt-kids,,,,,,,,,,,,,,,,,,https://www.fightpro.nl/wp-content/uploads/2026/02/FIGHTPRO-t-shirt-kinder-T-REX-Dino-5.jpg,5,Fightpro T-rex shirt kids LEGENDS,,,,,
fightpro-t-rex-shirt-kids,,,,,,,,,,,,,,,,,,https://www.fightpro.nl/wp-content/uploads/2026/02/FIGHTPRO-t-shirt-Short-kinder-T-REX-Dino-5.jpg,6,Fightpro T-rex shirt kids LEGENDS,,,,,
fightpro-sport-tape-voor-boksers-kickboksers-rood-blauw-zwart-wit-10m-x-38-cm,"Fightpro Sport Tape voor Boksers &#038; Kickboksers – Rood, Blauw, Zwart &#038; Wit 10m x 3,8 cm","<p data-start=""1265"" data-end=""1526""><strong data-start=""1265"" data-end=""1305"">Rode hoek of blauwe hoek? Jij kiest.</strong><br data-start=""1305"" data-end=""1308"" />Deze sport tape is gemaakt voor boksers en kickboksers die weten wat een hoek betekent.<br data-start=""1395"" data-end=""1398"" />Niet zomaar wit en saai, maar <strong data-start=""1428"" data-end=""1466"">rood en blauw – net als in de ring</strong>.<br data-start=""1467"" data-end=""1470"" />Daarnaast ook verkrijgbaar in <strong data-start=""1500"" data-end=""1525"">klassiek zwart en wit</strong>.</p> <p data-start=""1528"" data-end=""1747"">De tape biedt stevige ondersteuning voor handen, polsen en knokkels en blijft goed zitten tijdens intensieve trainingen en sparringssessies. Ideaal in combinatie met bandages of als extra fixatie onder bokshandschoenen.</p> <p data-start=""1749"" data-end=""1875"">✔ Sterke grip<br data-start=""1762"" data-end=""1765"" />✔ Makkelijk af te scheuren<br data-start=""1791"" data-end=""1794"" />✔ Geschikt voor boksen & kickboksen<br data-start=""1829"" data-end=""1832"" />✔ Voor training én wedstrijdvoorbereiding</p> <p data-start=""1877"" data-end=""1926""><strong data-start=""1877"" data-end=""1926"">Geen poespas. Gewoon fight gear met karakter.</strong></p> <p data-start=""1877"" data-end=""1926"">Bij groetere afname, speciale prijzen!</p>",Fightpro,Tape,"Fightpro, Tape",TRUE,,Default Title,,shopify,10,deny,manual,3.50,,TRUE,TRUE,https://www.fightpro.nl/wp-content/uploads/2026/02/sport-tape-boxing-hand.jpg,1,"Fightpro Sport Tape voor Boksers &#038; Kickboksers – Rood, Blauw, Zwart &#038; Wit 10m x 3,8 cm",active,"Sport tape voor boksers en kickboksers in rood, blauw, zwart en wit. Geïnspireerd op de rode en blauwe hoek – functioneel, sterk en met een echte fight-look.",,wrap,#1A1200
fightpro-bokshandschoenen-base-black-gold-pu-van-4oz-t-m-16-oz,Fightpro bokshandschoenen NOVA black/gold PU van 4oz t/m 16 oz,"<p data-start=""329"" data-end=""555"">De <strong data-start=""332"" data-end=""360"">Fightpro NOVA Black/Gold</strong> bokshandschoenen zijn ons meest verkochte PU-basismodel – ontworpen voor intensief gebruik in sportscholen, personal training en recreatieve vechters die kwaliteit zoeken voor een scherpe prijs.</p> <p data-start=""557"" data-end=""834"">De stijlvolle combinatie van diepzwart met krachtige goudaccenten geeft deze handschoenen een professionele uitstraling in iedere gym. Of je nu werkt aan je techniek op de bokszak, pads traint met een trainer of sparring doet: de NOVA levert betrouwbare bescherming en comfort.</p> <h3 data-start=""836"" data-end=""878"">Waarom kiezen voor de Fightpro NOVA?</h3> <ul data-start=""880"" data-end=""1141""> <li data-start=""880"" data-end=""917""> <p data-start=""882"" data-end=""917"">Verkrijgbaar van <strong data-start=""899"" data-end=""917"">4 oz t/m 16 oz</strong></p> </li> <li data-start=""918"" data-end=""946""> <p data-start=""920"" data-end=""946"">Slijtvaste PU-buitenkant</p> </li> <li data-start=""947"" data-end=""1008""> <p data-start=""949"" data-end=""1008"">Stevige klittenbandsluiting voor optimale polsstabiliteit</p> </li> <li data-start=""1009"" data-end=""1033""> <p data-start=""1011"" data-end=""1033"">Goede schokabsorptie</p> </li> <li data-start=""1034"" data-end=""1058""> <p data-start=""1036"" data-end=""1058"">Comfortabele pasvorm</p> </li> <li data-start=""1059"" data-end=""1099""> <p data-start=""1061"" data-end=""1099"">Ideaal voor beginners én semi-gevorderden</p> </li> <li data-start=""1100"" data-end=""1141""> <p data-start=""1102"" data-end=""1141"">Uitstekende prijs-kwaliteitverhouding</p> </li> </ul> <p data-start=""1143"" data-end=""1363"">Deze handschoen wordt veel ingezet door sportscholen en personal trainers vanwege de duurzaamheid en de aantrekkelijke prijs. “Goedkoop en goed” is hier geen loze belofte – het is precies waarom dit model zo populair is.</p> <h3 data-start=""1365"" data-end=""1386"">Perfect voor:</h3> <ul data-start=""1387"" data-end=""1463""> <li data-start=""1387"" data-end=""1406""> <p data-start=""1389"" data-end=""1406"">Bokszaktraining</p> </li> <li data-start=""1407"" data-end=""1423""> <p data-start=""1409"" data-end=""1423"">Padstraining</p> </li> <li data-start=""1424"" data-end=""1440""> <p data-start=""1426"" data-end=""1440"">Groepslessen</p> </li> <li data-start=""1441"" data-end=""1463""> <p data-start=""1443"" data-end=""1463"">Recreatief sparren</p> </li> </ul> <hr data-start=""1465"" data-end=""1468"" /> <h3 data-start=""1470"" data-end=""1513"">Eigen logo mogelijk (vanaf 20 stuks)</h3> <p data-start=""1515"" data-end=""1695"">Wil je jouw gym, personal training studio of evenement professioneel uitstralen?<br data-start=""1595"" data-end=""1598"" />Bij afname vanaf <strong data-start=""1615"" data-end=""1627"">20 stuks</strong> is het mogelijk om de Fightpro NOVA te leveren met jouw eigen logo.</p> <p data-start=""1697"" data-end=""1709"">Ideaal voor:</p> <ul data-start=""1710"" data-end=""1810""> <li data-start=""1710"" data-end=""1726""> <p data-start=""1712"" data-end=""1726"">Sportscholen</p> </li> <li data-start=""1727"" data-end=""1746""> <p data-start=""1729"" data-end=""1746"">Kickboksscholen</p> </li> <li data-start=""1747"" data-end=""1762""> <p data-start=""1749"" data-end=""1762"">PT-studio’s</p> </li> <li data-start=""1763"" data-end=""1782""> <p data-start=""1765"" data-end=""1782"">Bedrijfsfitness</p> </li> <li data-start=""1783"" data-end=""1810""> <p data-start=""1785"" data-end=""1810"">Evenementen en seminars</p> </li> </ul> <p data-start=""1812"" data-end=""1873"">Neem contact met ons op voor de mogelijkheden en levertijden.</p>",Fightpro,Kickbokshandschoenen Kunststof,"Fightpro, Handschoenen, Kickbokshandschoenen Kunststof",TRUE,,Default Title,,shopify,10,deny,manual,39.95,,TRUE,TRUE,https://www.fightpro.nl/wp-content/uploads/2026/01/FIGHTPRO-KICKBOKSHANDSCHOEN-PU-nova-gold.jpg,1,Fightpro bokshandschoenen NOVA black/gold PU van 4oz t/m 16 oz,active,Waarom kiezen voor de Fightpro NOVA? Verkrijgbaar van 4 oz t/m 16 oz Slijtvaste PU-buitenkant Stevige klittenbandsluiting voor optimale polsstabiliteit Goede schokabsorptie Comfortabele pasvorm Ideaal voor beginners Uitstekende prijs-kwaliteitverhoud,,glove,#1A1200
fightpro-bokshandschoenen-base-black-gold-pu-van-4oz-t-m-16-oz,,,,,,,,,,,,,,,,,,https://www.fightpro.nl/wp-content/uploads/2026/01/FIGHTPRO-KICKBOKSHANDSCHOEN-PU-nova-gold-2.jpg,2,Fightpro bokshandschoenen NOVA black/gold PU van 4oz t/m 16 oz,,,,,
fightpro-bokshandschoenen-base-black-gold-pu-van-4oz-t-m-16-oz,,,,,,,,,,,,,,,,,,https://www.fightpro.nl/wp-content/uploads/2026/01/FIGHTPRO-KICKBOKSHANDSCHOEN-PU-nova-gold-3.jpg,3,Fightpro bokshandschoenen NOVA black/gold PU van 4oz t/m 16 oz,,,,,
fightpro-bokshandschoenen-base-black-gold-pu-van-4oz-t-m-16-oz,,,,,,,,,,,,,,,,,,https://www.fightpro.nl/wp-content/uploads/2026/01/FIGHTPRO-KICKBOKSHANDSCHOEN-PU-nova-gold-4.jpg,4,Fightpro bokshandschoenen NOVA black/gold PU van 4oz t/m 16 oz,,,,,
fightpro-bokshandschoenen-base-black-gold-pu-van-4oz-t-m-16-oz,,,,,,,,,,,,,,,,,,https://www.fightpro.nl/wp-content/uploads/2026/01/FIGHTPRO-KICKBOKSHANDSCHOEN-PU-nova-gold-5.jpg,5,Fightpro bokshandschoenen NOVA black/gold PU van 4oz t/m 16 oz,,,,,
fightpro-bokshandschoenen-base-black-gold-pu-van-4oz-t-m-16-oz,,,,,,,,,,,,,,,,,,https://www.fightpro.nl/wp-content/uploads/2026/01/FIGHTPRO-KICKBOKSHANDSCHOEN-PU-nova-gold-6.jpg,6,Fightpro bokshandschoenen NOVA black/gold PU van 4oz t/m 16 oz,,,,,
px-legacy-2-bokshandschoenen-pu-zwart-black,PX LEGACY 2 Bokshandschoenen PU zwart black,<p>PX LEGACY 2 Bokshandschoenen PU black zwart</p>,PX,Kickbokshandschoenen Kunststof,"Handschoenen, Kickbokshandschoenen Kunststof, Kids fight, PX",TRUE,Maat,10 oz,,shopify,10,deny,manual,49.95,,TRUE,TRUE,https://www.fightpro.nl/wp-content/uploads/2026/01/IMG_0184.jpeg,1,PX LEGACY 2 Bokshandschoenen PU zwart black,active,PX LEGACY 2 Bokshandschoenen PU zand / stone,,apparel,#101820
px-legacy-2-bokshandschoenen-pu-zwart-black,,,,,,,Maat,12 oz,,shopify,10,deny,manual,49.95,,TRUE,TRUE,,,,active,,,,
px-legacy-2-bokshandschoenen-pu-zwart-black,,,,,,,Maat,14 oz,,shopify,10,deny,manual,49.95,,TRUE,TRUE,,,,active,,,,
px-legacy-2-bokshandschoenen-pu-zwart-black,,,,,,,Maat,16 oz,,shopify,10,deny,manual,49.95,,TRUE,TRUE,,,,active,,,,
px-legacy-2-bokshandschoenen-pu-zand-stone,PX LEGACY 2 Bokshandschoenen PU zand / stone,<p>PX LEGACY 2 Bokshandschoenen PU zand / stone</p>,PX,Kickbokshandschoenen Kunststof,"Handschoenen, Kickbokshandschoenen Kunststof, Kids fight, PX",TRUE,Maat,10 oz,,shopify,10,deny,manual,49.95,,TRUE,TRUE,https://www.fightpro.nl/wp-content/uploads/2026/01/IMG_0221.jpeg,1,PX LEGACY 2 Bokshandschoenen PU zand / stone,active,PX LEGACY 2 Bokshandschoenen PU zand / stone,,apparel,#101820
px-legacy-2-bokshandschoenen-pu-zand-stone,,,,,,,Maat,12 oz,,shopify,10,deny,manual,49.95,,TRUE,TRUE,,,,active,,,,
px-legacy-2-bokshandschoenen-pu-zand-stone,,,,,,,Maat,14 oz,,shopify,10,deny,manual,49.95,,TRUE,TRUE,,,,active,,,,
px-legacy-2-bokshandschoenen-pu-zand-stone,,,,,,,Maat,16 oz,,shopify,10,deny,manual,49.95,,TRUE,TRUE,,,,active,,,,
px-legacy-2-bokshandschoenen-pu-zand-stone,,,,,,,,,,,,,,,,,,https://www.fightpro.nl/wp-content/uploads/2026/01/IMG_0223.jpeg,2,PX LEGACY 2 Bokshandschoenen PU zand / stone,,,,,
px-legacy-2-bokshandschoenen-pu-zand-stone,,,,,,,,,,,,,,,,,,https://www.fightpro.nl/wp-content/uploads/2026/01/IMG_0224.jpeg,3,PX LEGACY 2 Bokshandschoenen PU zand / stone,,,,,
px-legacy-thai-shorts-mesh-burgundy,"PX Legacy Thai Shorts , Mesh, Burgundy","<div class=""short-description""> <div class=""std"">PX Legacy Thai Shorts , Mesh, Burgundy</div> <div class=""std""></div> </div>",PX,Broekjes,"Bestsellers!, Broekjes, Kleding, PX, Bestseller",TRUE,,Default Title,,shopify,10,deny,manual,39.95,,TRUE,TRUE,https://www.fightpro.nl/wp-content/uploads/2025/12/PX-Legacy-Thai-Shorts-Mesh-burgundy2.jpg,1,"PX Legacy Thai Shorts , Mesh, Burgundy",active,"PX Legacy Thai Shorts , Mesh, Burgundy",Bestseller,apparel,#101820
px-legacy-thai-shorts-mesh-burgundy,,,,,,,,,,,,,,,,,,https://www.fightpro.nl/wp-content/uploads/2025/12/PX-Legacy-Thai-Shorts-Mesh-burgundy.jpg,2,"PX Legacy Thai Shorts , Mesh, Burgundy",,,,,
px-legacy-thai-shorts-mesh-burgundy,,,,,,,,,,,,,,,,,,https://www.fightpro.nl/wp-content/uploads/2025/12/PX-Legacy-Thai-Shorts-Mesh-burgundy3.jpg,3,"PX Legacy Thai Shorts , Mesh, Burgundy",,,,,
px-legacy-thai-shorts-mesh-white,"PX Legacy Thai Shorts , Mesh, white","<div class=""short-description""> <div class=""std"">PX Legacy Thai Shorts , Mesh, white</div> <div class=""std""></div> </div>",PX,Broekjes,"Bestsellers!, Broekjes, Kleding, PX, Bestseller",TRUE,,Default Title,,shopify,10,deny,manual,39.95,,TRUE,TRUE,https://www.fightpro.nl/wp-content/uploads/2025/12/PX-Legacy-Thai-Shorts-Mesh-white.jpg,1,"PX Legacy Thai Shorts , Mesh, white",active,"PX Legacy Thai Shorts , Mesh, white",Bestseller,apparel,#101820
px-legacy-thai-shorts-mesh-white,,,,,,,,,,,,,,,,,,https://www.fightpro.nl/wp-content/uploads/2025/12/PX-Legacy-Thai-Shorts-Mesh-white2.jpg,2,"PX Legacy Thai Shorts , Mesh, white",,,,,
venum-kontact-boxing-handwraps-bandage,Venum Kontact Boxing Handwraps bandage,<p>Venum Kontact Boxing Handwraps bandage</p>,Venum,Bandages,"Bandages, Bescherming, Venum",TRUE,,Default Title,,shopify,10,deny,manual,9.95,,TRUE,TRUE,https://www.fightpro.nl/wp-content/uploads/2025/12/Venum-Kontact-bandage-Handwraps.jpg,1,Venum Kontact Boxing Handwraps bandage,active,Venum Kontact Boxing Handwraps bandage,,shield,#111111
fightpro-active-dry-shirt-zwart-op-zwart-print,FightPro Active Dry Shirt – Zwart op Zwart Print,"<p>Het <strong data-start=""340"" data-end=""369"">FightPro Active Dry Shirt</strong> is gemaakt voor vechters die maximale bewegingsvrijheid en stijl eisen. De lichtgewicht Active Dry-stof voert zweet razendsnel af en houdt je lichaam koel tijdens intensieve bokszaktrainingen, sparringsessies of fitnessworkouts.<br data-start=""598"" data-end=""601"" />De diepe zwarte kleur in combinatie met de <strong data-start=""644"" data-end=""670"">zwarte FightPro-opdruk</strong> geeft het shirt een luxe, krachtige uitstraling — perfect voor in de gym én daarbuiten.<br data-start=""758"" data-end=""761"" />Duurzaam, comfortabel en ontworpen voor dagelijks gebruik.</p> <ul> <li data-start=""838"" data-end=""886""> <p data-start=""840"" data-end=""886"">Active Dry materiaal – sneldrogend & ademend</p> </li> <li data-start=""887"" data-end=""910""> <p data-start=""889"" data-end=""910"">Slim-fit sportmodel</p> </li> <li data-start=""911"" data-end=""941""> <p data-start=""913"" data-end=""941"">Luxe gouden FightPro print</p> </li> <li data-start=""942"" data-end=""995""> <p data-start=""944"" data-end=""995"">Ideaal voor kickboksen, bokszaktraining & fitness</p> </li> </ul>",Fightpro,T-Shirts,"Fightpro, T-Shirts",TRUE,,Default Title,,shopify,10,deny,manual,29.95,,TRUE,TRUE,https://www.fightpro.nl/wp-content/uploads/2025/12/FightPro-Active-Dry-Trainingsshirt-black-ON-BLACK.jpg,1,FightPro Active Dry Shirt – Zwart op Zwart Print,active,"Licht, ademend en stijlvol. Het FightPro Active Dry Shirt in zwart op zwart print biedt maximaal comfort tijdens elke training. Sneldrogende performance-kwaliteit voor echte vechters. Prijs: €29,95 .",,apparel,#1A1200
fightpro-active-dry-shirt-zwart-op-zwart-print,,,,,,,,,,,,,,,,,,https://www.fightpro.nl/wp-content/uploads/2025/12/FightPro-Active-Dry-Trainingsshirt-BLACK-ON-BLACK-back.jpg,2,FightPro Active Dry Shirt – Zwart op Zwart Print,,,,,
fightpro-active-dry-shirt-zwart-met-gouden-print,FightPro Active Dry Shirt – Zwart met Gouden Print,"<p>Het <strong data-start=""340"" data-end=""369"">FightPro Active Dry Shirt</strong> is gemaakt voor vechters die maximale bewegingsvrijheid en stijl eisen. De lichtgewicht Active Dry-stof voert zweet razendsnel af en houdt je lichaam koel tijdens intensieve bokszaktrainingen, sparringsessies of fitnessworkouts.<br data-start=""598"" data-end=""601"" />De diepe zwarte kleur in combinatie met de <strong data-start=""644"" data-end=""670"">gouden FightPro-opdruk</strong> geeft het shirt een luxe, krachtige uitstraling — perfect voor in de gym én daarbuiten.<br data-start=""758"" data-end=""761"" />Duurzaam, comfortabel en ontworpen voor dagelijks gebruik.</p> <ul> <li data-start=""838"" data-end=""886""> <p data-start=""840"" data-end=""886"">Active Dry materiaal – sneldrogend & ademend</p> </li> <li data-start=""887"" data-end=""910""> <p data-start=""889"" data-end=""910"">Slim-fit sportmodel</p> </li> <li data-start=""911"" data-end=""941""> <p data-start=""913"" data-end=""941"">Luxe gouden FightPro print</p> </li> <li data-start=""942"" data-end=""995""> <p data-start=""944"" data-end=""995"">Ideaal voor kickboksen, bokszaktraining & fitness</p> </li> </ul>",Fightpro,T-Shirts,"Fightpro, T-Shirts",TRUE,,Default Title,,shopify,10,deny,manual,29.95,,TRUE,TRUE,https://www.fightpro.nl/wp-content/uploads/2025/12/FightPro-Active-Dry-Trainingsshirt-GOLD-ON-BLACK.jpg,1,FightPro Active Dry Shirt – Zwart met Gouden Print,active,"Licht, ademend en stijlvol. Het FightPro Active Dry Shirt in zwart met gouden print biedt maximaal comfort tijdens elke training. Sneldrogende performance-kwaliteit voor echte vechters. Prijs: €29,95 .",,apparel,#1A1200
fightpro-active-dry-shirt-zwart-met-gouden-print,,,,,,,,,,,,,,,,,,https://www.fightpro.nl/wp-content/uploads/2025/12/FightPro-Active-Dry-Trainingsshirt-GOLD-ON-BLACK-back.jpg,2,FightPro Active Dry Shirt – Zwart met Gouden Print,,,,,
booster-fight-gear-champion-pink,Booster Fight Gear – CHAMPION PINK,<p>Booster Fight Gear – CHAMPION PINK</p>,Booster,Kickbokshandschoenen Kunststof,"Booster, Handschoenen, Kickbokshandschoenen Kunststof, Kids fight",TRUE,Maat,10 oz,,shopify,10,deny,manual,32.95,,TRUE,TRUE,https://www.fightpro.nl/wp-content/uploads/2025/11/Booster-Youth-CHAMPION-PINK.jpg,1,Booster Fight Gear – CHAMPION PINK,active,Booster Fight Gear – CHAMPION PINK,,apparel,#0E2A4A
booster-fight-gear-champion-pink,,,,,,,Maat,12 oz,,shopify,10,deny,manual,32.95,,TRUE,TRUE,,,,active,,,,
booster-fight-gear-champion-pink,,,,,,,Maat,14 oz,,shopify,10,deny,manual,32.95,,TRUE,TRUE,,,,active,,,,
booster-fight-gear-champion-pink,,,,,,,Maat,16 oz,,shopify,10,deny,manual,32.95,,TRUE,TRUE,,,,active,,,,
booster-fight-gear-champion-pink,,,,,,,,,,,,,,,,,,https://www.fightpro.nl/wp-content/uploads/2025/11/Booster-Youth-CHAMPION-PINK2.jpg,2,Booster Fight Gear – CHAMPION PINK,,,,,
booster-fight-gear-champion-pink,,,,,,,,,,,,,,,,,,https://www.fightpro.nl/wp-content/uploads/2025/11/Booster-Youth-CHAMPION-PINK3.jpg,3,Booster Fight Gear – CHAMPION PINK,,,,,
booster-fight-gear-bg-youth-elite-v2-bokshandschoenen-wit-kids,Booster Fight Gear – BG Youth Elite V2 bokshandschoenen wit kids,"<p data-start=""123"" data-end=""241""><strong data-start=""123"" data-end=""189"">Booster Fight Gear – BG Youth Elite V2 Bokshandschoenen (Kids)</strong><br data-start=""189"" data-end=""192"" /><em data-start=""192"" data-end=""239"">Professionele bescherming voor jonge vechters</em></p> <p data-start=""243"" data-end=""461"">De BG Youth Elite V2 is speciaal ontworpen voor kinderen die serieus willen trainen. Deze handschoenen combineren ultieme bescherming, comfort en stijl zodat jonge atleten veilig hun volle potentieel kunnen bereiken.</p> <p data-start=""463"" data-end=""493""><strong data-start=""463"" data-end=""491"">Belangrijkste kenmerken:</strong></p> <ul data-start=""494"" data-end=""1072""> <li data-start=""494"" data-end=""608""> <p data-start=""496"" data-end=""608""><strong data-start=""496"" data-end=""522"">Injected Mold Padding:</strong> uitzonderlijke schokabsorptie, beschermt jonge handen tijdens training en sparring.</p> </li> <li data-start=""609"" data-end=""702""> <p data-start=""611"" data-end=""702""><strong data-start=""611"" data-end=""650"">Ergonomische pasvorm voor kinderen:</strong> veilig en comfortabel, afgestemd op kinderhanden.</p> </li> <li data-start=""703"" data-end=""774""> <p data-start=""705"" data-end=""774""><strong data-start=""705"" data-end=""735"">Duurzaam synthetisch leer:</strong> bestand tegen intensieve trainingen.</p> </li> <li data-start=""775"" data-end=""874""> <p data-start=""777"" data-end=""874""><strong data-start=""777"" data-end=""818"">Aangehechte duim & extra polsvulling:</strong> vermindert blessures en ondersteunt de vuist en pols.</p> </li> <li data-start=""875"" data-end=""962""> <p data-start=""877"" data-end=""962""><strong data-start=""877"" data-end=""908"">Klittenbandsluiting rondom:</strong> eenvoudig aanpasbaar voor een persoonlijke pasvorm.</p> </li> <li data-start=""963"" data-end=""1072""> <p data-start=""965"" data-end=""1072""><strong data-start=""965"" data-end=""990"">Strak, modern design:</strong> subtiele glanzende patronen en Booster-logo voor een professionele uitstraling.</p> </li> </ul> <p data-start=""1074"" data-end=""1178"">🎯 Perfect voor jonge atleten die willen trainen zoals de groten, met maximale bescherming en comfort.</p>",Booster,Kickbokshandschoenen Kunststof,"Booster, Handschoenen, Kickbokshandschoenen Kunststof, Kids fight",TRUE,Maat,10 oz,,shopify,10,deny,manual,44.95,,TRUE,TRUE,https://www.fightpro.nl/wp-content/uploads/2025/11/Booster-Youth-Elite-V2-bokshandschoenen-wit.jpg,1,Booster Fight Gear – BG Youth Elite V2 bokshandschoenen wit kids,active,Booster BGL Elite kids wit,,apparel,#0E2A4A
booster-fight-gear-bg-youth-elite-v2-bokshandschoenen-wit-kids,,,,,,,Maat,12 oz,,shopify,10,deny,manual,44.95,,TRUE,TRUE,,,,active,,,,
booster-fight-gear-bg-youth-elite-v2-bokshandschoenen-wit-kids,,,,,,,Maat,14 oz,,shopify,10,deny,manual,44.95,,TRUE,TRUE,,,,active,,,,
booster-fight-gear-bg-youth-elite-v2-bokshandschoenen-wit-kids,,,,,,,Maat,16 oz,,shopify,10,deny,manual,44.95,,TRUE,TRUE,,,,active,,,,
booster-fight-gear-bg-youth-elite-v2-bokshandschoenen-wit-kids,,,,,,,,,,,,,,,,,,https://www.fightpro.nl/wp-content/uploads/2025/11/Booster-Youth-Elite-V2-bokshandschoenen-wit2.jpg,2,Booster Fight Gear – BG Youth Elite V2 bokshandschoenen wit kids,,,,,
booster-fight-gear-bg-youth-elite-v2-bokshandschoenen-wit-kids,,,,,,,,,,,,,,,,,,https://www.fightpro.nl/wp-content/uploads/2025/11/Booster-Youth-Elite-V2-bokshandschoenen-wit3.jpg,3,Booster Fight Gear – BG Youth Elite V2 bokshandschoenen wit kids,,,,,
booster-fight-gear-bg-youth-elite-v2-bokshandschoenen-wit-kids,,,,,,,,,,,,,,,,,,https://www.fightpro.nl/wp-content/uploads/2025/11/Booster-Youth-Elite-V2-bokshandschoenen-wit4.jpg,4,Booster Fight Gear – BG Youth Elite V2 bokshandschoenen wit kids,,,,,
booster-fight-gear-bg-youth-elite-v2-bokshandschoenen-zwart-kids,Booster Fight Gear – BG Youth Elite V2 bokshandschoenen zwart kids,"<p data-start=""123"" data-end=""241""><strong data-start=""123"" data-end=""189"">Booster Fight Gear – BG Youth Elite V2 Bokshandschoenen (Kids)</strong><br data-start=""189"" data-end=""192"" /><em data-start=""192"" data-end=""239"">Professionele bescherming voor jonge vechters</em></p> <p data-start=""243"" data-end=""461"">De BG Youth Elite V2 is speciaal ontworpen voor kinderen die serieus willen trainen. Deze handschoenen combineren ultieme bescherming, comfort en stijl zodat jonge atleten veilig hun volle potentieel kunnen bereiken.</p> <p data-start=""463"" data-end=""493""><strong data-start=""463"" data-end=""491"">Belangrijkste kenmerken:</strong></p> <ul data-start=""494"" data-end=""1072""> <li data-start=""494"" data-end=""608""> <p data-start=""496"" data-end=""608""><strong data-start=""496"" data-end=""522"">Injected Mold Padding:</strong> uitzonderlijke schokabsorptie, beschermt jonge handen tijdens training en sparring.</p> </li> <li data-start=""609"" data-end=""702""> <p data-start=""611"" data-end=""702""><strong data-start=""611"" data-end=""650"">Ergonomische pasvorm voor kinderen:</strong> veilig en comfortabel, afgestemd op kinderhanden.</p> </li> <li data-start=""703"" data-end=""774""> <p data-start=""705"" data-end=""774""><strong data-start=""705"" data-end=""735"">Duurzaam synthetisch leer:</strong> bestand tegen intensieve trainingen.</p> </li> <li data-start=""775"" data-end=""874""> <p data-start=""777"" data-end=""874""><strong data-start=""777"" data-end=""818"">Aangehechte duim & extra polsvulling:</strong> vermindert blessures en ondersteunt de vuist en pols.</p> </li> <li data-start=""875"" data-end=""962""> <p data-start=""877"" data-end=""962""><strong data-start=""877"" data-end=""908"">Klittenbandsluiting rondom:</strong> eenvoudig aanpasbaar voor een persoonlijke pasvorm.</p> </li> <li data-start=""963"" data-end=""1072""> <p data-start=""965"" data-end=""1072""><strong data-start=""965"" data-end=""990"">Strak, modern design:</strong> subtiele glanzende patronen en Booster-logo voor een professionele uitstraling.</p> </li> </ul> <p data-start=""1074"" data-end=""1178"">Perfect voor jonge atleten die willen trainen zoals de groten, met maximale bescherming en comfort.</p>",Booster,Kickbokshandschoenen Kunststof,"Booster, Handschoenen, Kickbokshandschoenen Kunststof, Kids fight",TRUE,Maat,10 oz,,shopify,10,deny,manual,44.95,,TRUE,TRUE,https://www.fightpro.nl/wp-content/uploads/2025/11/Booster-Youth-Elite-V2-bokshandschoenen-zwart.jpg,1,Booster Fight Gear – BG Youth Elite V2 bokshandschoenen zwart kids,active,Booster BGL Elite kids,,apparel,#0E2A4A
booster-fight-gear-bg-youth-elite-v2-bokshandschoenen-zwart-kids,,,,,,,Maat,12 oz,,shopify,10,deny,manual,44.95,,TRUE,TRUE,,,,active,,,,
booster-fight-gear-bg-youth-elite-v2-bokshandschoenen-zwart-kids,,,,,,,Maat,14 oz,,shopify,10,deny,manual,44.95,,TRUE,TRUE,,,,active,,,,
booster-fight-gear-bg-youth-elite-v2-bokshandschoenen-zwart-kids,,,,,,,Maat,16 oz,,shopify,10,deny,manual,44.95,,TRUE,TRUE,,,,active,,,,
booster-fight-gear-bg-youth-elite-v2-bokshandschoenen-zwart-kids,,,,,,,,,,,,,,,,,,https://www.fightpro.nl/wp-content/uploads/2025/11/Booster-Youth-Elite-V2-bokshandschoenen-zwart2.jpg,2,Booster Fight Gear – BG Youth Elite V2 bokshandschoenen zwart kids,,,,,
booster-fight-gear-bg-youth-elite-v2-bokshandschoenen-zwart-kids,,,,,,,,,,,,,,,,,,https://www.fightpro.nl/wp-content/uploads/2025/11/Booster-Youth-Elite-V2-bokshandschoenen-zwart3.jpg,3,Booster Fight Gear – BG Youth Elite V2 bokshandschoenen zwart kids,,,,,
booster-fight-gear-bg-youth-elite-v2-bokshandschoenen-zwart-kids,,,,,,,,,,,,,,,,,,https://www.fightpro.nl/wp-content/uploads/2025/11/Booster-Youth-Elite-V2-bokshandschoenen-zwart4.jpg,4,Booster Fight Gear – BG Youth Elite V2 bokshandschoenen zwart kids,,,,,
booster-fight-gear-sg-youth-elite-v2-1-scheenbeschermers-zwart-kids,Booster Fight Gear – SG Youth elite V2.1 scheenbeschermers zwart Kids,"<p data-start=""122"" data-end=""236"">Booster Fight Gear – SG Youth elite V2.1 scheenbeschermers zwart Kids</p>",Booster,Scheenbeschermers,"Booster, Scheenbeschermers",TRUE,Maat,10 oz,,shopify,10,deny,manual,54.95,,TRUE,TRUE,https://www.fightpro.nl/wp-content/uploads/2025/11/booster-scheenbeschermers-eliteV2-zwart.jpg,1,Booster Fight Gear – SG Youth elite V2.1 scheenbeschermers zwart Kids,active,Booster Fight Gear – SG Youth elite V2.1 scheenbeschermers zwart Kids,,shield,#0E2A4A
booster-fight-gear-sg-youth-elite-v2-1-scheenbeschermers-zwart-kids,,,,,,,Maat,12 oz,,shopify,10,deny,manual,54.95,,TRUE,TRUE,,,,active,,,,
booster-fight-gear-sg-youth-elite-v2-1-scheenbeschermers-zwart-kids,,,,,,,Maat,14 oz,,shopify,10,deny,manual,54.95,,TRUE,TRUE,,,,active,,,,
booster-fight-gear-sg-youth-elite-v2-1-scheenbeschermers-zwart-kids,,,,,,,Maat,16 oz,,shopify,10,deny,manual,54.95,,TRUE,TRUE,,,,active,,,,
booster-fight-gear-sg-youth-elite-v2-1-scheenbeschermers-wit-kids,Booster Fight Gear – SG Youth elite V2.1 scheenbeschermers WIT Kids,<p>Booster Fight Gear – SG Youth elite V2.1 scheenbeschermers zwart Kids</p>,Booster,Scheenbeschermers,"Booster, Scheenbeschermers",TRUE,Maat,10 oz,,shopify,10,deny,manual,54.95,,TRUE,TRUE,https://www.fightpro.nl/wp-content/uploads/2025/11/booster-scheenbeschermers-eliteV2-wit.jpg,1,Booster Fight Gear – SG Youth elite V2.1 scheenbeschermers WIT Kids,active,Booster Fight Gear – SG Youth elite V2.1 scheenbeschermers zwart Kids,,shield,#0E2A4A
booster-fight-gear-sg-youth-elite-v2-1-scheenbeschermers-wit-kids,,,,,,,Maat,12 oz,,shopify,10,deny,manual,54.95,,TRUE,TRUE,,,,active,,,,
booster-fight-gear-sg-youth-elite-v2-1-scheenbeschermers-wit-kids,,,,,,,Maat,14 oz,,shopify,10,deny,manual,54.95,,TRUE,TRUE,,,,active,,,,
booster-fight-gear-sg-youth-elite-v2-1-scheenbeschermers-wit-kids,,,,,,,Maat,16 oz,,shopify,10,deny,manual,54.95,,TRUE,TRUE,,,,active,,,,
booster-fight-gear-bangkok-series-2-scheenbeschermers-wit,Booster Fight Gear – Bangkok Series 2 scheenbeschermers wit,"<p data-start=""122"" data-end=""236""><strong data-start=""122"" data-end=""184"">Booster Fight Gear – Bangkok Series 2 SG Scheenbeschermers</strong><br data-start=""184"" data-end=""187"" /><em data-start=""187"" data-end=""234"">Traditionele Thaise stijl, moderne prestaties</em></p> <p data-start=""238"" data-end=""434"">Train veilig en stijlvol met de Bangkok Series scheenbeschermers van Booster Fight Gear. Geïnspireerd op Muay Thai en ontworpen voor full-contact vechtsporten zoals kickboksen, Muay Thai en MMA.</p> <p data-start=""436"" data-end=""466""><strong data-start=""436"" data-end=""464"">Belangrijkste kenmerken:</strong></p> <ul data-start=""467"" data-end=""975""> <li data-start=""467"" data-end=""558""> <p data-start=""469"" data-end=""558""><strong data-start=""469"" data-end=""503"">Meerlaagse traagschuimvulling:</strong> optimale bescherming voor scheenbeen, enkel en voet.</p> </li> <li data-start=""559"" data-end=""647""> <p data-start=""561"" data-end=""647""><strong data-start=""561"" data-end=""589"">Lichtgewicht & wendbaar:</strong> maximale mobiliteit zonder in te leveren op veiligheid.</p> </li> <li data-start=""648"" data-end=""765""> <p data-start=""650"" data-end=""765""><strong data-start=""650"" data-end=""673"">Secure Fit-systeem:</strong> twee klittenbandsluitingen, extra onderband en elastische voetband voor perfecte pasvorm.</p> </li> <li data-start=""766"" data-end=""866""> <p data-start=""768"" data-end=""866""><strong data-start=""768"" data-end=""798"">Duurzaam synthetisch leer:</strong> bestand tegen intensieve trainingen en eenvoudig schoon te maken.</p> </li> <li data-start=""867"" data-end=""975""> <p data-start=""869"" data-end=""975""><strong data-start=""869"" data-end=""919"">Thais geïnspireerd design & opvallend artwork:</strong> combineert traditionele stijl met moderne prestaties.</p> </li> </ul>",Booster,Scheenbeschermers,"Booster, Scheenbeschermers",TRUE,Maat,10 oz,,shopify,10,deny,manual,74.95,,TRUE,TRUE,https://www.fightpro.nl/wp-content/uploads/2025/11/booster-scheenbeschermers-Bangkok-Series-2-wit.jpg,1,Booster Fight Gear – Bangkok Series 2 scheenbeschermers wit,active,Booster BGL V9 kickbokshandschoenen BLACK/GREY,,shield,#0E2A4A
booster-fight-gear-bangkok-series-2-scheenbeschermers-wit,,,,,,,Maat,12 oz,,shopify,10,deny,manual,74.95,,TRUE,TRUE,,,,active,,,,
booster-fight-gear-bangkok-series-2-scheenbeschermers-wit,,,,,,,Maat,14 oz,,shopify,10,deny,manual,74.95,,TRUE,TRUE,,,,active,,,,
booster-fight-gear-bangkok-series-2-scheenbeschermers-wit,,,,,,,Maat,16 oz,,shopify,10,deny,manual,74.95,,TRUE,TRUE,,,,active,,,,
booster-fight-gear-bangkok-series-2-scheenbeschermers-wit,,,,,,,,,,,,,,,,,,https://www.fightpro.nl/wp-content/uploads/2025/11/booster-scheenbeschermers-Bangkok-Series-2-wit-1.jpg,2,Booster Fight Gear – Bangkok Series 2 scheenbeschermers wit,,,,,
booster-fight-gear-bangkok-series-5-scheenbeschermers-zwart,Booster Fight Gear – Bangkok Series 5 scheenbeschermers zwart,"<p data-start=""122"" data-end=""236""><strong data-start=""122"" data-end=""184"">Booster Fight Gear – Bangkok Series 5 SG Scheenbeschermers</strong><br data-start=""184"" data-end=""187"" /><em data-start=""187"" data-end=""234"">Traditionele Thaise stijl, moderne prestaties</em></p> <p data-start=""238"" data-end=""434"">Train veilig en stijlvol met de Bangkok Series scheenbeschermers van Booster Fight Gear. Geïnspireerd op Muay Thai en ontworpen voor full-contact vechtsporten zoals kickboksen, Muay Thai en MMA.</p> <p data-start=""436"" data-end=""466""><strong data-start=""436"" data-end=""464"">Belangrijkste kenmerken:</strong></p> <ul data-start=""467"" data-end=""975""> <li data-start=""467"" data-end=""558""> <p data-start=""469"" data-end=""558""><strong data-start=""469"" data-end=""503"">Meerlaagse traagschuimvulling:</strong> optimale bescherming voor scheenbeen, enkel en voet.</p> </li> <li data-start=""559"" data-end=""647""> <p data-start=""561"" data-end=""647""><strong data-start=""561"" data-end=""589"">Lichtgewicht & wendbaar:</strong> maximale mobiliteit zonder in te leveren op veiligheid.</p> </li> <li data-start=""648"" data-end=""765""> <p data-start=""650"" data-end=""765""><strong data-start=""650"" data-end=""673"">Secure Fit-systeem:</strong> twee klittenbandsluitingen, extra onderband en elastische voetband voor perfecte pasvorm.</p> </li> <li data-start=""766"" data-end=""866""> <p data-start=""768"" data-end=""866""><strong data-start=""768"" data-end=""798"">Duurzaam synthetisch leer:</strong> bestand tegen intensieve trainingen en eenvoudig schoon te maken.</p> </li> <li data-start=""867"" data-end=""975""> <p data-start=""869"" data-end=""975""><strong data-start=""869"" data-end=""919"">Thais geïnspireerd design & opvallend artwork:</strong> combineert traditionele stijl met moderne prestaties.</p> </li> </ul>",Booster,Scheenbeschermers,"Booster, Scheenbeschermers",TRUE,Maat,10 oz,,shopify,10,deny,manual,74.95,,TRUE,TRUE,https://www.fightpro.nl/wp-content/uploads/2025/11/booster-scheenbeschermers-Bangkok-Series-5-zwart.jpg,1,Booster Fight Gear – Bangkok Series 5 scheenbeschermers zwart,active,Booster BGL V9 kickbokshandschoenen BLACK/GREY,,shield,#0E2A4A
booster-fight-gear-bangkok-series-5-scheenbeschermers-zwart,,,,,,,Maat,12 oz,,shopify,10,deny,manual,74.95,,TRUE,TRUE,,,,active,,,,
booster-fight-gear-bangkok-series-5-scheenbeschermers-zwart,,,,,,,Maat,14 oz,,shopify,10,deny,manual,74.95,,TRUE,TRUE,,,,active,,,,
booster-fight-gear-bangkok-series-5-scheenbeschermers-zwart,,,,,,,Maat,16 oz,,shopify,10,deny,manual,74.95,,TRUE,TRUE,,,,active,,,,
booster-fight-gear-bangkok-series-5-scheenbeschermers-zwart,,,,,,,,,,,,,,,,,,https://www.fightpro.nl/wp-content/uploads/2025/11/booster-scheenbeschermers-Bangkok-Series-5-zwart-1.jpg,2,Booster Fight Gear – Bangkok Series 5 scheenbeschermers zwart,,,,,
booster-fight-gear-bangkok-series-1-bokshandschoenen-zwart,Booster Fight Gear – Bangkok Series 5 Bokshandschoenen zwart,"<p data-start=""146"" data-end=""244""><strong data-start=""146"" data-end=""202"">Booster Fight Gear – Bangkok Series 5 Bokshandschoenen</strong><br data-start=""202"" data-end=""205"" /><em data-start=""205"" data-end=""242"">Train hard. Presteer beter. Val op.</em></p> <p data-start=""246"" data-end=""457"">Til je training naar een hoger niveau met de Bangkok Series bokshandschoenen van Booster Fight Gear. Ontworpen voor vechters van alle niveaus, bieden deze handschoenen perfecte pasvorm, comfort en bescherming.</p> <p data-start=""459"" data-end=""489""><strong data-start=""459"" data-end=""487"">Belangrijkste kenmerken:</strong></p> <ul data-start=""490"" data-end=""1104""> <li data-start=""490"" data-end=""577""> <p data-start=""492"" data-end=""577""><strong data-start=""492"" data-end=""523"">Precieze pasvorm & comfort:</strong> veilig en comfortabel, verbetert je slagprestaties.</p> </li> <li data-start=""578"" data-end=""668""> <p data-start=""580"" data-end=""668""><strong data-start=""580"" data-end=""610"">Duurzaam synthetisch leer:</strong> behoudt vorm en kwaliteit, zelfs bij intensief gebruik.</p> </li> <li data-start=""669"" data-end=""759""> <p data-start=""671"" data-end=""759""><strong data-start=""671"" data-end=""695"">Spuitgegoten schuim:</strong> uitstekende schokabsorptie, beschermt handen tegen blessures.</p> </li> <li data-start=""760"" data-end=""815""> <p data-start=""762"" data-end=""815""><strong data-start=""762"" data-end=""787"">Ventilerende voering:</strong> snel drogend en geurvrij.</p> </li> <li data-start=""816"" data-end=""899""> <p data-start=""818"" data-end=""899""><strong data-start=""818"" data-end=""853"">7 cm brede klittenbandsluiting:</strong> stevige polsondersteuning, geen wegglijden.</p> </li> <li data-start=""900"" data-end=""980""> <p data-start=""902"" data-end=""980""><strong data-start=""902"" data-end=""923"">Opvallend design:</strong> grafische prints en Booster-logo voor een unieke look.</p> </li> <li data-start=""981"" data-end=""1045""> <p data-start=""983"" data-end=""1045""><strong data-start=""983"" data-end=""1014"">Betaalbaar & professioneel:</strong> kwaliteit zonder hoge prijs.</p> </li> <li data-start=""1046"" data-end=""1104""> <p data-start=""1048"" data-end=""1104""><strong data-start=""1048"" data-end=""1069"">Meerdere kleuren:</strong> kies een stijl die bij jou past.</p> </li> </ul>",Booster,Kickbokshandschoenen Kunststof,"Booster, Handschoenen, Kickbokshandschoenen Kunststof",TRUE,Maat,10 oz,,shopify,10,deny,manual,64.95,,TRUE,TRUE,https://www.fightpro.nl/wp-content/uploads/2025/11/booster-bokshandschoenen-Bangko-Series-5-zwart.jpg,1,Booster Fight Gear – Bangkok Series 5 Bokshandschoenen zwart,active,Booster BGL V9 kickbokshandschoenen BLACK/GREY,,glove,#0E2A4A
booster-fight-gear-bangkok-series-1-bokshandschoenen-zwart,,,,,,,Maat,12 oz,,shopify,10,deny,manual,64.95,,TRUE,TRUE,,,,active,,,,
booster-fight-gear-bangkok-series-1-bokshandschoenen-zwart,,,,,,,Maat,14 oz,,shopify,10,deny,manual,64.95,,TRUE,TRUE,,,,active,,,,
booster-fight-gear-bangkok-series-1-bokshandschoenen-zwart,,,,,,,Maat,16 oz,,shopify,10,deny,manual,64.95,,TRUE,TRUE,,,,active,,,,
booster-fight-gear-bangkok-series-1-bokshandschoenen-zwart,,,,,,,,,,,,,,,,,,https://www.fightpro.nl/wp-content/uploads/2025/11/booster-bokshandschoenen-Bangko-Series-5-zwart-1.jpg,2,Booster Fight Gear – Bangkok Series 5 Bokshandschoenen zwart,,,,,
booster-fight-gear-bangkok-series-1-bokshandschoenen-zwart,,,,,,,,,,,,,,,,,,https://www.fightpro.nl/wp-content/uploads/2025/11/booster-bokshandschoenen-Bangko-Series-5-zwart-2.jpg,3,Booster Fight Gear – Bangkok Series 5 Bokshandschoenen zwart,,,,,
booster-fight-gear-bangkok-series-1-bokshandschoenen-zwart,,,,,,,,,,,,,,,,,,https://www.fightpro.nl/wp-content/uploads/2025/11/booster-bokshandschoenen-Bangko-Series-5-zwart-3.jpg,4,Booster Fight Gear – Bangkok Series 5 Bokshandschoenen zwart,,,,,
booster-fight-gear-bangkok-series-2-bokshandschoenen-wit,Booster Fight Gear – Bangkok Series 2 Bokshandschoenen wit,"<p data-start=""146"" data-end=""244""><strong data-start=""146"" data-end=""202"">Booster Fight Gear – Bangkok Series Bokshandschoenen</strong><br data-start=""202"" data-end=""205"" /><em data-start=""205"" data-end=""242"">Train hard. Presteer beter. Val op.</em></p> <p data-start=""246"" data-end=""457"">Til je training naar een hoger niveau met de Bangkok Series bokshandschoenen van Booster Fight Gear. Ontworpen voor vechters van alle niveaus, bieden deze handschoenen perfecte pasvorm, comfort en bescherming.</p> <p data-start=""459"" data-end=""489""><strong data-start=""459"" data-end=""487"">Belangrijkste kenmerken:</strong></p> <ul data-start=""490"" data-end=""1104""> <li data-start=""490"" data-end=""577""> <p data-start=""492"" data-end=""577""><strong data-start=""492"" data-end=""523"">Precieze pasvorm & comfort:</strong> veilig en comfortabel, verbetert je slagprestaties.</p> </li> <li data-start=""578"" data-end=""668""> <p data-start=""580"" data-end=""668""><strong data-start=""580"" data-end=""610"">Duurzaam synthetisch leer:</strong> behoudt vorm en kwaliteit, zelfs bij intensief gebruik.</p> </li> <li data-start=""669"" data-end=""759""> <p data-start=""671"" data-end=""759""><strong data-start=""671"" data-end=""695"">Spuitgegoten schuim:</strong> uitstekende schokabsorptie, beschermt handen tegen blessures.</p> </li> <li data-start=""760"" data-end=""815""> <p data-start=""762"" data-end=""815""><strong data-start=""762"" data-end=""787"">Ventilerende voering:</strong> snel drogend en geurvrij.</p> </li> <li data-start=""816"" data-end=""899""> <p data-start=""818"" data-end=""899""><strong data-start=""818"" data-end=""853"">7 cm brede klittenbandsluiting:</strong> stevige polsondersteuning, geen wegglijden.</p> </li> <li data-start=""900"" data-end=""980""> <p data-start=""902"" data-end=""980""><strong data-start=""902"" data-end=""923"">Opvallend design:</strong> grafische prints en Booster-logo voor een unieke look.</p> </li> <li data-start=""981"" data-end=""1045""> <p data-start=""983"" data-end=""1045""><strong data-start=""983"" data-end=""1014"">Betaalbaar & professioneel:</strong> kwaliteit zonder hoge prijs.</p> </li> <li data-start=""1046"" data-end=""1104""> <p data-start=""1048"" data-end=""1104""><strong data-start=""1048"" data-end=""1069"">Meerdere kleuren:</strong> kies een stijl die bij jou past.</p> </li> </ul>",Booster,Kickbokshandschoenen Kunststof,"Booster, Handschoenen, Kickbokshandschoenen Kunststof",TRUE,Maat,10 oz,,shopify,10,deny,manual,64.95,,TRUE,TRUE,https://www.fightpro.nl/wp-content/uploads/2025/11/booster-bokshandschoenen-Bangko-Series-2-wit.jpg,1,Booster Fight Gear – Bangkok Series 2 Bokshandschoenen wit,active,Booster BGL V9 kickbokshandschoenen BLACK/GREY,,glove,#0E2A4A
booster-fight-gear-bangkok-series-2-bokshandschoenen-wit,,,,,,,Maat,12 oz,,shopify,10,deny,manual,64.95,,TRUE,TRUE,,,,active,,,,
booster-fight-gear-bangkok-series-2-bokshandschoenen-wit,,,,,,,Maat,14 oz,,shopify,10,deny,manual,64.95,,TRUE,TRUE,,,,active,,,,
booster-fight-gear-bangkok-series-2-bokshandschoenen-wit,,,,,,,Maat,16 oz,,shopify,10,deny,manual,64.95,,TRUE,TRUE,,,,active,,,,
booster-fight-gear-bangkok-series-2-bokshandschoenen-wit,,,,,,,,,,,,,,,,,,https://www.fightpro.nl/wp-content/uploads/2025/11/booster-bokshandschoenen-Bangko-Series-2-wit-2.jpg,2,Booster Fight Gear – Bangkok Series 2 Bokshandschoenen wit,,,,,
booster-fight-gear-bangkok-series-2-bokshandschoenen-wit,,,,,,,,,,,,,,,,,,https://www.fightpro.nl/wp-content/uploads/2025/11/booster-bokshandschoenen-Bangko-Series-2-wit-3.jpg,3,Booster Fight Gear – Bangkok Series 2 Bokshandschoenen wit,,,,,
booster-fight-gear-bangkok-series-2-bokshandschoenen-wit,,,,,,,,,,,,,,,,,,https://www.fightpro.nl/wp-content/uploads/2025/11/booster-bokshandschoenen-Bangko-Series-2-wit-4.jpg,4,Booster Fight Gear – Bangkok Series 2 Bokshandschoenen wit,,,,,
multi-pad-wandtrainer-px-expert,Multi-Pad Wandtrainer PX EXPERT,"<p>Train volledige combinaties: stoten, lowkicks en body strikes. Met 2 stootpads, 2 lowkick-pads en een centraal bodykussen. Compact en multifunctioneel.</p>",PX,Diversen,"Diversen, PX, trap/stoot kussens",TRUE,,Default Title,,shopify,10,deny,manual,399.00,,TRUE,TRUE,https://www.fightpro.nl/wp-content/uploads/2025/11/expert-px-kicktrainer-wandmontage.jpg,1,PX Multi-Pad Wandtrainer PX EXPERT,active,De Multi-Pad Wandtrainer PX EXPERT,,bag,#101820
fightpro-sporttas-zwart-large-75x35x35-cm-black-on-black-edition,Fightpro sporttas zwart large 75X35X35 cm Black on Black Edition,"<h3 data-start=""240"" data-end=""295""><strong data-start=""247"" data-end=""293"">FightPro Sporttas – Black on Black Edition</strong></h3> <p data-start=""296"" data-end=""331""><strong data-start=""296"" data-end=""329"">Sterk. Stijlvol. Functioneel.</strong></p> <p data-start=""333"" data-end=""538"">De nieuwe <strong data-start=""343"" data-end=""364"">FightPro sporttas</strong> is ontworpen voor echte vechters en sporters die gaan voor kwaliteit. Gemaakt van duurzaam, extra sterk materiaal dat bestand is tegen intensief gebruik — dag in, dag uit.</p> <p data-start=""333"" data-end=""538"">Met <strong data-start=""544"" data-end=""568"">twee ruime zijvakken</strong> berg je moeiteloos je schone kleding, handdoek of accessoires op. De <strong data-start=""638"" data-end=""657"">drie voorvakken</strong> bieden ruimte voor kleinere essentials zoals je <strong data-start=""706"" data-end=""734"">bidon, bitje of telefoon</strong>, zodat alles overzichtelijk en binnen handbereik blijft.</p> <p data-start=""795"" data-end=""941"">De subtiele <strong data-start=""807"" data-end=""834"">black-on-black branding</strong> geeft de tas een stoere, professionele uitstraling — perfect voor in de gym, op reis of bij wedstrijden.</p> <p data-start=""943"" data-end=""976""><strong data-start=""943"" data-end=""974"">Verkrijgbaar in drie maten:</strong></p> <ul data-start=""977"" data-end=""1058""> <li data-start=""977"" data-end=""1003""> <p data-start=""979"" data-end=""1003"">Small: 50 × 30 × 30 cm</p> </li> <li data-start=""1004"" data-end=""1031""> <p data-start=""1006"" data-end=""1031"">Medium: 60 × 30 × 30 cm</p> </li> <li data-start=""1032"" data-end=""1058""> <p data-start=""1034"" data-end=""1058"">Large: 75 × 35 × 35 cm</p> </li> </ul> <p data-start=""1060"" data-end=""1158"">✅ Duurzaam en sterk<br data-start=""1079"" data-end=""1082"" />✅ Slim ingedeelde vakken<br data-start=""1106"" data-end=""1109"" />✅ Stijlvol zwart ontwerp<br data-start=""1133"" data-end=""1136"" />✅ FightPro kwaliteit</p> <p data-start=""1160"" data-end=""1192""><strong data-start=""1160"" data-end=""1192"">FightPro – Built for battle.</strong></p>",Fightpro,Sport tassen,"Fightpro, Sport tassen",TRUE,,Default Title,,shopify,10,deny,manual,59.95,,TRUE,TRUE,https://www.fightpro.nl/wp-content/uploads/2025/11/Fightpro-Sport-Tasche-Schwarz-Large-75x35x35-cm.jpg,1,Fightpro sporttas zwart large 75X35X35 cm Black on Black Edition,active,,,bag,#1A1200
fightpro-sporttas-zwart-large-75x35x35-cm-black-on-black-edition,,,,,,,,,,,,,,,,,,https://www.fightpro.nl/wp-content/uploads/2025/11/Fightpro-Sport-Tasche-Schwarz-Large-75x35x35-cm-2.jpg,2,Fightpro sporttas zwart large 75X35X35 cm Black on Black Edition,,,,,
fightpro-sporttas-zwart-large-75x35x35-cm-black-on-black-edition,,,,,,,,,,,,,,,,,,https://www.fightpro.nl/wp-content/uploads/2025/11/Fightpro-Sport-Tasche-Schwarz-Large-75x35x35-cm-3.jpg,3,Fightpro sporttas zwart large 75X35X35 cm Black on Black Edition,,,,,
fightpro-sporttas-zwart-large-75x35x35-cm-black-on-black-edition,,,,,,,,,,,,,,,,,,https://www.fightpro.nl/wp-content/uploads/2025/11/Fightpro-Sport-Tasche-Schwarz-Large-75x35x35-cm-4.jpg,4,Fightpro sporttas zwart large 75X35X35 cm Black on Black Edition,,,,,
fightpro-sporttas-zwart-large-75x35x35-cm-black-on-black-edition,,,,,,,,,,,,,,,,,,https://www.fightpro.nl/wp-content/uploads/2025/11/Fightpro-Sport-Tasche-Schwarz-Large-75x35x35-cm-5.jpg,5,Fightpro sporttas zwart large 75X35X35 cm Black on Black Edition,,,,,
fightpro-sporttas-zwart-large-75x35x35-cm-black-on-black-edition,,,,,,,,,,,,,,,,,,https://www.fightpro.nl/wp-content/uploads/2025/11/Fightpro-Sport-Tasche-Schwarz-Large-75x35x35-cm-6.jpg,6,Fightpro sporttas zwart large 75X35X35 cm Black on Black Edition,,,,,
fightpro-sporttas-zwart-medium-60x30x30-cm-black-on-black-edition,Fightpro sporttas zwart medium 60X30X30 cm Black on Black Edition,"<h3 data-start=""240"" data-end=""295""><strong data-start=""247"" data-end=""293"">FightPro Sporttas – Black on Black Edition</strong></h3> <p data-start=""296"" data-end=""331""><strong data-start=""296"" data-end=""329"">Sterk. Stijlvol. Functioneel.</strong></p> <p data-start=""333"" data-end=""538"">De nieuwe <strong data-start=""343"" data-end=""364"">FightPro sporttas</strong> is ontworpen voor echte vechters en sporters die gaan voor kwaliteit. Gemaakt van duurzaam, extra sterk materiaal dat bestand is tegen intensief gebruik — dag in, dag uit.</p> <p data-start=""333"" data-end=""538"">Met <strong data-start=""544"" data-end=""568"">twee ruime zijvakken</strong> berg je moeiteloos je schone kleding, handdoek of accessoires op. De <strong data-start=""638"" data-end=""657"">drie voorvakken</strong> bieden ruimte voor kleinere essentials zoals je <strong data-start=""706"" data-end=""734"">bidon, bitje of telefoon</strong>, zodat alles overzichtelijk en binnen handbereik blijft.</p> <p data-start=""795"" data-end=""941"">De subtiele <strong data-start=""807"" data-end=""834"">black-on-black branding</strong> geeft de tas een stoere, professionele uitstraling — perfect voor in de gym, op reis of bij wedstrijden.</p> <p data-start=""943"" data-end=""976""><strong data-start=""943"" data-end=""974"">Verkrijgbaar in drie maten:</strong></p> <ul data-start=""977"" data-end=""1058""> <li data-start=""977"" data-end=""1003""> <p data-start=""979"" data-end=""1003"">Small: 50 × 30 × 30 cm</p> </li> <li data-start=""1004"" data-end=""1031""> <p data-start=""1006"" data-end=""1031"">Medium: 60 × 30 × 30 cm</p> </li> <li data-start=""1032"" data-end=""1058""> <p data-start=""1034"" data-end=""1058"">Large: 75 × 35 × 35 cm</p> </li> </ul> <p data-start=""1060"" data-end=""1158"">✅ Duurzaam en sterk<br data-start=""1079"" data-end=""1082"" />✅ Slim ingedeelde vakken<br data-start=""1106"" data-end=""1109"" />✅ Stijlvol zwart ontwerp<br data-start=""1133"" data-end=""1136"" />✅ FightPro kwaliteit</p> <p data-start=""1160"" data-end=""1192""><strong data-start=""1160"" data-end=""1192"">FightPro – Built for battle.</strong></p>",Fightpro,Sport tassen,"Fightpro, Sport tassen",TRUE,,Default Title,,shopify,10,deny,manual,49.95,,TRUE,TRUE,https://www.fightpro.nl/wp-content/uploads/2025/11/Fightpro-Sport-Tasche-Schwarz-Large-75x35x35-cm.jpg,1,Fightpro sporttas zwart medium 60X30X30 cm Black on Black Edition,active,,,bag,#1A1200
fightpro-sporttas-zwart-medium-60x30x30-cm-black-on-black-edition,,,,,,,,,,,,,,,,,,https://www.fightpro.nl/wp-content/uploads/2025/11/Fightpro-Sport-Tasche-Schwarz-Large-75x35x35-cm-2.jpg,2,Fightpro sporttas zwart medium 60X30X30 cm Black on Black Edition,,,,,
fightpro-sporttas-zwart-medium-60x30x30-cm-black-on-black-edition,,,,,,,,,,,,,,,,,,https://www.fightpro.nl/wp-content/uploads/2025/11/Fightpro-Sport-Tasche-Schwarz-Large-75x35x35-cm-3.jpg,3,Fightpro sporttas zwart medium 60X30X30 cm Black on Black Edition,,,,,
fightpro-sporttas-zwart-medium-60x30x30-cm-black-on-black-edition,,,,,,,,,,,,,,,,,,https://www.fightpro.nl/wp-content/uploads/2025/11/Fightpro-Sport-Tasche-Schwarz-Large-75x35x35-cm-4.jpg,4,Fightpro sporttas zwart medium 60X30X30 cm Black on Black Edition,,,,,
fightpro-sporttas-zwart-medium-60x30x30-cm-black-on-black-edition,,,,,,,,,,,,,,,,,,https://www.fightpro.nl/wp-content/uploads/2025/11/Fightpro-Sport-Tasche-Schwarz-Large-75x35x35-cm-5.jpg,5,Fightpro sporttas zwart medium 60X30X30 cm Black on Black Edition,,,,,
fightpro-sporttas-zwart-medium-60x30x30-cm-black-on-black-edition,,,,,,,,,,,,,,,,,,https://www.fightpro.nl/wp-content/uploads/2025/11/Fightpro-Sport-Tasche-Schwarz-Large-75x35x35-cm-6.jpg,6,Fightpro sporttas zwart medium 60X30X30 cm Black on Black Edition,,,,,
fightpro-sporttas-zwart-small-50x30x30-cm-black-on-black-edition-kids,Fightpro sporttas zwart small 50X30X30 cm Black on Black Edition Kids,"<h3 data-start=""240"" data-end=""295""><strong data-start=""247"" data-end=""293"">FightPro Sporttas – Black on Black Edition</strong></h3> <p data-start=""296"" data-end=""331""><strong data-start=""296"" data-end=""329"">Sterk. Stijlvol. Functioneel.</strong></p> <p data-start=""333"" data-end=""538"">De nieuwe <strong data-start=""343"" data-end=""364"">FightPro sporttas</strong> is ontworpen voor echte vechters en sporters die gaan voor kwaliteit. Gemaakt van duurzaam, extra sterk materiaal dat bestand is tegen intensief gebruik — dag in, dag uit.</p> <p data-start=""333"" data-end=""538"">Met <strong data-start=""544"" data-end=""568"">twee ruime zijvakken</strong> berg je moeiteloos je schone kleding, handdoek of accessoires op. De <strong data-start=""638"" data-end=""657"">drie voorvakken</strong> bieden ruimte voor kleinere essentials zoals je <strong data-start=""706"" data-end=""734"">bidon, bitje of telefoon</strong>, zodat alles overzichtelijk en binnen handbereik blijft.</p> <p data-start=""795"" data-end=""941"">De subtiele <strong data-start=""807"" data-end=""834"">black-on-black branding</strong> geeft de tas een stoere, professionele uitstraling — perfect voor in de gym, op reis of bij wedstrijden.</p> <p data-start=""943"" data-end=""976""><strong data-start=""943"" data-end=""974"">Verkrijgbaar in drie maten:</strong></p> <ul data-start=""977"" data-end=""1058""> <li data-start=""977"" data-end=""1003""> <p data-start=""979"" data-end=""1003"">Small: 50 × 30 × 30 cm</p> </li> <li data-start=""1004"" data-end=""1031""> <p data-start=""1006"" data-end=""1031"">Medium: 60 × 30 × 30 cm</p> </li> <li data-start=""1032"" data-end=""1058""> <p data-start=""1034"" data-end=""1058"">Large: 75 × 35 × 35 cm</p> </li> </ul> <p data-start=""1060"" data-end=""1158"">✅ Duurzaam en sterk<br data-start=""1079"" data-end=""1082"" />✅ Slim ingedeelde vakken<br data-start=""1106"" data-end=""1109"" />✅ Stijlvol zwart ontwerp<br data-start=""1133"" data-end=""1136"" />✅ FightPro kwaliteit</p> <p data-start=""1160"" data-end=""1192""><strong data-start=""1160"" data-end=""1192"">FightPro – Built for battle.</strong></p>",Fightpro,Kids fight,"Fightpro, Kids fight, Sport tassen",TRUE,,Default Title,,shopify,10,deny,manual,39.95,,TRUE,TRUE,https://www.fightpro.nl/wp-content/uploads/2025/11/Fightpro-Sport-Tasche-Schwarz-Large-75x35x35-cm.jpg,1,Fightpro sporttas zwart small 50X30X30 cm Black on Black Edition Kids,active,,,bag,#1A1200
fightpro-sporttas-zwart-small-50x30x30-cm-black-on-black-edition-kids,,,,,,,,,,,,,,,,,,https://www.fightpro.nl/wp-content/uploads/2025/11/Fightpro-Sport-Tasche-Schwarz-Large-75x35x35-cm-2.jpg,2,Fightpro sporttas zwart small 50X30X30 cm Black on Black Edition Kids,,,,,
fightpro-sporttas-zwart-small-50x30x30-cm-black-on-black-edition-kids,,,,,,,,,,,,,,,,,,https://www.fightpro.nl/wp-content/uploads/2025/11/Fightpro-Sport-Tasche-Schwarz-Large-75x35x35-cm-3.jpg,3,Fightpro sporttas zwart small 50X30X30 cm Black on Black Edition Kids,,,,,
fightpro-sporttas-zwart-small-50x30x30-cm-black-on-black-edition-kids,,,,,,,,,,,,,,,,,,https://www.fightpro.nl/wp-content/uploads/2025/11/Fightpro-Sport-Tasche-Schwarz-Large-75x35x35-cm-4.jpg,4,Fightpro sporttas zwart small 50X30X30 cm Black on Black Edition Kids,,,,,
fightpro-sporttas-zwart-small-50x30x30-cm-black-on-black-edition-kids,,,,,,,,,,,,,,,,,,https://www.fightpro.nl/wp-content/uploads/2025/11/Fightpro-Sport-Tasche-Schwarz-Large-75x35x35-cm-5.jpg,5,Fightpro sporttas zwart small 50X30X30 cm Black on Black Edition Kids,,,,,
fightpro-sporttas-zwart-small-50x30x30-cm-black-on-black-edition-kids,,,,,,,,,,,,,,,,,,https://www.fightpro.nl/wp-content/uploads/2025/11/Fightpro-Sport-Tasche-Schwarz-Large-75x35x35-cm-6.jpg,6,Fightpro sporttas zwart small 50X30X30 cm Black on Black Edition Kids,,,,,
fightpro-kickbokshandschoenen-kali-top-kwaliteit-leer,Fightpro kickbokshandschoenen KALI Top kwaliteit leer,"<h3 data-start=""204"" data-end=""274""><strong data-start=""211"" data-end=""274"">FightPro KALI Kickbokshandschoenen – Topkwaliteit Echt Leer</strong></h3> <p data-start=""276"" data-end=""611"">De <strong data-start=""279"" data-end=""296"">FightPro KALI </strong>kickbokshandschoenen zijn ontworpen voor vechters die kracht, precisie en stijl willen combineren. Gemaakt van <strong data-start=""408"" data-end=""432"">hoogwaardig rundleer</strong> en voorzien van een <strong data-start=""453"" data-end=""484"">strakke anatomische pasvorm</strong>, bieden deze handschoenen optimale bescherming, duurzaamheid en comfort — of je nu traint voor kracht, techniek of competitie.</p> <p data-start=""613"" data-end=""862"">De naam <strong data-start=""621"" data-end=""631"">“KALI”</strong> is geïnspireerd op de <strong data-start=""654"" data-end=""675"">Hindoe-godin Kali</strong>, symbool van <strong data-start=""689"" data-end=""758"">onoverwinnelijke kracht, transformatie en vernietiging van zwakte</strong>. Net als de godin zelf, staan deze handschoenen voor <strong data-start=""812"" data-end=""859"">intensiteit, focus en dominantie in de ring</strong>.</p> <p data-start=""864"" data-end=""1075"">Met hun premium afwerking, stevige polssluiting en schokabsorberende vulling zijn de FightPro KALI-handschoenen gebouwd om elke uitdaging aan te kunnen — <strong data-start=""1018"" data-end=""1072"">van zware sparringssessies tot harde padtrainingen</strong>.</p> <p data-start=""1077"" data-end=""1093""><strong data-start=""1077"" data-end=""1091"">Kenmerken:</strong></p> <ul data-start=""1094"" data-end=""1426""> <li data-start=""1094"" data-end=""1140""> <p data-start=""1096"" data-end=""1140"">Gemaakt van <strong data-start=""1108"" data-end=""1138"">100% topkwaliteit rundleer</strong></p> </li> <li data-start=""1141"" data-end=""1194""> <p data-start=""1143"" data-end=""1194""><strong data-start=""1143"" data-end=""1168"">Dubbel gestikte naden</strong> voor extra duurzaamheid</p> </li> <li data-start=""1195"" data-end=""1256""> <p data-start=""1197"" data-end=""1256""><strong data-start=""1197"" data-end=""1225"">Geavanceerde foamvulling</strong> voor maximale schokabsorptie</p> </li> <li data-start=""1257"" data-end=""1314""> <p data-start=""1259"" data-end=""1314""><strong data-start=""1259"" data-end=""1288"">Brede klittenbandsluiting</strong> voor optimale polssteun</p> </li> <li data-start=""1315"" data-end=""1371""> <p data-start=""1317"" data-end=""1371""><strong data-start=""1317"" data-end=""1336"">Ventilatiezones</strong> voor fris en comfortabel trainen</p> </li> <li data-start=""1372"" data-end=""1426""> <p data-start=""1374"" data-end=""1426"">Verkrijgbaar in meerdere gewichten (10 oz – 16 oz)</p> </li> </ul> <p data-start=""1428"" data-end=""1473""><strong data-start=""1428"" data-end=""1473"">FightPro KALI – Unleash the Power Within.</strong></p>",Fightpro,Kickbokshandschoenen leer,"Bestsellers!, Fightpro, Handschoenen, Kickbokshandschoenen leer, Bestseller",TRUE,Maat,10 oz,,shopify,10,deny,manual,109.95,,TRUE,TRUE,https://www.fightpro.nl/wp-content/uploads/2025/10/FIGHTPRO-boxhandschuhe-kali.jpg,1,Fightpro kickbokshandschoenen KALI Top kwaliteit leer,active,De &#8220;Fightpro KALI&#8221; black-on-black bokshandschoen staat bekend om de goede polsbescherming en zit erg aangenaam.,Bestseller,glove,#1A1200
fightpro-kickbokshandschoenen-kali-top-kwaliteit-leer,,,,,,,Maat,12 oz,,shopify,10,deny,manual,109.95,,TRUE,TRUE,,,,active,,,,
fightpro-kickbokshandschoenen-kali-top-kwaliteit-leer,,,,,,,Maat,14 oz,,shopify,10,deny,manual,109.95,,TRUE,TRUE,,,,active,,,,
fightpro-kickbokshandschoenen-kali-top-kwaliteit-leer,,,,,,,Maat,16 oz,,shopify,10,deny,manual,109.95,,TRUE,TRUE,,,,active,,,,
fightpro-kickbokshandschoenen-kali-top-kwaliteit-leer,,,,,,,Maat,4 oz,,shopify,10,deny,manual,109.95,,TRUE,TRUE,,,,active,,,,
fightpro-kickbokshandschoenen-kali-top-kwaliteit-leer,,,,,,,Maat,6 oz,,shopify,10,deny,manual,109.95,,TRUE,TRUE,,,,active,,,,
fightpro-kickbokshandschoenen-kali-top-kwaliteit-leer,,,,,,,Maat,8 oz,,shopify,10,deny,manual,109.95,,TRUE,TRUE,,,,active,,,,
fightpro-kickbokshandschoenen-kali-top-kwaliteit-leer,,,,,,,,,,,,,,,,,,https://www.fightpro.nl/wp-content/uploads/2025/10/FIGHTPRO-boxhandschuhe-KALI-Leder-2.jpg,2,Fightpro kickbokshandschoenen KALI Top kwaliteit leer,,,,,
fightpro-kickbokshandschoenen-kali-top-kwaliteit-leer,,,,,,,,,,,,,,,,,,https://www.fightpro.nl/wp-content/uploads/2025/10/FIGHTPRO-boxhandschuhe-KALI-Leder-3.jpg,3,Fightpro kickbokshandschoenen KALI Top kwaliteit leer,,,,,
fightpro-kickbokshandschoenen-kali-top-kwaliteit-leer,,,,,,,,,,,,,,,,,,https://www.fightpro.nl/wp-content/uploads/2025/10/FIGHTPRO-boxhandschuhe-KALI-Leder-4.jpg,4,Fightpro kickbokshandschoenen KALI Top kwaliteit leer,,,,,
fightpro-kickbokshandschoenen-kali-top-kwaliteit-leer,,,,,,,,,,,,,,,,,,https://www.fightpro.nl/wp-content/uploads/2025/10/FIGHTPRO-boxhandschuhe-KALI-Leder-5.jpg,5,Fightpro kickbokshandschoenen KALI Top kwaliteit leer,,,,,
joya-sporttas-v2-camo-goud,Joya Sporttas V2 Camo Goud,<p>Afmeting: 45x30x30 cm<br /> meerdere vakken<br /> Leuke tas voor de kickboks liefhebbers.</p>,Joya,Kids fight,"Joya, Kids fight, Sport tassen",TRUE,,Default Title,,shopify,10,deny,manual,34.95,,TRUE,TRUE,https://www.fightpro.nl/wp-content/uploads/2025/10/Joya-Camo-V2-Sporttas-goud.jpg,1,Joya Sporttas V2 Camo Goud,active,,,bag,#1C1C1C
booster-bsg-v9-scheenbeschermers-black-grey,Booster BSG V9 scheenbeschermers BLACK/GREY,<p>Booster BSG V9 scheenbeschermers BLACK/GREY</p>,Booster,Scheenbeschermers,"Bescherming, Booster, Scheenbeschermers",TRUE,Maat,10 oz,,shopify,10,deny,manual,119.95,,TRUE,TRUE,https://www.fightpro.nl/wp-content/uploads/2025/09/Booster-BSG-V9-scheenbeschermers-white-gold.jpg,1,Booster BSG V9 scheenbeschermers BLACK/GREY,active,Booster BSG V9 scheenbeschermers BLACK/GREY,,shield,#0E2A4A
booster-bsg-v9-scheenbeschermers-black-grey,,,,,,,Maat,12 oz,,shopify,10,deny,manual,119.95,,TRUE,TRUE,,,,active,,,,
booster-bsg-v9-scheenbeschermers-black-grey,,,,,,,Maat,14 oz,,shopify,10,deny,manual,119.95,,TRUE,TRUE,,,,active,,,,
booster-bsg-v9-scheenbeschermers-black-grey,,,,,,,Maat,16 oz,,shopify,10,deny,manual,119.95,,TRUE,TRUE,,,,active,,,,
booster-bsg-v9-scheenbeschermers-black-grey,,,,,,,,,,,,,,,,,,https://www.fightpro.nl/wp-content/uploads/2025/09/Booster-BSG-V9-scheenbeschermers-white-gold2.jpg,2,Booster BSG V9 scheenbeschermers BLACK/GREY,,,,,
booster-bsg-v9-scheenbeschermers-black-grey,,,,,,,,,,,,,,,,,,https://www.fightpro.nl/wp-content/uploads/2025/09/Booster-BSG-V9-scheenbeschermers-white-gold3.jpg,3,Booster BSG V9 scheenbeschermers BLACK/GREY,,,,,
booster-bgl-v9-kickbokshandschoenen-black-grey,Booster BGL V9 kickbokshandschoenen BLACK/GREY,<p>Booster BGL V9 kickbokshandschoenen BLACK/GREY</p>,Booster,Kickbokshandschoenen leer,"Booster, Handschoenen, Kickbokshandschoenen leer",TRUE,Maat,10 oz,,shopify,10,deny,manual,159.95,,TRUE,TRUE,https://www.fightpro.nl/wp-content/uploads/2025/09/booster-bokshandschoenen-BGL-V9-black-grey.jpg,1,Booster BGL V9 kickbokshandschoenen BLACK/GREY,active,Booster BGL V9 kickbokshandschoenen BLACK/GREY,,glove,#0E2A4A
booster-bgl-v9-kickbokshandschoenen-black-grey,,,,,,,Maat,12 oz,,shopify,10,deny,manual,159.95,,TRUE,TRUE,,,,active,,,,
booster-bgl-v9-kickbokshandschoenen-black-grey,,,,,,,Maat,14 oz,,shopify,10,deny,manual,159.95,,TRUE,TRUE,,,,active,,,,
booster-bgl-v9-kickbokshandschoenen-black-grey,,,,,,,Maat,16 oz,,shopify,10,deny,manual,159.95,,TRUE,TRUE,,,,active,,,,
booster-bgl-v9-kickbokshandschoenen-black-grey,,,,,,,,,,,,,,,,,,https://www.fightpro.nl/wp-content/uploads/2025/09/booster-bokshandschoenen-BGL-V9-black-grey2.jpg,2,Booster BGL V9 kickbokshandschoenen BLACK/GREY,,,,,
booster-bgl-v9-kickbokshandschoenen-black-grey,,,,,,,,,,,,,,,,,,https://www.fightpro.nl/wp-content/uploads/2025/09/booster-bokshandschoenen-BGL-V9-black-grey3.jpg,3,Booster BGL V9 kickbokshandschoenen BLACK/GREY,,,,,
booster-bgl-v9-kickbokshandschoenen-black-grey,,,,,,,,,,,,,,,,,,https://www.fightpro.nl/wp-content/uploads/2025/09/booster-bokshandschoenen-BGL-V9-black-grey4.jpg,4,Booster BGL V9 kickbokshandschoenen BLACK/GREY,,,,,
booster-bgl-v9-kickbokshandschoenen-white-gold,Booster BGL V9 kickbokshandschoenen WHITE/GOLD,<p>Booster BGL V9 kickbokshandschoenen WHITE/GOLD</p>,Booster,Kickbokshandschoenen leer,"Booster, Handschoenen, Kickbokshandschoenen leer",TRUE,Maat,10 oz,,shopify,10,deny,manual,159.95,,TRUE,TRUE,https://www.fightpro.nl/wp-content/uploads/2025/09/booster-bokshandschoenen-BGL-V9-WHITE-GOLD.jpg,1,Booster BGL V9 kickbokshandschoenen WHITE/GOLD,active,Booster BGL V9 kickbokshandschoenen WHITE/GOLD,,glove,#0E2A4A
booster-bgl-v9-kickbokshandschoenen-white-gold,,,,,,,Maat,12 oz,,shopify,10,deny,manual,159.95,,TRUE,TRUE,,,,active,,,,
booster-bgl-v9-kickbokshandschoenen-white-gold,,,,,,,Maat,14 oz,,shopify,10,deny,manual,159.95,,TRUE,TRUE,,,,active,,,,
booster-bgl-v9-kickbokshandschoenen-white-gold,,,,,,,Maat,16 oz,,shopify,10,deny,manual,159.95,,TRUE,TRUE,,,,active,,,,
booster-bgl-v9-kickbokshandschoenen-white-gold,,,,,,,,,,,,,,,,,,https://www.fightpro.nl/wp-content/uploads/2025/09/booster-bokshandschoenen-BGL-V9-WHITE-GOLD2.jpg,2,Booster BGL V9 kickbokshandschoenen WHITE/GOLD,,,,,
booster-bgl-v9-kickbokshandschoenen-black-blue,Booster BGL V9 kickbokshandschoenen BLACK/BLUE,<p>Booster BGL V9 kickbokshandschoenen BLACK/BLUE</p>,Booster,Kickbokshandschoenen leer,"Booster, Handschoenen, Kickbokshandschoenen leer",TRUE,Maat,10 oz,,shopify,10,deny,manual,159.95,,TRUE,TRUE,https://www.fightpro.nl/wp-content/uploads/2025/09/booster-bokshandschoenen-BGL-V9-black-blue.jpg,1,Booster BGL V9 kickbokshandschoenen BLACK/BLUE,active,Booster BGL V9 kickbokshandschoenen BLACK/BLUE,,glove,#0E2A4A
booster-bgl-v9-kickbokshandschoenen-black-blue,,,,,,,Maat,12 oz,,shopify,10,deny,manual,159.95,,TRUE,TRUE,,,,active,,,,
booster-bgl-v9-kickbokshandschoenen-black-blue,,,,,,,Maat,14 oz,,shopify,10,deny,manual,159.95,,TRUE,TRUE,,,,active,,,,
booster-bgl-v9-kickbokshandschoenen-black-blue,,,,,,,Maat,16 oz,,shopify,10,deny,manual,159.95,,TRUE,TRUE,,,,active,,,,
booster-bgl-v9-kickbokshandschoenen-black-blue,,,,,,,,,,,,,,,,,,https://www.fightpro.nl/wp-content/uploads/2025/09/booster-bokshandschoenen-BGL-V9-black-blue2.jpg,2,Booster BGL V9 kickbokshandschoenen BLACK/BLUE,,,,,
joya-strike-scheenbeschermers-blauw-leer,Joya Strike Scheenbeschermers -Blauw Leer,"<p data-start=""149"" data-end=""412""><strong data-start=""149"" data-end=""186"">JoyaGear Strike Scheenbeschermers</strong><br data-start=""186"" data-end=""189"" />Handgemaakt in Thailand voor topkwaliteit en prestaties. Lichtgewicht en comfortabel, met stevige vulling voor optimale bescherming. De kliksysteemriemen zorgen voor een veilige pasvorm tijdens elke training of wedstrijd.</p> <p data-start=""414"" data-end=""430""><strong data-start=""414"" data-end=""428"">Kenmerken:</strong></p> <ul data-start=""431"" data-end=""614""> <li data-start=""431"" data-end=""495""> <p data-start=""433"" data-end=""495"">Professionele kwaliteit, geschikt voor training & competitie</p> </li> <li data-start=""496"" data-end=""544""> <p data-start=""498"" data-end=""544"">Lichtgewicht voor maximale bewegingsvrijheid</p> </li> <li data-start=""545"" data-end=""586""> <p data-start=""547"" data-end=""586"">Stevige kliksysteemriemen met JG-logo</p> </li> <li data-start=""587"" data-end=""614""> <p data-start=""589"" data-end=""614"">Handgemaakt in Thailand</p> </li> </ul>",Joya,Scheenbeschermers,"Bescherming, Joya, Scheenbeschermers",TRUE,Maat,14 oz,,shopify,10,deny,manual,109.95,,TRUE,TRUE,https://www.fightpro.nl/wp-content/uploads/2025/09/Joya-scheenbeschermer-strike-blauw.jpg,1,Joya Strike Scheenbeschermers -Blauw Leer,active,Professionele scheenbeschermer van Joya. Handgemaakt in Thailand,,shield,#1C1C1C
joya-strike-scheenbeschermers-blauw-leer,,,,,,,Maat,16 oz,,shopify,10,deny,manual,109.95,,TRUE,TRUE,,,,active,,,,
joya-strike-scheenbeschermers-rood-leer,Joya Strike Scheenbeschermers -Rood Leer,"<p data-start=""149"" data-end=""412""><strong data-start=""149"" data-end=""186"">JoyaGear Strike Scheenbeschermers</strong><br data-start=""186"" data-end=""189"" />Handgemaakt in Thailand voor topkwaliteit en prestaties. Lichtgewicht en comfortabel, met stevige vulling voor optimale bescherming. De kliksysteemriemen zorgen voor een veilige pasvorm tijdens elke training of wedstrijd.</p> <p data-start=""414"" data-end=""430""><strong data-start=""414"" data-end=""428"">Kenmerken:</strong></p> <ul data-start=""431"" data-end=""614""> <li data-start=""431"" data-end=""495""> <p data-start=""433"" data-end=""495"">Professionele kwaliteit, geschikt voor training & competitie</p> </li> <li data-start=""496"" data-end=""544""> <p data-start=""498"" data-end=""544"">Lichtgewicht voor maximale bewegingsvrijheid</p> </li> <li data-start=""545"" data-end=""586""> <p data-start=""547"" data-end=""586"">Stevige kliksysteemriemen met JG-logo</p> </li> <li data-start=""587"" data-end=""614""> <p data-start=""589"" data-end=""614"">Handgemaakt in Thailand</p> </li> </ul>",Joya,Scheenbeschermers,"Bescherming, Joya, Scheenbeschermers",TRUE,Maat,14 oz,,shopify,10,deny,manual,109.95,,TRUE,TRUE,https://www.fightpro.nl/wp-content/uploads/2025/09/Joya-scheenbeschermer-strike-rood.jpg,1,Joya Strike Scheenbeschermers -Rood Leer,active,Professionele scheenbeschermer van Joya. Handgemaakt in Thailand,,shield,#1C1C1C
joya-strike-scheenbeschermers-rood-leer,,,,,,,Maat,16 oz,,shopify,10,deny,manual,109.95,,TRUE,TRUE,,,,active,,,,
joya-strike-scheenbeschermers-rood-leer,,,,,,,,,,,,,,,,,,https://www.fightpro.nl/wp-content/uploads/2025/09/Joya-scheenbeschermer-strike-rood-1.jpg,2,Joya Strike Scheenbeschermers -Rood Leer,,,,,
joya-strike-scheenbeschermers-rood-leer,,,,,,,,,,,,,,,,,,https://www.fightpro.nl/wp-content/uploads/2025/09/Joya-scheenbeschermer-strike-rood-2.jpg,3,Joya Strike Scheenbeschermers -Rood Leer,,,,,
joya-strike-scheenbeschermers-rood-leer,,,,,,,,,,,,,,,,,,https://www.fightpro.nl/wp-content/uploads/2025/09/Joya-scheenbeschermer-strike-rood-3.jpg,4,Joya Strike Scheenbeschermers -Rood Leer,,,,,
joya-strike-scheenbeschermers-rood-leer,,,,,,,,,,,,,,,,,,https://www.fightpro.nl/wp-content/uploads/2025/09/Joya-scheenbeschermer-strike-rood-4.jpg,5,Joya Strike Scheenbeschermers -Rood Leer,,,,,
danger-scheenbeschermer-evolution-wit,Danger scheenbeschermer Evolution Wit,"<h3 data-start=""77"" data-end=""123"">Danger Super Evolution Scheenbeschermers</h3> <ul data-start=""124"" data-end=""321""> <li data-start=""124"" data-end=""181""> <p data-start=""126"" data-end=""181"">Gemaakt van sterk kunstleer – duurzaam en comfortabel</p> </li> <li data-start=""182"" data-end=""235""> <p data-start=""184"" data-end=""235"">Stevige klittenbandsluiting voor perfecte pasvorm</p> </li> <li data-start=""236"" data-end=""282""> <p data-start=""238"" data-end=""282"">Geschikt voor kickboksen, thaiboksen & MMA</p> </li> <li data-start=""283"" data-end=""321""> <p data-start=""285"" data-end=""321"">Voor beginners én ervaren vechters</p> </li> </ul> <p data-start=""323"" data-end=""379""><strong data-start=""323"" data-end=""333"">Maten:</strong> S (30 cm), M (32 cm), L (34 cm), XL (37 cm)</p>",King,Scheenbeschermers,"Bescherming, King, Scheenbeschermers",TRUE,Maat,14 oz,,shopify,10,deny,manual,92.50,,TRUE,TRUE,https://www.fightpro.nl/wp-content/uploads/2025/09/Danger-scheenbeschermers-evolution-Wit-Zwart2.jpg,1,King Danger scheenbeschermer Evolution Wit,active,Professionele scheenbeschermer van Danger. Handgemaakt in Thailand,,shield,#11243A
danger-scheenbeschermer-evolution-wit,,,,,,,Maat,16 oz,,shopify,10,deny,manual,92.50,,TRUE,TRUE,,,,active,,,,
danger-scheenbeschermer-evolution-wit,,,,,,,,,,,,,,,,,,https://www.fightpro.nl/wp-content/uploads/2025/09/Danger-scheenbeschermers-evolution-Wit-Zwart.jpg,2,King Danger scheenbeschermer Evolution Wit,,,,,
danger-scheenbeschermer-evolution-wit,,,,,,,,,,,,,,,,,,https://www.fightpro.nl/wp-content/uploads/2025/09/Danger-scheenbeschermers-evolution-Wit-Zwart3.jpg,3,King Danger scheenbeschermer Evolution Wit,,,,,
danger-scheenbeschermer-evolution-zwart,Danger scheenbeschermer Evolution Zwart,"<h3 data-start=""77"" data-end=""123"">Danger Super Evolution Scheenbeschermers</h3> <ul data-start=""124"" data-end=""321""> <li data-start=""124"" data-end=""181""> <p data-start=""126"" data-end=""181"">Gemaakt van sterk kunstleer – duurzaam en comfortabel</p> </li> <li data-start=""182"" data-end=""235""> <p data-start=""184"" data-end=""235"">Stevige klittenbandsluiting voor perfecte pasvorm</p> </li> <li data-start=""236"" data-end=""282""> <p data-start=""238"" data-end=""282"">Geschikt voor kickboksen, thaiboksen & MMA</p> </li> <li data-start=""283"" data-end=""321""> <p data-start=""285"" data-end=""321"">Voor beginners én ervaren vechters</p> </li> </ul> <p data-start=""323"" data-end=""379""><strong data-start=""323"" data-end=""333"">Maten:</strong> S (30 cm), M (32 cm), L (34 cm), XL (37 cm)</p>",King,Scheenbeschermers,"Bescherming, King, Scheenbeschermers",TRUE,Maat,14 oz,,shopify,10,deny,manual,92.50,,TRUE,TRUE,https://www.fightpro.nl/wp-content/uploads/2025/09/Danger-scheenbeschermers-evolution-Zwart.jpg,1,King Danger scheenbeschermer Evolution Zwart,active,Professionele scheenbeschermer van Danger. Handgemaakt in Thailand,,shield,#11243A
danger-scheenbeschermer-evolution-zwart,,,,,,,Maat,16 oz,,shopify,10,deny,manual,92.50,,TRUE,TRUE,,,,active,,,,
danger-scheenbeschermer-evolution-zwart,,,,,,,,,,,,,,,,,,https://www.fightpro.nl/wp-content/uploads/2025/09/Danger-scheenbeschermers-evolution-Zwart2.jpg,2,King Danger scheenbeschermer Evolution Zwart,,,,,
danger-scheenbeschermer-evolution-zwart,,,,,,,,,,,,,,,,,,https://www.fightpro.nl/wp-content/uploads/2025/09/Danger-scheenbeschermers-evolution-Zwart3.jpg,3,King Danger scheenbeschermer Evolution Zwart,,,,,
danger-kickbokshandschoenen-rocket-zwart,Danger (kick)bokshandschoenen Rocket Zwart,"<p>Top handschoenen van Danger, super kwaliteit uit Thailand</p> <p>Danger (kick)bokshandschoenen Rocket Zwart</p>",Danger,Kickbokshandschoenen leer,"Danger, Handschoenen, Kickbokshandschoenen leer, King",TRUE,Maat,14 oz,,shopify,10,deny,manual,134.95,,TRUE,TRUE,https://www.fightpro.nl/wp-content/uploads/2025/09/Danger-bokshandschoenen-Rocket-Zwart1.jpg,1,Danger (kick)bokshandschoenen Rocket Zwart,active,Professionele handschoenen. Handgemaakt in Thailand,,glove,#1A1A1A
danger-kickbokshandschoenen-rocket-zwart,,,,,,,Maat,16 oz,,shopify,10,deny,manual,134.95,,TRUE,TRUE,,,,active,,,,
danger-kickbokshandschoenen-rocket-zwart,,,,,,,,,,,,,,,,,,https://www.fightpro.nl/wp-content/uploads/2025/09/Danger-bokshandschoenen-Rocket-Zwart.jpg,2,Danger (kick)bokshandschoenen Rocket Zwart,,,,,
danger-kickbokshandschoenen-rocket-zwart,,,,,,,,,,,,,,,,,,https://www.fightpro.nl/wp-content/uploads/2025/09/Danger-bokshandschoenen-Rocket-Zwart2.jpg,3,Danger (kick)bokshandschoenen Rocket Zwart,,,,,
danger-kickbokshandschoenen-rocket-wit-zwart-16-oz,Danger (kick)bokshandschoenen Rocket Wit/Zwart 16 oz,"<p>Top handschoenen van Danger, super kwaliteit uit Thailand</p> <p>Danger (kick)bokshandschoenen Rocket Wit/Zwart</p>",Danger,Kickbokshandschoenen leer,"Danger, Handschoenen, Kickbokshandschoenen leer",TRUE,Maat,14 oz,,shopify,10,deny,manual,134.95,,TRUE,TRUE,https://www.fightpro.nl/wp-content/uploads/2025/09/Danger-bokshandschoenen-Rocket-Wit-Zwart.jpg,1,Danger (kick)bokshandschoenen Rocket Wit/Zwart 16 oz,active,Professionele handschoenen. Handgemaakt in Thailand,,glove,#1A1A1A
danger-kickbokshandschoenen-rocket-wit-zwart-16-oz,,,,,,,Maat,16 oz,,shopify,10,deny,manual,134.95,,TRUE,TRUE,,,,active,,,,
danger-kickbokshandschoenen-rocket-wit-zwart-16-oz,,,,,,,,,,,,,,,,,,https://www.fightpro.nl/wp-content/uploads/2025/09/Danger-bokshandschoenen-Rocket-Wit-Zwart2.jpg,2,Danger (kick)bokshandschoenen Rocket Wit/Zwart 16 oz,,,,,
danger-kickbokshandschoenen-rocket-wit-zwart-16-oz,,,,,,,,,,,,,,,,,,https://www.fightpro.nl/wp-content/uploads/2025/09/Danger-bokshandschoenen-Rocket-Wit-Zwart3.jpg,3,Danger (kick)bokshandschoenen Rocket Wit/Zwart 16 oz,,,,,
joya-strike-kickbokshandschoenen-rood-leer,Joya Strike kickbokshandschoenen – Rood leer,<p>Joya Strike kickbokshandschoenen – rood leer</p>,Joya,Kickbokshandschoenen leer,"Handschoenen, Joya, Kickbokshandschoenen leer",TRUE,Maat,10 oz,,shopify,10,deny,manual,129.95,,TRUE,TRUE,https://www.fightpro.nl/wp-content/uploads/2025/09/Joya-Bokshandschoenen-strike-rood.jpg,1,Joya Strike kickbokshandschoenen – Rood leer,active,Joya Strike kickbokshandschoenen – Rood leer,,glove,#1C1C1C
joya-strike-kickbokshandschoenen-rood-leer,,,,,,,Maat,12 oz,,shopify,10,deny,manual,129.95,,TRUE,TRUE,,,,active,,,,
joya-strike-kickbokshandschoenen-rood-leer,,,,,,,Maat,14 oz,,shopify,10,deny,manual,129.95,,TRUE,TRUE,,,,active,,,,
joya-strike-kickbokshandschoenen-rood-leer,,,,,,,Maat,16 oz,,shopify,10,deny,manual,129.95,,TRUE,TRUE,,,,active,,,,
joya-strike-kickbokshandschoenen-rood-leer,,,,,,,,,,,,,,,,,,https://www.fightpro.nl/wp-content/uploads/2025/09/Joya-Bokshandschoenen-strike-rood1.jpg,2,Joya Strike kickbokshandschoenen – Rood leer,,,,,
joya-strike-kickbokshandschoenen-rood-leer,,,,,,,,,,,,,,,,,,https://www.fightpro.nl/wp-content/uploads/2025/09/Joya-Bokshandschoenen-strike-rood2.jpg,3,Joya Strike kickbokshandschoenen – Rood leer,,,,,
joya-strike-kickbokshandschoenen-rood-leer,,,,,,,,,,,,,,,,,,https://www.fightpro.nl/wp-content/uploads/2025/09/Joya-Bokshandschoenen-strike-rood3.jpg,4,Joya Strike kickbokshandschoenen – Rood leer,,,,,
joya-strike-kickbokshandschoenen-rood-leer,,,,,,,,,,,,,,,,,,https://www.fightpro.nl/wp-content/uploads/2025/09/Joya-Bokshandschoenen-strike-rood4.jpg,5,Joya Strike kickbokshandschoenen – Rood leer,,,,,
joya-strike-kickbokshandschoenen-blauw-leer,Joya Strike kickbokshandschoenen – Blauw leer,<p>Joya Strike kickbokshandschoenen – Blauw leer</p>,Joya,Kickbokshandschoenen leer,"Handschoenen, Joya, Kickbokshandschoenen leer",TRUE,Maat,10 oz,,shopify,10,deny,manual,129.95,,TRUE,TRUE,https://www.fightpro.nl/wp-content/uploads/2025/09/Joya-Bokshandschoenen-strike-blauw.jpg,1,Joya Strike kickbokshandschoenen – Blauw leer,active,Joya Strike kickbokshandschoenen – Blauw leer,,glove,#1C1C1C
joya-strike-kickbokshandschoenen-blauw-leer,,,,,,,Maat,12 oz,,shopify,10,deny,manual,129.95,,TRUE,TRUE,,,,active,,,,
joya-strike-kickbokshandschoenen-blauw-leer,,,,,,,Maat,14 oz,,shopify,10,deny,manual,129.95,,TRUE,TRUE,,,,active,,,,
joya-strike-kickbokshandschoenen-blauw-leer,,,,,,,Maat,16 oz,,shopify,10,deny,manual,129.95,,TRUE,TRUE,,,,active,,,,
joya-strike-kickbokshandschoenen-blauw-leer,,,,,,,,,,,,,,,,,,https://www.fightpro.nl/wp-content/uploads/2025/09/Joya-Bokshandschoenen-strike-blauw2.jpg,2,Joya Strike kickbokshandschoenen – Blauw leer,,,,,
joya-strike-kickbokshandschoenen-blauw-leer,,,,,,,,,,,,,,,,,,https://www.fightpro.nl/wp-content/uploads/2025/09/Joya-Bokshandschoenen-strike-blauw3.jpg,3,Joya Strike kickbokshandschoenen – Blauw leer,,,,,
joya-strike-kickbokshandschoenen-blauw-leer,,,,,,,,,,,,,,,,,,https://www.fightpro.nl/wp-content/uploads/2025/09/Joya-Bokshandschoenen-strike-blauw4.jpg,4,Joya Strike kickbokshandschoenen – Blauw leer,,,,,
joya-strike-kickbokshandschoenen-blauw-leer,,,,,,,,,,,,,,,,,,https://www.fightpro.nl/wp-content/uploads/2025/09/Joya-Bokshandschoenen-strike-blauw5.jpg,5,Joya Strike kickbokshandschoenen – Blauw leer,,,,,
joyagear-x-enfusion-junior-bokshandschoenen-zwart-goud,"Joyagear X Enfusion Junior Bokshandschoenen Zwart/Goud, Rood, Groen Blauw",<p>Joyagear X Enfusion Junior Bokshandschoenen Zwart/Goud 4-6-8 Oz.</p>,Joya,Kickbokshandschoenen Kunststof,"Handschoenen, Joya, Kickbokshandschoenen Kunststof, Kids fight",TRUE,Maat,10 oz,,shopify,10,deny,manual,49.95,,TRUE,TRUE,https://www.fightpro.nl/wp-content/uploads/2025/09/enfusion-joya-glove.jpg,1,"Joyagear X Enfusion Junior Bokshandschoenen Zwart/Goud, Rood, Groen Blauw",active,Joyagear X Enfusion Junior Bokshandschoenen Zwart/Goud,,apparel,#1C1C1C
joyagear-x-enfusion-junior-bokshandschoenen-zwart-goud,,,,,,,Maat,12 oz,,shopify,10,deny,manual,49.95,,TRUE,TRUE,,,,active,,,,
joyagear-x-enfusion-junior-bokshandschoenen-zwart-goud,,,,,,,Maat,14 oz,,shopify,10,deny,manual,49.95,,TRUE,TRUE,,,,active,,,,
joyagear-x-enfusion-junior-bokshandschoenen-zwart-goud,,,,,,,Maat,16 oz,,shopify,10,deny,manual,49.95,,TRUE,TRUE,,,,active,,,,
joyagear-x-enfusion-junior-bokshandschoenen-zwart-goud,,,,,,,,,,,,,,,,,,https://www.fightpro.nl/wp-content/uploads/2025/09/Joyagear-X-Enfusion-Junior-Bokshandschoenen-Zwart-Goud2.jpg,2,"Joyagear X Enfusion Junior Bokshandschoenen Zwart/Goud, Rood, Groen Blauw",,,,,
joyagear-x-enfusion-junior-bokshandschoenen-zwart-goud,,,,,,,,,,,,,,,,,,https://www.fightpro.nl/wp-content/uploads/2025/09/Joyagear-X-Enfusion-Junior-Bokshandschoenen-Zwart-Goud3.jpg,3,"Joyagear X Enfusion Junior Bokshandschoenen Zwart/Goud, Rood, Groen Blauw",,,,,
joyagear-x-enfusion-junior-bokshandschoenen-zwart-goud,,,,,,,,,,,,,,,,,,https://www.fightpro.nl/wp-content/uploads/2025/09/Joyagear-X-Enfusion-Junior-Bokshandschoenen-Zwart-Goud4.jpg,4,"Joyagear X Enfusion Junior Bokshandschoenen Zwart/Goud, Rood, Groen Blauw",,,,,
joyagear-x-enfusion-junior-bokshandschoenen-zwart-goud,,,,,,,,,,,,,,,,,,https://www.fightpro.nl/wp-content/uploads/2025/09/Joyagear-X-Enfusion-Junior-Bokshandschoenen-Zwart-Goud-1.jpg,5,"Joyagear X Enfusion Junior Bokshandschoenen Zwart/Goud, Rood, Groen Blauw",,,,,
joya-essential-kickboks-bokshandschoenen-wit-goud,JOYA ESSENTIAL KICKBOKS BOKSHANDSCHOENEN – WIT-Goud,<p>JOYA ESSENTIAL KICKBOKS BOKSHANDSCHOENEN – WIT-Goud</p>,Joya,Kickbokshandschoenen Kunststof,"Handschoenen, Joya, Kickbokshandschoenen Kunststof",TRUE,Maat,10 oz,,shopify,10,deny,manual,54.95,,TRUE,TRUE,https://www.fightpro.nl/wp-content/uploads/2025/09/Joya-Bokshandschoenen-Essential-wit.jpg,1,JOYA ESSENTIAL KICKBOKS BOKSHANDSCHOENEN – WIT-Goud,active,JOYA ESSENTIAL KICKBOKS BOKSHANDSCHOENEN – ZWART,,glove,#1C1C1C
joya-essential-kickboks-bokshandschoenen-wit-goud,,,,,,,Maat,12 oz,,shopify,10,deny,manual,54.95,,TRUE,TRUE,,,,active,,,,
joya-essential-kickboks-bokshandschoenen-wit-goud,,,,,,,Maat,14 oz,,shopify,10,deny,manual,54.95,,TRUE,TRUE,,,,active,,,,
joya-essential-kickboks-bokshandschoenen-wit-goud,,,,,,,Maat,16 oz,,shopify,10,deny,manual,54.95,,TRUE,TRUE,,,,active,,,,
joya-essential-kickboks-bokshandschoenen-wit-goud,,,,,,,,,,,,,,,,,,https://www.fightpro.nl/wp-content/uploads/2025/09/Joya-Bokshandschoenen-Essential-wit2.jpg,2,JOYA ESSENTIAL KICKBOKS BOKSHANDSCHOENEN – WIT-Goud,,,,,
joya-essential-kickboks-bokshandschoenen-wit-goud,,,,,,,,,,,,,,,,,,https://www.fightpro.nl/wp-content/uploads/2025/09/Joya-Bokshandschoenen-Essential-wit3.jpg,3,JOYA ESSENTIAL KICKBOKS BOKSHANDSCHOENEN – WIT-Goud,,,,,
fightpro-scheenbeschermers-entry-zwart-pu,Fightpro Scheenbeschermers Entry  Zwart PU,<p>Fightpro Scheenbeschermers Entry Zwart PU</p>,Fightpro,Scheenbeschermers,"Bescherming, Fightpro, Scheenbeschermers",TRUE,Maat,L,,shopify,10,deny,manual,39.95,,TRUE,TRUE,https://www.fightpro.nl/wp-content/uploads/2025/05/fightpro-Schienbeinschutz-Entry-PU.jpg,1,Fightpro Scheenbeschermers Entry  Zwart PU,active,Fightpro Scheenbeschermers Entry Zwart PU,,shield,#1A1200
fightpro-scheenbeschermers-entry-zwart-pu,,,,,,,Maat,M,,shopify,10,deny,manual,39.95,,TRUE,TRUE,,,,active,,,,
fightpro-scheenbeschermers-entry-zwart-pu,,,,,,,Maat,S,,shopify,10,deny,manual,39.95,,TRUE,TRUE,,,,active,,,,
fightpro-scheenbeschermers-entry-zwart-pu,,,,,,,,,,,,,,,,,,https://www.fightpro.nl/wp-content/uploads/2025/05/fightpro-Schienbeinschutz-Entry-PU-2.jpg,2,Fightpro Scheenbeschermers Entry  Zwart PU,,,,,
fightpro-scheenbeschermers-entry-zwart-pu,,,,,,,,,,,,,,,,,,https://www.fightpro.nl/wp-content/uploads/2025/05/fightpro-Schienbeinschutz-Entry-PU-3.jpg,3,Fightpro Scheenbeschermers Entry  Zwart PU,,,,,
fight-pro-headguard-hoofdbeschermer-zwart-leer,Fight Pro headguard  hoofdbeschermer- zwart leer,"<div class=""product-name""> <p class="""" data-start=""486"" data-end=""851""><strong data-start=""486"" data-end=""533"">Blijf scherp. Blijf veilig. Blijf stijlvol.</strong><br data-start=""533"" data-end=""536"" />De <em data-start=""539"" data-end=""562"">Fight Pro Black Guard</em> is een hoogwaardige leren bokshelm voor vechters die geen concessies doen aan bescherming of uitstraling. Handgemaakt van stevig rundleer en afgewerkt in diepzwart, biedt deze hoofdbescherming maximale veiligheid tijdens sparringsessies – zonder je zicht of bewegingsvrijheid te beperken.</p> <p class="""" data-start=""853"" data-end=""1019"">✔ Echt leer – duurzaam en ademend<br data-start=""886"" data-end=""889"" />✔ Verstelbare pasvorm voor perfecte aansluiting<br data-start=""936"" data-end=""939"" />✔ Extra padding rondom slapen en kin<br data-start=""975"" data-end=""978"" />✔ Geschikt voor boksen, kickboksen en MMA</p> <p class="""" data-start=""1021"" data-end=""1172""><strong data-start=""1021"" data-end=""1077"">Train als een pro. Bescherm jezelf als een kampioen.</strong><br data-start=""1077"" data-end=""1080"" />Of je nu beginner bent of ervaren vechter, deze helm is jouw betrouwbare partner in de ring.</p> </div>",Fightpro,Hoofdbeschermers,"Bescherming, Fightpro, Hoofdbeschermers",TRUE,Maat,L,,shopify,10,deny,manual,99.95,,TRUE,TRUE,https://www.fightpro.nl/wp-content/uploads/2025/05/fightpro-kopfschutz-leder-schwarz.jpg,1,Fightpro Fight Pro headguard  hoofdbeschermer- zwart leer,active,Fight Pro headGuard HOOFDBESCHERMER – ZWART gemaakt van top leer / helm voor boksen en kickboksen en andere vechtsporten,,shield,#1A1200
fight-pro-headguard-hoofdbeschermer-zwart-leer,,,,,,,Maat,M,,shopify,10,deny,manual,99.95,,TRUE,TRUE,,,,active,,,,
fight-pro-headguard-hoofdbeschermer-zwart-leer,,,,,,,Maat,S,,shopify,10,deny,manual,99.95,,TRUE,TRUE,,,,active,,,,
fight-pro-headguard-hoofdbeschermer-zwart-leer,,,,,,,Maat,XL,,shopify,10,deny,manual,99.95,,TRUE,TRUE,,,,active,,,,
fight-pro-headguard-hoofdbeschermer-zwart-leer,,,,,,,Maat,XS,,shopify,10,deny,manual,99.95,,TRUE,TRUE,,,,active,,,,
fight-pro-headguard-hoofdbeschermer-zwart-leer,,,,,,,Maat,XXS,,shopify,10,deny,manual,99.95,,TRUE,TRUE,,,,active,,,,
fight-pro-headguard-hoofdbeschermer-zwart-leer,,,,,,,,,,,,,,,,,,https://www.fightpro.nl/wp-content/uploads/2025/05/fightpro-kopfschutz-leder-schwarz-2.jpg,2,Fightpro Fight Pro headguard  hoofdbeschermer- zwart leer,,,,,
fight-pro-headguard-hoofdbeschermer-zwart-leer,,,,,,,,,,,,,,,,,,https://www.fightpro.nl/wp-content/uploads/2025/05/fightpro-kopfschutz-leder-schwarz-3.jpg,3,Fightpro Fight Pro headguard  hoofdbeschermer- zwart leer,,,,,
fightpro-kickbokshandschoenen-shadow-leer,Fightpro kickbokshandschoenen SHADOW leer,"<div class=""short-description""> <div class=""std"">Fightpro kickbokshandschoenen SHADOW leer black-on-black look.</div> <div></div> <div class=""std"">Voor de beginner, maar ook voor de GEVORDERDE kickboksers. Fightpro-kickbokshandschoenen! De &#8220;Fightpro SHADOW&#8221; bokshandschoen van hoogwaardig leer is bedoeld voor de serieuze bokser/kickbokser. De bokshandschoen is voorzien van een zeer goede terugtrekkende klittenbandsluiting die de pols erg goed beschermt.<br /> Echt leer en fijne pasvorm</div> </div>",Fightpro,Kickbokshandschoenen leer,"Bestsellers!, Fightpro, Handschoenen, Kickbokshandschoenen leer, Bestseller",TRUE,Maat,10 oz,,shopify,10,deny,manual,69.95,,TRUE,TRUE,https://www.fightpro.nl/wp-content/uploads/2025/04/FIGHTPRO-boxhandschuhe-shadow-Leder.jpg,1,Fightpro kickbokshandschoenen SHADOW leer,active,De &#8220;Fightpro de Luxe&#8221; black-on-black bokshandschoen staat bekend om de goede polsbescherming en zit erg aangenaam.,Bestseller,glove,#1A1200
fightpro-kickbokshandschoenen-shadow-leer,,,,,,,Maat,12 oz,,shopify,10,deny,manual,69.95,,TRUE,TRUE,,,,active,,,,
fightpro-kickbokshandschoenen-shadow-leer,,,,,,,Maat,14 oz,,shopify,10,deny,manual,69.95,,TRUE,TRUE,,,,active,,,,
fightpro-kickbokshandschoenen-shadow-leer,,,,,,,Maat,16 oz,,shopify,10,deny,manual,69.95,,TRUE,TRUE,,,,active,,,,
fightpro-kickbokshandschoenen-shadow-leer,,,,,,,Maat,4 oz,,shopify,10,deny,manual,69.95,,TRUE,TRUE,,,,active,,,,
fightpro-kickbokshandschoenen-shadow-leer,,,,,,,Maat,6 oz,,shopify,10,deny,manual,69.95,,TRUE,TRUE,,,,active,,,,
fightpro-kickbokshandschoenen-shadow-leer,,,,,,,Maat,8 oz,,shopify,10,deny,manual,69.95,,TRUE,TRUE,,,,active,,,,
fightpro-kickbokshandschoenen-shadow-leer,,,,,,,,,,,,,,,,,,https://www.fightpro.nl/wp-content/uploads/2025/04/FIGHTPRO-boxhandschuhe-shadow-Leder-2.jpg,2,Fightpro kickbokshandschoenen SHADOW leer,,,,,
fightpro-kickbokshandschoenen-shadow-leer,,,,,,,,,,,,,,,,,,https://www.fightpro.nl/wp-content/uploads/2025/04/FIGHTPRO-boxhandschuhe-shadow-Leder-3.jpg,3,Fightpro kickbokshandschoenen SHADOW leer,,,,,
kruisbeschermer-tok-fightpro-heren,Kruisbeschermer Tok Fightpro heren,<p>Kruisbeschermer Fightpro heren</p>,Fightpro,Kruis bescherming,"Bescherming, Fightpro, Kruis bescherming",TRUE,,Default Title,,shopify,10,deny,manual,14.95,,TRUE,TRUE,https://www.fightpro.nl/wp-content/uploads/2025/03/kruisbeschermer-tok-fightpro1.jpg,1,Fightpro Kruisbeschermer Tok Fightpro heren,active,,,shield,#1A1200
kruisbeschermer-tok-fightpro-heren,,,,,,,,,,,,,,,,,,https://www.fightpro.nl/wp-content/uploads/2025/03/kruisbeschermer-tok-fightpro.jpg,2,Fightpro Kruisbeschermer Tok Fightpro heren,,,,,
fairtex-kpls2-superior-thai-pads,FAIRTEX KPLS2 &#8220;Superior&#8221; Thai Pads,"<p><strong>FAIRTEX KPLS2 &#8220;Superior&#8221; Thai Pads – Gebogen Ontwerp</strong></p> <p>De FAIRTEX Superior pads zijn speciaal ontworpen voor professionals met de hoogste eisen. Deze heavy-duty pads zijn ideaal voor intensieve en langdurige trainingen.</p> <h3>Belangrijkste eigenschappen:</h3> <ul> <li><strong>Ergonomisch ontwerp:</strong> De pads passen perfect om de onderarm, wat zorgt voor optimaal comfort en een natuurlijke grip voor de trainer. Ze zijn licht en goed gebalanceerd, waardoor ze gemakkelijk te hanteren zijn.</li> <li><strong>Gebogen vorm:</strong> Het licht gebogen ontwerp biedt meer controle en veiligheid tijdens het trainen, waardoor zowel stoten als trappen nauwkeurig kunnen worden opgevangen.</li> <li><strong>Duurzame materialen:</strong> Gemaakt van 100% premium rundleer, met een vulling van meerlagig speciaal schuim voor uitstekende schokabsorptie.</li> <li><strong>Handgemaakt in Thailand:</strong> Vakmanschap van topkwaliteit, ontwikkeld door het gerenommeerde merk FAIRTEX.</li> </ul> <p>Deze Thai Pads zijn een perfecte keuze voor vechtsporttrainers en atleten die streven naar professionele kwaliteit en optimale prestaties.</p>",Fairtex,trap/stoot kussens,"Fairtex, trap/stoot kussens",TRUE,,Default Title,,shopify,10,deny,manual,275.00,,TRUE,TRUE,https://www.fightpro.nl/wp-content/uploads/2024/11/FAIRTEX-KPLS2-Superior-Thai-Pads.jpg,1,FAIRTEX KPLS2 &#8220;Superior&#8221; Thai Pads,active,FAIRTEX KPLS2 &#8220;Superior&#8221; Thai Pads,,bag,#1A2A1A
fairtex-kpls2-superior-thai-pads,,,,,,,,,,,,,,,,,,https://www.fightpro.nl/wp-content/uploads/2024/11/FAIRTEX-KPLS2-Superior-Thai-Pads-1.jpg,2,FAIRTEX KPLS2 &#8220;Superior&#8221; Thai Pads,,,,,
fairtex-kpls2-superior-thai-pads,,,,,,,,,,,,,,,,,,https://www.fightpro.nl/wp-content/uploads/2024/11/FAIRTEX-KPLS2-Superior-Thai-Pads-2.jpg,3,FAIRTEX KPLS2 &#8220;Superior&#8221; Thai Pads,,,,,
fairtex-kpls2-superior-thai-pads,,,,,,,,,,,,,,,,,,https://www.fightpro.nl/wp-content/uploads/2024/11/FAIRTEX-KPLS2-Superior-Thai-Pads-3.jpg,4,FAIRTEX KPLS2 &#8220;Superior&#8221; Thai Pads,,,,,
px-legacy-thai-shorts-mesh-black,"PX Legacy Thai Shorts , Mesh, black","<div class=""short-description""> <div class=""std"">PX Legacy Thai Shorts , Mesh, black</div> <div class=""std""></div> </div>",PX,Broekjes,"Bestsellers!, Broekjes, Kleding, PX, Bestseller",TRUE,,Default Title,,shopify,10,deny,manual,39.95,,TRUE,TRUE,https://www.fightpro.nl/wp-content/uploads/2024/11/PX-Legacy-Thai-Shorts-Mesh-black.jpg,1,"PX Legacy Thai Shorts , Mesh, black",active,"PX Legacy Thai Shorts , Mesh, black",Bestseller,apparel,#101820
px-legacy-thai-shorts-mesh-black,,,,,,,,,,,,,,,,,,https://www.fightpro.nl/wp-content/uploads/2024/11/PX-Legacy-Thai-Shorts-Mesh-black-1.jpg,2,"PX Legacy Thai Shorts , Mesh, black",,,,,
px-legacy-thai-shorts-mesh-black,,,,,,,,,,,,,,,,,,https://www.fightpro.nl/wp-content/uploads/2024/11/PX-Legacy-Thai-Shorts-Mesh-black-2.jpg,3,"PX Legacy Thai Shorts , Mesh, black",,,,,
twins-kpl-12-kicking-arm-pads,Twins-KPL-12 Kicking arm Pads,"<p>Twins-KPL-12 Kicking arm Pads<br /> L = 20 x 41 x 8 cm</p> <p>Twins-KPL-12 Kicking arm Pads</p> <p>De <strong>Twins KPL-12 Kicking Pads</strong> zijn een absolute must-have voor vechtsporttrainers en atleten die gericht willen werken aan traptechnieken. Deze kicking pads staan bekend om hun uitstekende kwaliteit en duurzaamheid, zoals je mag verwachten van het gerenommeerde merk Twins.</p> <h3>Belangrijkste kenmerken:</h3> <ul> <li><strong>Hoogwaardig vakmanschap:</strong> Handgemaakt in Thailand, met gebruik van premiumkwaliteit leer voor maximale duurzaamheid.</li> <li><strong>Optimale bescherming:</strong> De dikke, schokabsorberende vulling zorgt voor ultieme bescherming van de trainer tijdens intensieve sessies.</li> <li><strong>Ergonomisch ontwerp:</strong> De pads zijn ontworpen met een licht gebogen vorm, waardoor zowel trappen als stoten met precisie kunnen worden opgevangen.</li> <li><strong>Veilige en verstelbare pasvorm:</strong> Voorzien van stevige klittenbandsluitingen en handgrepen voor een comfortabele en veilige grip.</li> <li><strong>Ideaal voor intensief gebruik:</strong> Perfect voor professionele vechtsporters en sportscholen die werken met hoge intensiteit.</li> </ul> <p>Met de Twins KPL-12 Kicking Pads kun je snelheid, kracht en techniek verbeteren, terwijl je als trainer verzekerd bent van comfort en bescherming. Een investering in kwaliteit die jarenlang meegaat!</p>",Twins,trap/stoot kussens,"trap/stoot kussens, Twins",TRUE,,Default Title,,shopify,10,deny,manual,275.00,,TRUE,TRUE,https://www.fightpro.nl/wp-content/uploads/2024/11/Twins-KPL-12-Deluxe-Kicking-arm-Pads.jpg,1,Twins-KPL-12 Kicking arm Pads,active,"Twins-KPL-12 Kicking arm Pads, voor de coach die voor kwaliteit gaat.",,bag,#B8102E
px-body-thighs-armour,PX BODY &#038; THIGHS ARMOUR,<p>PX BODY & THIGHS ARMOUR. Zeer geschikt voor PT en kickboks/karate coaches</p>,PX,trap/stoot kussens,"PX, trap/stoot kussens",TRUE,,Default Title,,shopify,10,deny,manual,199.95,,TRUE,TRUE,https://www.fightpro.nl/wp-content/uploads/2024/11/PX-KICKBOX-BODY-THIGHS-ARMOUR-PROTECTION.jpg,1,PX BODY &#038; THIGHS ARMOUR,active,PX BODY & THIGHS ARMOUR,,bag,#101820
px-body-thighs-armour,,,,,,,,,,,,,,,,,,https://www.fightpro.nl/wp-content/uploads/2024/11/PX-KICKBOX-BODY-THIGHS-ARMOUR-PROTECTION-1.jpg,2,PX BODY &#038; THIGHS ARMOUR,,,,,
venum-silent-power-cotton-shorts-black,Venum Silent Power Cotton Shorts black,"<p>Venum Silent Power Cotton Shorts black, lekker voor fitness of vakantie</p> <p>De Silent Power-collectie van Venum combineert moeiteloze stijl met subtiele Venum-details en neutrale kleuren.<br /> De Silent Power-shorts in zwart zijn voorzien van open steekzakken en een achterzak met een logodetail. De tailleband met trekkoord zorgt voor een veilige en comfortabele pasvorm.</p> <ul> <li>Open steekzakken en een achterzak</li> <li>Geborduurd logo</li> <li>Machinewas op 30°C</li> <li>Niet in de droger plaatsen</li> </ul>",Venum,Broekjes,"Broekjes, Kleding, Venum",TRUE,Maat,M,,shopify,10,deny,manual,45.95,,TRUE,TRUE,https://www.fightpro.nl/wp-content/uploads/2024/11/Venum-Silent-Power-Cotton-Shorts-black-1.jpg,1,Venum Silent Power Cotton Shorts black,active,,,apparel,#111111
venum-silent-power-cotton-shorts-black,,,,,,,Maat,L,,shopify,10,deny,manual,45.95,,TRUE,TRUE,,,,active,,,,
venum-silent-power-cotton-shorts-black,,,,,,,Maat,XL,,shopify,10,deny,manual,45.95,,TRUE,TRUE,,,,active,,,,
venum-silent-power-cotton-shorts-black,,,,,,,Maat,XXL,,shopify,10,deny,manual,45.95,,TRUE,TRUE,,,,active,,,,
venum-silent-power-cotton-shorts-black,,,,,,,,,,,,,,,,,,https://www.fightpro.nl/wp-content/uploads/2024/11/Venum-Silent-Power-Cotton-Shorts-black-2.jpg,2,Venum Silent Power Cotton Shorts black,,,,,
venum-silent-power-cotton-shorts-black,,,,,,,,,,,,,,,,,,https://www.fightpro.nl/wp-content/uploads/2024/11/Venum-Silent-Power-Cotton-Shorts-black-3.jpg,3,Venum Silent Power Cotton Shorts black,,,,,
fairtex-leg-protection-tp3-thigh-pads-black,Fairtex leg-protection TP3 Thigh-Pads black,"<p>Fairtex leg-protection TP3 Thigh-Pads black</p> <ul> <li>Ontworpen om de snelheid, timing en nauwkeurigheid van traptechnieken te verbeteren.</li> <li>Voorzien van tailleband met clips en veter voor een strakke pasvorm en extra ondersteuning.</li> <li>Inclusief vier witte doelpunten voor precisietraining.</li> <li>Lichtgewicht en duurzaam.</li> <li>Geschikt voor intensief gebruik.</li> </ul>",Fairtex,trap/stoot kussens,"Fairtex, trap/stoot kussens",TRUE,,Default Title,,shopify,10,deny,manual,219.95,,TRUE,TRUE,https://www.fightpro.nl/wp-content/uploads/2024/11/Fairtex-leg-protection-TP3-Thigh-Pads-black.jpg,1,Fairtex leg-protection TP3 Thigh-Pads black,active,Fairtex leg-protection TP3 Thigh-Pads black,,bag,#1A2A1A
fairtex-leg-protection-tp3-thigh-pads-black,,,,,,,,,,,,,,,,,,https://www.fightpro.nl/wp-content/uploads/2024/11/Fairtex-leg-protection-TP3-Thigh-Pads-black-1.jpg,2,Fairtex leg-protection TP3 Thigh-Pads black,,,,,
fairtex-leg-protection-tp3-thigh-pads-black,,,,,,,,,,,,,,,,,,https://www.fightpro.nl/wp-content/uploads/2024/11/Fairtex-leg-protection-TP3-Thigh-Pads-black-2.jpg,3,Fairtex leg-protection TP3 Thigh-Pads black,,,,,
king-kickboks-scheenbeschermers-kpb-sg-shogun,KING Kickboks scheenbeschermers KPB-SG-Shogun,<p>KING Kickboks scheenbeschermers KPB-SG-Shogun</p> <p>Voor de beginnende en de gevorderde kickbokser</p>,King,Scheenbeschermers,"Bescherming, King, Scheenbeschermers",TRUE,Maat,XS,,shopify,10,deny,manual,79.95,,TRUE,TRUE,https://www.fightpro.nl/wp-content/uploads/2024/10/king-scheenbeschermers-KPB-SG-Shogun.jpg,1,KING Kickboks scheenbeschermers KPB-SG-Shogun,active,,,shield,#11243A
king-kickboks-scheenbeschermers-kpb-sg-shogun,,,,,,,Maat,S,,shopify,10,deny,manual,79.95,,TRUE,TRUE,,,,active,,,,
king-kickboks-scheenbeschermers-kpb-sg-shogun,,,,,,,Maat,M,,shopify,10,deny,manual,79.95,,TRUE,TRUE,,,,active,,,,
king-kickboks-scheenbeschermers-kpb-sg-shogun,,,,,,,Maat,L,,shopify,10,deny,manual,79.95,,TRUE,TRUE,,,,active,,,,
king-kickboks-scheenbeschermers-kpb-sg-shogun,,,,,,,Maat,XL,,shopify,10,deny,manual,79.95,,TRUE,TRUE,,,,active,,,,
king-kickboks-scheenbeschermers-kpb-sg-shogun,,,,,,,Maat,XXL,,shopify,10,deny,manual,79.95,,TRUE,TRUE,,,,active,,,,
king-kickboks-scheenbeschermers-kpb-sg-shogun,,,,,,,,,,,,,,,,,,https://www.fightpro.nl/wp-content/uploads/2024/10/king-scheenbeschermers-KPB-SG-Shogun-2.jpg,2,KING Kickboks scheenbeschermers KPB-SG-Shogun,,,,,
king-pro-boxing-kickbokshandschoenen-kpb-bg-shogun-zwart-goud,King PRO-BOXING kickbokshandschoenen  KPB/BG SHOGUN zwart/goud,"<p>Top handschoenen van King-Pro, super kwaliteit!</p> <p>King PRO-BOXING kickbokshandschoenen KPB/BG SHOGUN zwart/goud</p>",King,Kickbokshandschoenen leer,"Handschoenen, Kickbokshandschoenen leer, King",TRUE,Maat,14 oz,,shopify,10,deny,manual,79.95,,TRUE,TRUE,https://www.fightpro.nl/wp-content/uploads/2024/10/king-bokshandschoen-KPB-BG-Shogun.jpg,1,King PRO-BOXING kickbokshandschoenen  KPB/BG SHOGUN zwart/goud,active,Professionele handschoenen. Handgemaakt in Thailand,,glove,#11243A
king-pro-boxing-kickbokshandschoenen-kpb-bg-shogun-zwart-goud,,,,,,,Maat,16 oz,,shopify,10,deny,manual,79.95,,TRUE,TRUE,,,,active,,,,
king-pro-boxing-kickbokshandschoenen-kpb-bg-shogun-zwart-goud,,,,,,,,,,,,,,,,,,https://www.fightpro.nl/wp-content/uploads/2024/10/king-bokshandschoen-KPB-BG-Shogun-1.jpg,2,King PRO-BOXING kickbokshandschoenen  KPB/BG SHOGUN zwart/goud,,,,,
king-pro-boxing-kickbokshandschoenen-kpb-bg-shogun-zwart-goud,,,,,,,,,,,,,,,,,,https://www.fightpro.nl/wp-content/uploads/2024/10/king-bokshandschoen-KPB-BG-Shogun-2.jpg,3,King PRO-BOXING kickbokshandschoenen  KPB/BG SHOGUN zwart/goud,,,,,
king-pro-boxing-kickbokshandschoenen-kpb-bg-shogun-zwart-goud,,,,,,,,,,,,,,,,,,https://www.fightpro.nl/wp-content/uploads/2024/10/king-bokshandschoen-KPB-BG-Shogun-3.jpg,4,King PRO-BOXING kickbokshandschoenen  KPB/BG SHOGUN zwart/goud,,,,,
king-pro-boxing-kickbokshandschoenen-kpb-bg-shogun-zwart-goud,,,,,,,,,,,,,,,,,,https://www.fightpro.nl/wp-content/uploads/2024/10/king-bokshandschoen-KPB-BG-Shogun-4.jpg,5,King PRO-BOXING kickbokshandschoenen  KPB/BG SHOGUN zwart/goud,,,,,
king-pro-boxing-kickbokshandschoenen-kpb-bg-shogun-zwart-goud,,,,,,,,,,,,,,,,,,https://www.fightpro.nl/wp-content/uploads/2024/10/king-bokshandschoen-KPB-BG-Shogun-6.jpg,6,King PRO-BOXING kickbokshandschoenen  KPB/BG SHOGUN zwart/goud,,,,,
king-pro-boxing-kickbokshandschoenen-kpb-bg-star-12-zwart-zwart,King PRO-BOXING kickbokshandschoenen  KPB/BG STAR 12 zwart/zwart,"<p>Top handschoenen van King-Pro, super kwaliteit!</p> <p>King PRO-BOXING kickbokshandschoenen KPB/BG STAR 12 zwart/zwart</p>",King,Kickbokshandschoenen leer,"Handschoenen, Kickbokshandschoenen leer, King",TRUE,Maat,14 oz,,shopify,10,deny,manual,159.95,,TRUE,TRUE,https://www.fightpro.nl/wp-content/uploads/2024/07/King-PRO-BOXING-kickbokshandschoenen-KPB-BG-STAR-12.jpg,1,King PRO-BOXING kickbokshandschoenen  KPB/BG STAR 12 zwart/zwart,active,Professionele handschoenen. Handgemaakt in Thailand,,glove,#11243A
king-pro-boxing-kickbokshandschoenen-kpb-bg-star-12-zwart-zwart,,,,,,,Maat,16 oz,,shopify,10,deny,manual,159.95,,TRUE,TRUE,,,,active,,,,
king-pro-boxing-kickbokshandschoenen-kpb-bg-star-12-zwart-zwart,,,,,,,,,,,,,,,,,,https://www.fightpro.nl/wp-content/uploads/2024/07/King-PRO-BOXING-kickbokshandschoenen-KPB-BG-STAR-12-1.jpg,2,King PRO-BOXING kickbokshandschoenen  KPB/BG STAR 12 zwart/zwart,,,,,
king-pro-boxing-kickbokshandschoenen-kpb-bg-star-12-zwart-zwart,,,,,,,,,,,,,,,,,,https://www.fightpro.nl/wp-content/uploads/2024/07/King-PRO-BOXING-kickbokshandschoenen-KPB-BG-STAR-12-2.jpg,3,King PRO-BOXING kickbokshandschoenen  KPB/BG STAR 12 zwart/zwart,,,,,
king-pro-boxing-kickbokshandschoenen-kpb-bg-star-12-zwart-zwart,,,,,,,,,,,,,,,,,,https://www.fightpro.nl/wp-content/uploads/2024/07/King-PRO-BOXING-kickbokshandschoenen-KPB-BG-STAR-12-3.jpg,4,King PRO-BOXING kickbokshandschoenen  KPB/BG STAR 12 zwart/zwart,,,,,
safejawz-marvel-mouthguard-bitje,SafeJawz marvel mouthguard bitje,"<p>De nieuwe Marvel-collectie van Safejawz met stoere superhelden gebitsbeschermers, Iron Man, Captain America, Black Panther, Spider Man, Venom.</p>",FightPro,Gebitsbeschermer,"Bescherming, Gebitsbeschermer",TRUE,,Default Title,,shopify,10,deny,manual,19.95,,TRUE,TRUE,https://www.fightpro.nl/wp-content/uploads/2024/06/SafeJawz-marvel-mouthguards-bitje.jpg,1,FightPro SafeJawz marvel mouthguard bitje,active,SafeJawz-marvel-mouthguards-bitje,,shield,#1A1200
safejawz-marvel-mouthguard-bitje,,,,,,,,,,,,,,,,,,https://www.fightpro.nl/wp-content/uploads/2024/06/SafeJawz-marvel-mouthguards-bitje-black-panther.jpg,2,FightPro SafeJawz marvel mouthguard bitje,,,,,
safejawz-marvel-mouthguard-bitje,,,,,,,,,,,,,,,,,,https://www.fightpro.nl/wp-content/uploads/2024/06/SafeJawz-marvel-mouthguards-bitje-captain-america.jpg,3,FightPro SafeJawz marvel mouthguard bitje,,,,,
safejawz-marvel-mouthguard-bitje,,,,,,,,,,,,,,,,,,https://www.fightpro.nl/wp-content/uploads/2024/06/SafeJawz-marvel-mouthguards-bitje-ironman.jpg,4,FightPro SafeJawz marvel mouthguard bitje,,,,,
safejawz-marvel-mouthguard-bitje,,,,,,,,,,,,,,,,,,https://www.fightpro.nl/wp-content/uploads/2024/06/SafeJawz-marvel-mouthguards-bitje-spiderman.jpg,5,FightPro SafeJawz marvel mouthguard bitje,,,,,
safejawz-marvel-mouthguard-bitje,,,,,,,,,,,,,,,,,,https://www.fightpro.nl/wp-content/uploads/2024/06/SafeJawz-marvel-mouthguards-bitje-venom.jpg,6,FightPro SafeJawz marvel mouthguard bitje,,,,,
bitje-mouthguard-wacoku-a-white-blue-adult,Bitje mouthguard WACOKU A+ White / Blue Adult,<p>Bitje mouthguard WACOKU A+ White / Blue Adult</p>,FightPro,Gebitsbeschermer,"Bescherming, Gebitsbeschermer",TRUE,,Default Title,,shopify,10,deny,manual,14.95,,TRUE,TRUE,https://www.fightpro.nl/wp-content/uploads/2024/06/Wacoku-Mouthguard-A-gel-gum-shield-view.webp,1,FightPro Bitje mouthguard WACOKU A+ White / Blue Adult,active,WACOKU is al jaren bekend als een van de beste bitjes in de wereld.,,shield,#1A1200
bitje-mouthguard-wacoku-a-white-blue-adult,,,,,,,,,,,,,,,,,,https://www.fightpro.nl/wp-content/uploads/2024/06/wacoku-mouthguard-bitje.jpg,2,FightPro Bitje mouthguard WACOKU A+ White / Blue Adult,,,,,
joya-ff-metal-pro-scheenbeschermers-volledig-zwart,JOYA FF METAL PRO SCHEENBESCHERMERS – VOLLEDIG ZWART,<p>JOYA FF METAL PRO SCHEENBESCHERMERS – VOLLEDIG ZWART</p>,Joya,Scheenbeschermers,"Bescherming, Joya, Scheenbeschermers",TRUE,Maat,L,,shopify,10,deny,manual,69.95,,TRUE,TRUE,https://www.fightpro.nl/wp-content/uploads/2024/06/JOYA-FF-METAL-PRO-SCHEENBESCHERMERS-VOLLEDIG-ZWART.jpg,1,JOYA FF METAL PRO SCHEENBESCHERMERS – VOLLEDIG ZWART,active,Joya Scheenbeschermer voor de jeugd en volwassen.,,shield,#1C1C1C
joya-ff-metal-pro-scheenbeschermers-volledig-zwart,,,,,,,Maat,M,,shopify,10,deny,manual,69.95,,TRUE,TRUE,,,,active,,,,
joya-ff-metal-pro-scheenbeschermers-volledig-zwart,,,,,,,Maat,S,,shopify,10,deny,manual,69.95,,TRUE,TRUE,,,,active,,,,
joya-ff-metal-pro-scheenbeschermers-volledig-zwart,,,,,,,Maat,XL,,shopify,10,deny,manual,69.95,,TRUE,TRUE,,,,active,,,,
joya-ff-metal-pro-scheenbeschermers-volledig-zwart,,,,,,,Maat,XS,,shopify,10,deny,manual,69.95,,TRUE,TRUE,,,,active,,,,
joya-ff-metal-pro-scheenbeschermers-volledig-zwart,,,,,,,Maat,XXS,,shopify,10,deny,manual,69.95,,TRUE,TRUE,,,,active,,,,
joya-ff-metal-pro-scheenbeschermers-volledig-zwart,,,,,,,,,,,,,,,,,,https://www.fightpro.nl/wp-content/uploads/2024/06/whatsapp_image_2023-01-07_at_16.28.14_1__1.jpeg,2,JOYA FF METAL PRO SCHEENBESCHERMERS – VOLLEDIG ZWART,,,,,
joya-ff-metal-pro-scheenbeschermers-volledig-zwart,,,,,,,,,,,,,,,,,,https://www.fightpro.nl/wp-content/uploads/2024/06/whatsapp_image_2023-01-07_at_16.28.14_1.jpeg,3,JOYA FF METAL PRO SCHEENBESCHERMERS – VOLLEDIG ZWART,,,,,
joya-ff-metal-pro-scheenbeschermers-volledig-zwart,,,,,,,,,,,,,,,,,,https://www.fightpro.nl/wp-content/uploads/2024/06/whatsapp_image_2023-01-07_at_16.28.13_1__1.jpeg,4,JOYA FF METAL PRO SCHEENBESCHERMERS – VOLLEDIG ZWART,,,,,
joya-ff-metal-pro-scheenbeschermers-junior-volledig-zwart,JOYA FF METAL PRO SCHEENBESCHERMERS JUNIOR – VOLLEDIG ZWART,<p>JOYA FF METAL PRO SCHEENBESCHERMERS JUNIOR – VOLLEDIG ZWART</p>,Joya,Scheenbeschermers,"Bescherming, Joya, Kids fight, Scheenbeschermers",TRUE,Maat,L,,shopify,10,deny,manual,39.95,,TRUE,TRUE,https://www.fightpro.nl/wp-content/uploads/2024/06/JOYA-FF-METAL-PRO-SCHEENBESCHERMERS-VOLLEDIG-ZWART.jpg,1,JOYA FF METAL PRO SCHEENBESCHERMERS JUNIOR – VOLLEDIG ZWART,active,Joya Scheenbeschermer voor de jeugd en volwassen.,,shield,#1C1C1C
joya-ff-metal-pro-scheenbeschermers-junior-volledig-zwart,,,,,,,Maat,M,,shopify,10,deny,manual,39.95,,TRUE,TRUE,,,,active,,,,
joya-ff-metal-pro-scheenbeschermers-junior-volledig-zwart,,,,,,,Maat,S,,shopify,10,deny,manual,39.95,,TRUE,TRUE,,,,active,,,,
joya-ff-metal-pro-scheenbeschermers-junior-volledig-zwart,,,,,,,Maat,XL,,shopify,10,deny,manual,39.95,,TRUE,TRUE,,,,active,,,,
joya-ff-metal-pro-scheenbeschermers-junior-volledig-zwart,,,,,,,Maat,XS,,shopify,10,deny,manual,39.95,,TRUE,TRUE,,,,active,,,,
joya-ff-metal-pro-scheenbeschermers-junior-volledig-zwart,,,,,,,Maat,XXS,,shopify,10,deny,manual,39.95,,TRUE,TRUE,,,,active,,,,
joya-ff-metal-pro-scheenbeschermers-junior-volledig-zwart,,,,,,,,,,,,,,,,,,https://www.fightpro.nl/wp-content/uploads/2024/06/whatsapp_image_2023-01-07_at_16.28.14_1__1.jpeg,2,JOYA FF METAL PRO SCHEENBESCHERMERS JUNIOR – VOLLEDIG ZWART,,,,,
joya-ff-metal-pro-scheenbeschermers-junior-volledig-zwart,,,,,,,,,,,,,,,,,,https://www.fightpro.nl/wp-content/uploads/2024/06/whatsapp_image_2023-01-07_at_16.28.14_1.jpeg,3,JOYA FF METAL PRO SCHEENBESCHERMERS JUNIOR – VOLLEDIG ZWART,,,,,
joya-ff-metal-pro-scheenbeschermers-junior-volledig-zwart,,,,,,,,,,,,,,,,,,https://www.fightpro.nl/wp-content/uploads/2024/06/whatsapp_image_2023-01-07_at_16.28.13_1__1.jpeg,4,JOYA FF METAL PRO SCHEENBESCHERMERS JUNIOR – VOLLEDIG ZWART,,,,,
joya-fight-fast-hoofdbeschermer-zwart-grijs,JOYA FIGHT FAST HOOFDBESCHERMER – ZWART/GRIJS,"<div class=""product-name""> <h1>JOYA FIGHT FAST HOOFDBESCHERMER – ZWART/GRIJS Leer</h1> </div>",Joya,Hoofdbeschermers,"Bescherming, Hoofdbeschermers, Joya",TRUE,Maat,L,,shopify,10,deny,manual,69.95,,TRUE,TRUE,https://www.fightpro.nl/wp-content/uploads/2024/06/helm-joya-leer-1.jpg,1,JOYA FIGHT FAST HOOFDBESCHERMER – ZWART/GRIJS,active,hoofdbeschermer / helm voor boksen en kickboksen,,shield,#1C1C1C
joya-fight-fast-hoofdbeschermer-zwart-grijs,,,,,,,Maat,M,,shopify,10,deny,manual,69.95,,TRUE,TRUE,,,,active,,,,
joya-fight-fast-hoofdbeschermer-zwart-grijs,,,,,,,Maat,S,,shopify,10,deny,manual,69.95,,TRUE,TRUE,,,,active,,,,
joya-fight-fast-hoofdbeschermer-zwart-grijs,,,,,,,Maat,XL,,shopify,10,deny,manual,69.95,,TRUE,TRUE,,,,active,,,,
joya-fight-fast-hoofdbeschermer-zwart-grijs,,,,,,,Maat,XS,,shopify,10,deny,manual,69.95,,TRUE,TRUE,,,,active,,,,
joya-fight-fast-hoofdbeschermer-zwart-grijs,,,,,,,Maat,XXS,,shopify,10,deny,manual,69.95,,TRUE,TRUE,,,,active,,,,
joya-essential-kickboks-bokshandschoenen-zwart,JOYA ESSENTIAL KICKBOKS BOKSHANDSCHOENEN – ZWART,<p>JOYA ESSENTIAL KICKBOKS BOKSHANDSCHOENEN – ZWART</p>,Joya,Kickbokshandschoenen Kunststof,"Handschoenen, Joya, Kickbokshandschoenen Kunststof",TRUE,Maat,10 oz,,shopify,10,deny,manual,54.95,,TRUE,TRUE,https://www.fightpro.nl/wp-content/uploads/2024/06/Joya-Bokshandschoenen-Essential-Zwart.jpg,1,JOYA ESSENTIAL KICKBOKS BOKSHANDSCHOENEN – ZWART,active,JOYA ESSENTIAL KICKBOKS BOKSHANDSCHOENEN – ZWART,,glove,#1C1C1C
joya-essential-kickboks-bokshandschoenen-zwart,,,,,,,Maat,12 oz,,shopify,10,deny,manual,54.95,,TRUE,TRUE,,,,active,,,,
joya-essential-kickboks-bokshandschoenen-zwart,,,,,,,Maat,14 oz,,shopify,10,deny,manual,54.95,,TRUE,TRUE,,,,active,,,,
joya-essential-kickboks-bokshandschoenen-zwart,,,,,,,Maat,16 oz,,shopify,10,deny,manual,54.95,,TRUE,TRUE,,,,active,,,,
joya-essential-kickboks-bokshandschoenen-zwart,,,,,,,,,,,,,,,,,,https://www.fightpro.nl/wp-content/uploads/2024/06/Joya-Bokshandschoenen-Essential-Zwart-2.jpg,2,JOYA ESSENTIAL KICKBOKS BOKSHANDSCHOENEN – ZWART,,,,,
joya-essential-kickboks-bokshandschoenen-zwart-roze,JOYA ESSENTIAL KICKBOKS BOKSHANDSCHOENEN – ZWART ROZE,<p>JOYA ESSENTIAL KICKBOKS BOKSHANDSCHOENEN – ZWART ROZE</p>,Joya,Kickbokshandschoenen Kunststof,"Handschoenen, Joya, Kickbokshandschoenen Kunststof",TRUE,Maat,10 oz,,shopify,10,deny,manual,54.95,,TRUE,TRUE,https://www.fightpro.nl/wp-content/uploads/2024/06/Joya-Bokshandschoenen-Essential-Zwart-Roze-2.jpg,1,JOYA ESSENTIAL KICKBOKS BOKSHANDSCHOENEN – ZWART ROZE,active,JOYA ESSENTIAL KICKBOKS BOKSHANDSCHOENEN – ZWART ROZE,,glove,#1C1C1C
joya-essential-kickboks-bokshandschoenen-zwart-roze,,,,,,,Maat,12 oz,,shopify,10,deny,manual,54.95,,TRUE,TRUE,,,,active,,,,
joya-essential-kickboks-bokshandschoenen-zwart-roze,,,,,,,Maat,14 oz,,shopify,10,deny,manual,54.95,,TRUE,TRUE,,,,active,,,,
joya-essential-kickboks-bokshandschoenen-zwart-roze,,,,,,,Maat,16 oz,,shopify,10,deny,manual,54.95,,TRUE,TRUE,,,,active,,,,
joya-essential-kickboks-bokshandschoenen-zwart-roze,,,,,,,,,,,,,,,,,,https://www.fightpro.nl/wp-content/uploads/2024/06/Joya-Bokshandschoenen-Essential-Zwart-Roze.jpg,2,JOYA ESSENTIAL KICKBOKS BOKSHANDSCHOENEN – ZWART ROZE,,,,,
joya-essential-kickboks-bokshandschoenen-zwart-goud,JOYA ESSENTIAL KICKBOKS BOKSHANDSCHOENEN – ZWART GOUD,<p>JOYA ESSENTIAL KICKBOKS BOKSHANDSCHOENEN – ZWART GOUD</p>,Joya,Kickbokshandschoenen Kunststof,"Handschoenen, Joya, Kickbokshandschoenen Kunststof",TRUE,Maat,10 oz,,shopify,10,deny,manual,54.95,,TRUE,TRUE,https://www.fightpro.nl/wp-content/uploads/2024/06/Joya-Bokshandschoenen-Essential-Zwart-GOUD.jpg,1,JOYA ESSENTIAL KICKBOKS BOKSHANDSCHOENEN – ZWART GOUD,active,JOYA ESSENTIAL KICKBOKS BOKSHANDSCHOENEN – ZWART GOUD,,glove,#1C1C1C
joya-essential-kickboks-bokshandschoenen-zwart-goud,,,,,,,Maat,12 oz,,shopify,10,deny,manual,54.95,,TRUE,TRUE,,,,active,,,,
joya-essential-kickboks-bokshandschoenen-zwart-goud,,,,,,,Maat,14 oz,,shopify,10,deny,manual,54.95,,TRUE,TRUE,,,,active,,,,
joya-essential-kickboks-bokshandschoenen-zwart-goud,,,,,,,Maat,16 oz,,shopify,10,deny,manual,54.95,,TRUE,TRUE,,,,active,,,,
joya-essential-kickboks-bokshandschoenen-zwart-goud,,,,,,,,,,,,,,,,,,https://www.fightpro.nl/wp-content/uploads/2024/06/Joya-Bokshandschoenen-Essential-Zwart-GOUD-2.jpg,2,JOYA ESSENTIAL KICKBOKS BOKSHANDSCHOENEN – ZWART GOUD,,,,,
joya-essential-kickboks-scheenbeschermer-zwart-goud,JOYA ESSENTIAL KICKBOKS SCHEENBESCHERMER- ZWART GOUD,<p>Joya-scheenbeschermers-Essential-Zwart goud</p>,Joya,Scheenbeschermers,"Bescherming, Joya, Kids fight, Scheenbeschermers",TRUE,Maat,L,,shopify,10,deny,manual,49.95,,TRUE,TRUE,https://www.fightpro.nl/wp-content/uploads/2024/06/Joya-scheenbeschermers-Essential-Zwart-goud.jpg,1,JOYA ESSENTIAL KICKBOKS SCHEENBESCHERMER- ZWART GOUD,active,Joya Scheenbeschermer voor de jeugd en volwassen.,,shield,#1C1C1C
joya-essential-kickboks-scheenbeschermer-zwart-goud,,,,,,,Maat,M,,shopify,10,deny,manual,49.95,,TRUE,TRUE,,,,active,,,,
joya-essential-kickboks-scheenbeschermer-zwart-goud,,,,,,,Maat,S,,shopify,10,deny,manual,49.95,,TRUE,TRUE,,,,active,,,,
joya-essential-kickboks-scheenbeschermer-zwart-goud,,,,,,,Maat,XL,,shopify,10,deny,manual,49.95,,TRUE,TRUE,,,,active,,,,
joya-essential-kickboks-scheenbeschermer-zwart-goud,,,,,,,Maat,XS,,shopify,10,deny,manual,49.95,,TRUE,TRUE,,,,active,,,,
joya-essential-kickboks-scheenbeschermer-zwart-goud,,,,,,,Maat,XXS,,shopify,10,deny,manual,49.95,,TRUE,TRUE,,,,active,,,,
joya-essential-kickboks-scheenbeschermer-zwart-goud,,,,,,,,,,,,,,,,,,https://www.fightpro.nl/wp-content/uploads/2024/06/Joya-scheenbeschermers-Essential-Zwart-goud-2.jpg,2,JOYA ESSENTIAL KICKBOKS SCHEENBESCHERMER- ZWART GOUD,,,,,
joya-essential-kickboks-scheenbeschermer-zwart,JOYA ESSENTIAL KICKBOKS SCHEENBESCHERMER- ZWART,<p>Joya-scheenbeschermers-Essential-Zwart</p>,Joya,Scheenbeschermers,"Bescherming, Joya, Kids fight, Scheenbeschermers",TRUE,Maat,L,,shopify,10,deny,manual,49.95,,TRUE,TRUE,https://www.fightpro.nl/wp-content/uploads/2024/06/Joya-scheenbeschermers-Essential-Zwart.jpg,1,JOYA ESSENTIAL KICKBOKS SCHEENBESCHERMER- ZWART,active,Joya Scheenbeschermer voor de jeugd en volwassen.,,shield,#1C1C1C
joya-essential-kickboks-scheenbeschermer-zwart,,,,,,,Maat,M,,shopify,10,deny,manual,49.95,,TRUE,TRUE,,,,active,,,,
joya-essential-kickboks-scheenbeschermer-zwart,,,,,,,Maat,S,,shopify,10,deny,manual,49.95,,TRUE,TRUE,,,,active,,,,
joya-essential-kickboks-scheenbeschermer-zwart,,,,,,,Maat,XL,,shopify,10,deny,manual,49.95,,TRUE,TRUE,,,,active,,,,
joya-essential-kickboks-scheenbeschermer-zwart,,,,,,,Maat,XS,,shopify,10,deny,manual,49.95,,TRUE,TRUE,,,,active,,,,
joya-essential-kickboks-scheenbeschermer-zwart,,,,,,,Maat,XXS,,shopify,10,deny,manual,49.95,,TRUE,TRUE,,,,active,,,,
joya-essential-kickboks-scheenbeschermer-zwart,,,,,,,,,,,,,,,,,,https://www.fightpro.nl/wp-content/uploads/2024/06/Joya-scheenbeschermers-Essential-Zwart-2.jpg,2,JOYA ESSENTIAL KICKBOKS SCHEENBESCHERMER- ZWART,,,,,
joya-essential-kickboks-scheenbeschermer-zwart-roze,JOYA ESSENTIAL KICKBOKS SCHEENBESCHERMER- ZWART-ROZE,<p>Joya-scheenbeschermers-Essential-Zwart-roze</p>,Joya,Scheenbeschermers,"Bescherming, Joya, Kids fight, Scheenbeschermers",TRUE,Maat,L,,shopify,10,deny,manual,49.95,,TRUE,TRUE,https://www.fightpro.nl/wp-content/uploads/2024/06/Joya-scheenbeschermers-Essential-Zwart-roze.jpg,1,JOYA ESSENTIAL KICKBOKS SCHEENBESCHERMER- ZWART-ROZE,active,Joya Scheenbeschermer voor de jeugd en volwassen.,,shield,#1C1C1C
joya-essential-kickboks-scheenbeschermer-zwart-roze,,,,,,,Maat,M,,shopify,10,deny,manual,49.95,,TRUE,TRUE,,,,active,,,,
joya-essential-kickboks-scheenbeschermer-zwart-roze,,,,,,,Maat,S,,shopify,10,deny,manual,49.95,,TRUE,TRUE,,,,active,,,,
joya-essential-kickboks-scheenbeschermer-zwart-roze,,,,,,,Maat,XL,,shopify,10,deny,manual,49.95,,TRUE,TRUE,,,,active,,,,
joya-essential-kickboks-scheenbeschermer-zwart-roze,,,,,,,Maat,XS,,shopify,10,deny,manual,49.95,,TRUE,TRUE,,,,active,,,,
joya-essential-kickboks-scheenbeschermer-zwart-roze,,,,,,,Maat,XXS,,shopify,10,deny,manual,49.95,,TRUE,TRUE,,,,active,,,,
joya-essential-kickboks-scheenbeschermer-zwart-roze,,,,,,,,,,,,,,,,,,https://www.fightpro.nl/wp-content/uploads/2024/06/Joya-scheenbeschermers-Essential-Zwart-roze-2.jpg,2,JOYA ESSENTIAL KICKBOKS SCHEENBESCHERMER- ZWART-ROZE,,,,,
fairtex-syntek-banana-bag-zandzak-hb6-gevuld,Fairtex Syntek™ &#8221; Banana Bag&#8221; zandzak  HB6 (gevuld),<p>De Fairtex Syntek™ &#8221; Banana Bag&#8221; bokszak HB6 is een professionele bokszak en handgemaakt in Thailand. In meerdere kleuren verkrijgbaar.<br /> De bokszak wordt <strong>GEVULD</strong> geleverd.</p>,Fairtex,Bokszakken,"Bokszakken, Fairtex",TRUE,,Default Title,,shopify,10,deny,manual,275.00,,TRUE,TRUE,https://www.fightpro.nl/wp-content/uploads/2022/01/Fairtex-Syntek-Banana-Bag-bokszak-HB6.jpg,1,Fairtex Syntek™ &#8221; Banana Bag&#8221; zandzak  HB6 (gevuld),active,"Fairtex Syntek™ &#8221; Banana Bag&#8221; zandzak HB6. (niet voorradig, wel te bestellen)",,bag,#1A2A1A
fairtex-muay-thai-short-superstition-wit,Fairtex Muay Thai Short Superstition wit,<p>Fairtex Muay Thai Short Superstition wit</p>,Fairtex,Broekjes,"Broekjes, Fairtex, Kleding",TRUE,Maat,M,,shopify,10,deny,manual,64.95,,TRUE,TRUE,https://www.fightpro.nl/wp-content/uploads/2024/04/Fairtex-Muay-Thai-Short-Superstition.jpg,1,Fairtex Muay Thai Short Superstition wit,active,,,apparel,#1A2A1A
fairtex-muay-thai-short-superstition-wit,,,,,,,Maat,L,,shopify,10,deny,manual,64.95,,TRUE,TRUE,,,,active,,,,
fairtex-muay-thai-short-superstition-wit,,,,,,,Maat,XL,,shopify,10,deny,manual,64.95,,TRUE,TRUE,,,,active,,,,
fairtex-muay-thai-short-superstition-wit,,,,,,,Maat,XXL,,shopify,10,deny,manual,64.95,,TRUE,TRUE,,,,active,,,,
fairtex-muay-thai-short-superstition-wit,,,,,,,,,,,,,,,,,,https://www.fightpro.nl/wp-content/uploads/2024/04/Fairtex-Muay-Thai-Short-Superstition-1.jpg,2,Fairtex Muay Thai Short Superstition wit,,,,,
fairtex-muay-thai-short-superstition-wit,,,,,,,,,,,,,,,,,,https://www.fightpro.nl/wp-content/uploads/2024/04/Fairtex-Muay-Thai-Short-Superstition-2.jpg,3,Fairtex Muay Thai Short Superstition wit,,,,,
joya-kickboksbroek-23-zwart-kopie,JOYA ESSENTIAL FIGHTSHORT – ZWART-ZWART,"<p>De Joya ESSENTIAL Fightshort is handgemaakt van hoogwaardige materialen. De short is gesublimeerd met de ESSENTIAL print. Deze JoyaGear fightshort heeft een traditionele tailleband die hem goed rond de heupen houdt, voor totale bewegingsvrijheid. De zijsplitten zorgen voor mobiliteit, behendigheid en flexibiliteit voor je slagen in de ring. De ESSENTIAL Fightshort heeft een uniek, kleurrijk ontwerp met het Joya-logo op de voorkant. Bies aan de randen maken de short compleet’ look en garandeerd grote duurzaamheid in de tijd.</p>",Joya,Broekjes,"Broekjes, Joya, Kleding",TRUE,Maat,XXS,,shopify,10,deny,manual,39.95,,TRUE,TRUE,https://www.fightpro.nl/wp-content/uploads/2024/04/JOYA-ESSENTIAL-FIGHTSHORT-ZWART-ZWART.jpg,1,JOYA ESSENTIAL FIGHTSHORT – ZWART-ZWART,active,100% polyester: voor meer veerkracht en duurzaamheid. Gaaspanelen aan de zijkanten: voor optimale ventilatie. Traditionele Thaise tailleband voor meer ondersteuning en comfort. Zijsplitten speciaal ontworpen om de mobiliteit en flexibiliteit te vergr,,apparel,#1C1C1C
joya-kickboksbroek-23-zwart-kopie,,,,,,,Maat,XS,,shopify,10,deny,manual,39.95,,TRUE,TRUE,,,,active,,,,
joya-kickboksbroek-23-zwart-kopie,,,,,,,Maat,S,,shopify,10,deny,manual,39.95,,TRUE,TRUE,,,,active,,,,
joya-kickboksbroek-23-zwart-kopie,,,,,,,Maat,M,,shopify,10,deny,manual,39.95,,TRUE,TRUE,,,,active,,,,
joya-kickboksbroek-23-zwart-kopie,,,,,,,Maat,L,,shopify,10,deny,manual,39.95,,TRUE,TRUE,,,,active,,,,
joya-kickboksbroek-23-zwart-kopie,,,,,,,Maat,XL,,shopify,10,deny,manual,39.95,,TRUE,TRUE,,,,active,,,,
joya-kickboksbroek-23-zwart-kopie,,,,,,,Maat,XXL,,shopify,10,deny,manual,39.95,,TRUE,TRUE,,,,active,,,,
joya-kickboksbroek-23-zwart-kopie,,,,,,,,,,,,,,,,,,https://www.fightpro.nl/wp-content/uploads/2024/04/JOYA-ESSENTIAL-FIGHTSHORT-ZWART-ZWART-1.jpg,2,JOYA ESSENTIAL FIGHTSHORT – ZWART-ZWART,,,,,
px-bjj-grabn-fight-gi-black,PX BJJ GRAB’N FIGHT GI BLACK,"<p>PX BJJ GRAB’N FIGHT GI BLACK</p> <div>Licht, maar stevige BJJ-pak. De jas is gemaakt van scheurbestendig 100% katoen Pearl-Weave stof met een gewicht van 450 gr/m² en heeft versterkingen op alle bijzonder belaste plekken, zoals schouders, borst en jassplitten. De broek, gemaakt van bijzonder scheurbestendige RIPSTOP-stof, is versterkt bij de knieën. Het pak is gemaakt van 100% katoen en is voorgewassen op 40°C, dus na correct wassen op 40°C krimpt het slechts minimaal.</div>",PX,BJJ,"BJJ, Kleding, PX",TRUE,,Default Title,,shopify,10,deny,manual,85.00,,TRUE,TRUE,https://www.fightpro.nl/wp-content/uploads/2024/04/PX-BJJ-GRAB-N-FIGHT-BLACK-GI.jpg,1,PX BJJ GRAB’N FIGHT GI BLACK,active,PX BJJ GRAB’N FIGHT GI BLACK,,apparel,#101820
px-bjj-grabn-fight-gi-black,,,,,,,,,,,,,,,,,,https://www.fightpro.nl/wp-content/uploads/2024/04/PX-BJJ-GRAB-N-FIGHT-BLACK-GI-1.jpg,2,PX BJJ GRAB’N FIGHT GI BLACK,,,,,
px-bjj-grabn-fight-gi-black,,,,,,,,,,,,,,,,,,https://www.fightpro.nl/wp-content/uploads/2024/04/PX-BJJ-GRAB-N-FIGHT-BLACK-GI-2.jpg,3,PX BJJ GRAB’N FIGHT GI BLACK,,,,,
px-bjj-grabn-fight-gi-black,,,,,,,,,,,,,,,,,,https://www.fightpro.nl/wp-content/uploads/2024/04/PX-BJJ-GRAB-N-FIGHT-BLACK-GI-3.jpg,4,PX BJJ GRAB’N FIGHT GI BLACK,,,,,
fairtex-fmv13-maximized-focus-pads-black-red,Fairtex FMV13 Maximized Focus Pads black red,<p>[et_pb_section fb_built=&#8221;1&#8243; theme_builder_area=&#8221;post_content&#8221; _builder_version=&#8221;4.24.2&#8243; _module_preset=&#8221;default&#8221;][/et_pb_section]</p>,Fairtex,trap/stoot kussens,"Fairtex, trap/stoot kussens",TRUE,,Default Title,,shopify,10,deny,manual,159.95,,TRUE,TRUE,https://www.fightpro.nl/wp-content/uploads/2024/03/FAIRTEX-FMV13-Focus-Pads.jpg,1,Fairtex FMV13 Maximized Focus Pads black red,active,Topkwaliteit Fairtex FMV13 Maximized Focus Pads black red,,bag,#1A2A1A
fairtex-fmv13-maximized-focus-pads-black-red,,,,,,,,,,,,,,,,,,https://www.fightpro.nl/wp-content/uploads/2024/03/FAIRTEX-FMV13-Focus-Pads-2.jpg,2,Fairtex FMV13 Maximized Focus Pads black red,,,,,
fairtex-fmv13-maximized-focus-pads-black-red,,,,,,,,,,,,,,,,,,https://www.fightpro.nl/wp-content/uploads/2024/03/FAIRTEX-FMV13-Focus-Pads-3.jpg,3,Fairtex FMV13 Maximized Focus Pads black red,,,,,
px-focus-boxing-hand-pads-leather,PX focus boxing hand pads leather,<p>PX focus boxing hand pads leather</p> <ul> <li>zwart</li> <li>leer</li> </ul>,PX,trap/stoot kussens,"PX, trap/stoot kussens",TRUE,,Default Title,,shopify,10,deny,manual,49.95,,TRUE,TRUE,https://www.fightpro.nl/wp-content/uploads/2024/03/PX-focus-pads-leer.jpg,1,PX focus boxing hand pads leather,active,PX focus boxing hand pads leather,,bag,#101820
px-focus-boxing-hand-pads-leather,,,,,,,,,,,,,,,,,,https://www.fightpro.nl/wp-content/uploads/2024/03/PX-focus-pads-leer-1.jpg,2,PX focus boxing hand pads leather,,,,,
px-focus-boxing-handpads-leer,PX ROUND COACHING PUNCH SHIELD leather,"<p>PX focus boxing handpads LEER, zwart rood.</p> <ul> <li>zwart</li> <li>leer</li> <li>40 x 12 cm</li> </ul>",PX,trap/stoot kussens,"PX, trap/stoot kussens",TRUE,,Default Title,,shopify,10,deny,manual,59.95,,TRUE,TRUE,https://www.fightpro.nl/wp-content/uploads/2024/03/PX-ROUND-COACHING-PUNCH-SHIELD.jpg,1,PX ROUND COACHING PUNCH SHIELD leather,active,PX ROUND COACHING PUNCH SHIELD leather,,bag,#101820
px-focus-boxing-handpads-leer,,,,,,,,,,,,,,,,,,https://www.fightpro.nl/wp-content/uploads/2024/03/PX-ROUND-COACHING-PUNCH-SHIELD-2.jpg,2,PX ROUND COACHING PUNCH SHIELD leather,,,,,
px-focus-boxing-handpads-leer,,,,,,,,,,,,,,,,,,https://www.fightpro.nl/wp-content/uploads/2024/03/PX-ROUND-COACHING-PUNCH-SHIELD-3.jpg,3,PX ROUND COACHING PUNCH SHIELD leather,,,,,
px-focus-boxing-handpads-leer,,,,,,,,,,,,,,,,,,https://www.fightpro.nl/wp-content/uploads/2024/03/PX-ROUND-COACHING-PUNCH-SHIELD-4.jpg,4,PX ROUND COACHING PUNCH SHIELD leather,,,,,
fairtex-bgv14sb-muay-thai-super-sparring-glovezwart-leer,FAIRTEX BGV14SB Muay Thai Super Sparring Glovezwart leer,<p>Muay Thai FAIRTEX BGV14SB Bokshandschoenen voor sparren en intensieve trainingen.</p>,Fairtex,Kickbokshandschoenen leer,"Fairtex, Handschoenen, Kickbokshandschoenen leer",TRUE,Maat,16 oz,,shopify,10,deny,manual,114.95,,TRUE,TRUE,https://www.fightpro.nl/wp-content/uploads/2024/03/FAIRTEX-kickbokshandschoenen-BGV14SB.jpg,1,FAIRTEX BGV14SB Muay Thai Super Sparring Glovezwart leer,active,,,apparel,#1A2A1A
fairtex-bgv14sb-muay-thai-super-sparring-glovezwart-leer,,,,,,,,,,,,,,,,,,https://www.fightpro.nl/wp-content/uploads/2024/03/FAIRTEX-kickbokshandschoenen-BGV14SB-1.jpg,2,FAIRTEX BGV14SB Muay Thai Super Sparring Glovezwart leer,,,,,
smai-elite-p85-kickbokshandschoenen-leer,SMAI ELITE P85 KICKBOKSHANDSCHOENEN LEER,<p>SMAI ELITE P85 KICKBOKSHANDSCHOENEN LEER van top kwaliteit runder leder. Nr 1 merk in Australië.<br /> Voor gevorderd en starters!</p> <p>Smai bestaat sinds 1985!</p> <ul> <li>Rundsleder</li> </ul>,Smai,Kickbokshandschoenen leer,"Handschoenen, Kickbokshandschoenen leer, Smai",TRUE,,Default Title,,shopify,10,deny,manual,109.95,,TRUE,TRUE,https://www.fightpro.nl/wp-content/uploads/2024/03/SMAI-ELITE-P85-BOXING-GLOVES.jpg,1,SMAI ELITE P85 KICKBOKSHANDSCHOENEN LEER,active,SMAI ELITE P85 KICKBOKSHANDSCHOENEN LEER,,glove,#1A1A1A
smai-elite-p85-kickbokshandschoenen-leer,,,,,,,,,,,,,,,,,,https://www.fightpro.nl/wp-content/uploads/2024/03/SMAI-ELITE-P85-BOXING-GLOVES-1.jpg,2,SMAI ELITE P85 KICKBOKSHANDSCHOENEN LEER,,,,,
smai-elite-p85-kickbokshandschoenen-leer,,,,,,,,,,,,,,,,,,https://www.fightpro.nl/wp-content/uploads/2024/03/SMAI-ELITE-P85-BOXING-GLOVES-2.jpg,3,SMAI ELITE P85 KICKBOKSHANDSCHOENEN LEER,,,,,
smai-elite-p85-kickbokshandschoenen-leer,,,,,,,,,,,,,,,,,,https://www.fightpro.nl/wp-content/uploads/2024/03/SMAI-ELITE-P85-BOXING-GLOVES-3.jpg,4,SMAI ELITE P85 KICKBOKSHANDSCHOENEN LEER,,,,,
smai-elite-p85-kickbokshandschoenen-leer,,,,,,,,,,,,,,,,,,https://www.fightpro.nl/wp-content/uploads/2024/03/SMAI-ELITE-P85-BOXING-GLOVES-4.jpg,5,SMAI ELITE P85 KICKBOKSHANDSCHOENEN LEER,,,,,
smai-elite-p85-thai-pads-leather,SMAI ELITE P85 THAI PADS LEATHER,"<p>SMAI ELITE P85 THAI PADS LEATHER van top kwaliteit runder leder. Nr 1 merk in Australië.<br /> VOOR STOTEN, TRAPPEN EN KNIETJES!</p> <p>Binnenhandschoen bevat mesh voor beter doorluchten. Smai bestaat sinds 1985!</p> <ul> <li>Rundsleder</li> <li>35 cm (H) x 20 cm-13 cm (B)</li> <li>Dikte 7 cm</li> <li>Per paar</li> </ul>",Smai,trap/stoot kussens,"Smai, trap/stoot kussens",TRUE,,Default Title,,shopify,10,deny,manual,199.95,,TRUE,TRUE,https://www.fightpro.nl/wp-content/uploads/2024/03/SMAI-ELITE-P85-LEATHER-THAI-PADS.jpg,1,SMAI ELITE P85 THAI PADS LEATHER,active,SMAI ELITE P85 THAI PADS LEATHER,,bag,#1A1A1A
smai-elite-p85-thai-pads-leather,,,,,,,,,,,,,,,,,,https://www.fightpro.nl/wp-content/uploads/2024/03/SMAI-ELITE-P85-LEATHER-THAI-PADS-2.jpg,2,SMAI ELITE P85 THAI PADS LEATHER,,,,,
smai-elite-p85-thai-pads-leather,,,,,,,,,,,,,,,,,,https://www.fightpro.nl/wp-content/uploads/2024/03/SMAI-ELITE-P85-LEATHER-THAI-PADS-3.jpg,3,SMAI ELITE P85 THAI PADS LEATHER,,,,,
smai-elite-p85-thai-pads-leather,,,,,,,,,,,,,,,,,,https://www.fightpro.nl/wp-content/uploads/2024/03/SMAI-ELITE-P85-LEATHER-THAI-PADS-4.jpg,4,SMAI ELITE P85 THAI PADS LEATHER,,,,,
smai-focus-boxing-pads-elite-p85,SMAI Focus boxing Pads Elite P85 leder,"<p>SMAI Boxing focus pads van top kwaliteit runder leder. Nr 1 merk in Australië.</p> <p>Binnenhandschoen bevat mesh voor beter doorluchten. Smai bestaat sinds 1985!</p> <ul> <li>Rundsleder</li> <li>23 cm (H) x 19 cm (B)</li> <li>Dikte 4,5 cm</li> <li>One size</li> </ul>",Smai,trap/stoot kussens,"Smai, trap/stoot kussens",TRUE,,Default Title,,shopify,10,deny,manual,99.95,,TRUE,TRUE,https://www.fightpro.nl/wp-content/uploads/2024/03/SMAI-Focus-boxing-Pads-Elite-P85.jpg,1,SMAI Focus boxing Pads Elite P85 leder,active,SMAI Boxing focus pads van top kwaliteit runder leder. Nr 1 merk in Australië.,,bag,#1A1A1A
smai-focus-boxing-pads-elite-p85,,,,,,,,,,,,,,,,,,https://www.fightpro.nl/wp-content/uploads/2024/03/SMAI-Focus-boxing-Pads-Elite-P85-2.jpg,2,SMAI Focus boxing Pads Elite P85 leder,,,,,
smai-focus-boxing-pads-elite-p85,,,,,,,,,,,,,,,,,,https://www.fightpro.nl/wp-content/uploads/2024/03/SMAI-Focus-boxing-Pads-Elite-P85-3.jpg,3,SMAI Focus boxing Pads Elite P85 leder,,,,,
smai-focus-boxing-pads-elite-p85,,,,,,,,,,,,,,,,,,https://www.fightpro.nl/wp-content/uploads/2024/03/SMAI-Focus-boxing-Pads-Elite-P85-4.jpg,4,SMAI Focus boxing Pads Elite P85 leder,,,,,
tatami-vechtsport-vloer-puzzelmat-4-cm-dik-100x100-cm-zwart-grijs-rood-blauw,Tatami vechtsport vloer Puzzelmat 4 cm dik 100&#215;100 cm – zwart/grijs/rood/blauw,"<p>Tatami / Dojo Puzzelmat 4 cm dik. Zeer geschikt voor sporten als judo.<br /> Kan met beide kleuren gebruikt worden.</p> <ul> <li>Sportschool kwaliteit</li> <li>Afwasbaar</li> <li>100&#215;100 cm</li> <li>Geschikt voor verschillende vechtsporten</li> <li>Ook verkrijgbaar in 4 cm (voor bijvoorbeeld judo)</li> </ul> <p>Let op!<br /> Puzzelmatten en bokszakken worden per pallet verstuurd. Daar zitten andere prijzen aan vast. Vraag een offerte aan!</p> <p>Voor het gebruik, even contact opnemen met ons over correcte manier van leggen en uitpakken!</p>",FightPro,Sportvloeren,Sportvloeren,TRUE,,Default Title,,shopify,10,deny,manual,69.95,,TRUE,TRUE,https://www.fightpro.nl/wp-content/uploads/2024/03/vechtsport-mat-tatami-puzzle-zwart-rood-100x100x4cm2.jpg,1,FightPro Tatami vechtsport vloer Puzzelmat 4 cm dik 100&#215;100 cm – zwart/grijs/rood/blauw,active,"MEERDERE KLEUREN COMBINATIES MOGELIJK, TOP KWALITEIT PUZZLEMAT.",,glove,#1A1200
tatami-vechtsport-vloer-puzzelmat-4-cm-dik-100x100-cm-zwart-grijs-rood-blauw,,,,,,,,,,,,,,,,,,https://www.fightpro.nl/wp-content/uploads/2024/03/vechtsport-mat-tatami-puzzle-zwart-rood-100x100x4cm.jpg,2,FightPro Tatami vechtsport vloer Puzzelmat 4 cm dik 100&#215;100 cm – zwart/grijs/rood/blauw,,,,,
tatami-vechtsport-vloer-puzzelmat-4-cm-dik-100x100-cm-zwart-grijs-rood-blauw,,,,,,,,,,,,,,,,,,https://www.fightpro.nl/wp-content/uploads/2024/03/vechtsport-mat-tatami-puzzle-blauw-rood-100x100x4cm2.jpg,3,FightPro Tatami vechtsport vloer Puzzelmat 4 cm dik 100&#215;100 cm – zwart/grijs/rood/blauw,,,,,
tatami-vechtsport-vloer-puzzelmat-4-cm-dik-100x100-cm-zwart-grijs-rood-blauw,,,,,,,,,,,,,,,,,,https://www.fightpro.nl/wp-content/uploads/2024/03/vechtsport-mat-tatami-puzzle-blauw-rood-100x100x4cm.jpg,4,FightPro Tatami vechtsport vloer Puzzelmat 4 cm dik 100&#215;100 cm – zwart/grijs/rood/blauw,,,,,
px-kickbokshandschoenen-leer-contest,PX KICKBOKSHANDSCHOENEN LEER CONTEST,"<p>PX KICKBOKSHANDSCHOENEN LEER CONTEST<br /> Voor elk niveau kickboksers, zeer goede prijs kwaliteit verhouding.<br /> Gemaakt van rundleder.</p>",PX,Kickbokshandschoenen leer,"Handschoenen, Kickbokshandschoenen leer, PX",TRUE,,Default Title,,shopify,10,deny,manual,84.95,,TRUE,TRUE,https://www.fightpro.nl/wp-content/uploads/2024/03/PX-KICKBOKSHANDSCHOEN-LEER-Contest.jpg,1,PX KICKBOKSHANDSCHOENEN LEER CONTEST,active,Zeer goede prijs kwaliteit verhouding!,,apparel,#101820
px-kickbokshandschoenen-leer-contest,,,,,,,,,,,,,,,,,,https://www.fightpro.nl/wp-content/uploads/2024/03/PX-KICKBOKSHANDSCHOEN-LEER-Contest-5.jpg,2,PX KICKBOKSHANDSCHOENEN LEER CONTEST,,,,,
px-kickbokshandschoenen-leer-contest,,,,,,,,,,,,,,,,,,https://www.fightpro.nl/wp-content/uploads/2024/03/PX-KICKBOKSHANDSCHOEN-LEER-Contest-4.jpg,3,PX KICKBOKSHANDSCHOENEN LEER CONTEST,,,,,
px-kickbokshandschoenen-leer-contest,,,,,,,,,,,,,,,,,,https://www.fightpro.nl/wp-content/uploads/2024/03/PX-KICKBOKSHANDSCHOEN-LEER-Contest-3.jpg,4,PX KICKBOKSHANDSCHOENEN LEER CONTEST,,,,,
px-kickbokshandschoenen-leer-contest,,,,,,,,,,,,,,,,,,https://www.fightpro.nl/wp-content/uploads/2024/03/PX-KICKBOKSHANDSCHOEN-LEER-Contest-2.jpg,5,PX KICKBOKSHANDSCHOENEN LEER CONTEST,,,,,
px-kickbokshandschoenen-leer-zwart-basic-kopie,PX KICKBOKSHANDSCHOENEN LEER ZWART-ROOD,"<p>PX KICKBOKSHANDSCHOENEN LEER ZWART – ROOD.<br /> Leuke zeer betaalbare Bokshandschoen voor de startende en ervaren kickboksers, zeer goede prijs kwaliteit verhouding.<br /> Gemaakt van rundleder.<br /> Met mesh aan de binnenkant voor betere beluchting.</p>",PX,Kickbokshandschoenen leer,"Handschoenen, Kickbokshandschoenen leer, PX",TRUE,,Default Title,,shopify,10,deny,manual,79.95,,TRUE,TRUE,https://www.fightpro.nl/wp-content/uploads/2024/03/PX-KICKBOKSHANDSCHOEN-LEER-black-red.jpg,1,PX KICKBOKSHANDSCHOENEN LEER ZWART-ROOD,active,Zeer goede prijs kwaliteit verhouding!,,apparel,#101820
px-kickbokshandschoenen-leer-zwart-basic-kopie,,,,,,,,,,,,,,,,,,https://www.fightpro.nl/wp-content/uploads/2024/03/PX-KICKBOKSHANDSCHOEN-LEER-black-red-2.jpg,2,PX KICKBOKSHANDSCHOENEN LEER ZWART-ROOD,,,,,
px-kickbokshandschoenen-leer-zwart-basic-kopie,,,,,,,,,,,,,,,,,,https://www.fightpro.nl/wp-content/uploads/2024/03/PX-KICKBOKSHANDSCHOEN-LEER-black-red-3.jpg,3,PX KICKBOKSHANDSCHOENEN LEER ZWART-ROOD,,,,,
px-kickbokshandschoenen-leer-zwart-basic-kopie,,,,,,,,,,,,,,,,,,https://www.fightpro.nl/wp-content/uploads/2024/03/PX-KICKBOKSHANDSCHOEN-LEER-black-red-4.jpg,4,PX KICKBOKSHANDSCHOENEN LEER ZWART-ROOD,,,,,
px-kickbokshandschoenen-leer-zwart-basic-kopie,,,,,,,,,,,,,,,,,,https://www.fightpro.nl/wp-content/uploads/2024/03/PX-KICKBOKSHANDSCHOEN-LEER-black-red-5.jpg,5,PX KICKBOKSHANDSCHOENEN LEER ZWART-ROOD,,,,,
tatami-vechtsport-vloer-puzzelmat-2-cm-dik-100x100-cm-zwart-grijs,Tatami vechtsport vloer Puzzelmat 2 cm dik 100&#215;100 cm – zwart/grijs/rood/blauw,"<p>Tatami / Dojo Puzzelmat 2 cm dik.<br /> Kan als zwarte mat of als grijze mat gebruikt worden.</p> <ul> <li>Sportschool kwaliteit</li> <li>Afwasbaar</li> <li>100&#215;100 cm</li> <li>Geschikt voor verschillende vechtsporten</li> <li>Ook verkrijgbaar in 4 cm (voor bijvoorbeeld judo)</li> </ul> <p>Let op!<br /> Puzzelmatten en bokszakken worden per pallet verstuurd. Daar zitten andere prijzen aan vast. Vraag een offerte aan!</p> <p>Voor het gebruik, even contact opnemen met ons over correcte manier van leggen en uitpakken!</p>",FightPro,Sportvloeren,Sportvloeren,TRUE,,Default Title,,shopify,10,deny,manual,39.95,,TRUE,TRUE,https://www.fightpro.nl/wp-content/uploads/2024/03/vechtsport-mat-tatami-puzzle-zwart-grijs-100x100x2cm.jpg,1,FightPro Tatami vechtsport vloer Puzzelmat 2 cm dik 100&#215;100 cm – zwart/grijs/rood/blauw,active,"MEERDERE KLEUREN COMBINATIES MOGELIJK, TOP KWALITEIT PUZZLEMAT.",,glove,#1A1200
tatami-vechtsport-vloer-puzzelmat-2-cm-dik-100x100-cm-zwart-grijs,,,,,,,,,,,,,,,,,,https://www.fightpro.nl/wp-content/uploads/2024/03/vechtsport-mat-tatami-puzzle-zwart-rood-100x100x2cm.jpg,2,FightPro Tatami vechtsport vloer Puzzelmat 2 cm dik 100&#215;100 cm – zwart/grijs/rood/blauw,,,,,
tatami-vechtsport-vloer-puzzelmat-2-cm-dik-100x100-cm-zwart-grijs,,,,,,,,,,,,,,,,,,https://www.fightpro.nl/wp-content/uploads/2024/03/vechtsport-mat-tatami-puzzle-zwart-BLAUW-100x100x2cm.jpg,3,FightPro Tatami vechtsport vloer Puzzelmat 2 cm dik 100&#215;100 cm – zwart/grijs/rood/blauw,,,,,
tatami-vechtsport-vloer-puzzelmat-2-cm-dik-100x100-cm-zwart-grijs,,,,,,,,,,,,,,,,,,https://www.fightpro.nl/wp-content/uploads/2024/03/vechtsport-mat-tatami-puzzle-zwart-grijs-100x100x2cm-4.jpg,4,FightPro Tatami vechtsport vloer Puzzelmat 2 cm dik 100&#215;100 cm – zwart/grijs/rood/blauw,,,,,
tatami-vechtsport-vloer-puzzelmat-2-cm-dik-100x100-cm-zwart-grijs,,,,,,,,,,,,,,,,,,https://www.fightpro.nl/wp-content/uploads/2024/03/vechtsport-mat-tatami-puzzle-zwart-grijs-100x100x2cm-3.jpg,5,FightPro Tatami vechtsport vloer Puzzelmat 2 cm dik 100&#215;100 cm – zwart/grijs/rood/blauw,,,,,
tatami-vechtsport-vloer-puzzelmat-2-cm-dik-100x100-cm-zwart-grijs,,,,,,,,,,,,,,,,,,https://www.fightpro.nl/wp-content/uploads/2024/03/vechtsport-mat-tatami-puzzle-zwart-grijs-100x100x2cm-2.jpg,6,FightPro Tatami vechtsport vloer Puzzelmat 2 cm dik 100&#215;100 cm – zwart/grijs/rood/blauw,,,,,
tatami-vechtsport-vloer-puzzelmat-2-cm-dik-100x100-cm-zwart-grijs,,,,,,,,,,,,,,,,,,https://www.fightpro.nl/wp-content/uploads/2024/03/vechtsport-mat-tatami-puzzle-zwart-rood-100x100x2cm2.jpg,7,FightPro Tatami vechtsport vloer Puzzelmat 2 cm dik 100&#215;100 cm – zwart/grijs/rood/blauw,,,,,
joya-sporttas-evolution-bag-zwart-goud-wit,Joya Sporttas EVOLUTION BAG – ZWART-GOUD-WIT,<p>Joya Sporttas EVOLUTION BAG – ZWART-GOUD-WIT</p> <p>Joya Sporttas verschillende kleuren met meerdere vakken</p> <ul> <li>Hoofdvak met rits</li> <li>Zijvak met rits</li> <li>Schouder dragen</li> <li>Waterdichte rits</li> <li>Ontwerp met zijdeprint</li> <li>Hittegeperst ontwerp</li> <li>borduurwerk</li> <li>Monogram voering</li> </ul>,Joya,Sport tassen,"Joya, Sport tassen",TRUE,,Default Title,,shopify,10,deny,manual,59.95,,TRUE,TRUE,https://www.fightpro.nl/wp-content/uploads/2024/02/JOYA-sporttas-EVOLUTION-BAG2.jpg,1,Joya Sporttas EVOLUTION BAG – ZWART-GOUD-WIT,active,,,bag,#1C1C1C
joya-sporttas-evolution-bag-zwart-goud-wit,,,,,,,,,,,,,,,,,,https://www.fightpro.nl/wp-content/uploads/2024/02/JOYA-sporttas-EVOLUTION-BAG.jpg,2,Joya Sporttas EVOLUTION BAG – ZWART-GOUD-WIT,,,,,
joya-sporttas-evolution-bag-zwart-goud-wit,,,,,,,,,,,,,,,,,,https://www.fightpro.nl/wp-content/uploads/2024/02/JOYA-sporttas-EVOLUTION-BAG3.jpg,3,Joya Sporttas EVOLUTION BAG – ZWART-GOUD-WIT,,,,,
thaise-namman-muay-creme-100-gr,THAISE NAMMAN MUAY CREME 100 GR,"<p>THAISE NAMMAN MUAY CREME, voor blessures, spieren opwarmen en nog veel meer.<br /> 100 GR</p>",Namman Muay,Diversen,"Diversen, Namman Muay",TRUE,,Default Title,,shopify,10,deny,manual,24.95,,TRUE,TRUE,https://www.fightpro.nl/wp-content/uploads/2024/01/Namman_Muay_thai-creme.jpg,1,Namman Muay THAISE NAMMAN MUAY CREME 100 GR,active,,,glove,#1A1A1A
esn-shaker-black-transparent,"ESN SHAKER, BLACK TRANSPARENT","<p>ESN SHAKER, BLACK TRANSPARENT</p>",ESN,Diversen,"Diversen, ESN, Voeding",TRUE,,Default Title,,shopify,10,deny,manual,4.90,,TRUE,TRUE,https://www.fightpro.nl/wp-content/uploads/2023/12/ESN-SHAKER-600ml.jpg,1,"ESN SHAKER, BLACK TRANSPARENT",active,"ESN SHAKER, BLACK TRANSPARENT, Inhoud 600 ml Stevig materiaal, vrij van BPA & DEHP Met maatverdeling voor eenvoudig doseren",,apparel,#1A1A1A
super-pro-combat-gear-legend-kickbokshandschoenen-leer,SUPER PRO COMBAT GEAR LEGEND KICKBOKSHANDSCHOENEN LEER,<p>SUPER PRO COMBAT GEAR LEGEND KICKBOKSHANDSCHOENEN LEER. Voor de serieuze vechtsporter.</p>,Super Pro,Kickbokshandschoenen leer,"Handschoenen, Kickbokshandschoenen leer, Super Pro",TRUE,,Default Title,,shopify,10,deny,manual,99.95,,TRUE,TRUE,https://www.fightpro.nl/wp-content/uploads/2023/11/SUPER-PRO-COMBAT-GEAR-LEGEND-KICKBOKSHANDSCHOENEN-black-2.jpg,1,SUPER PRO COMBAT GEAR LEGEND KICKBOKSHANDSCHOENEN LEER,active,,,glove,#1A1A1A
super-pro-combat-gear-legend-kickbokshandschoenen-leer,,,,,,,,,,,,,,,,,,https://www.fightpro.nl/wp-content/uploads/2023/11/SUPER-PRO-COMBAT-GEAR-LEGEND-KICKBOKSHANDSCHOENEN-black-3.jpg,2,SUPER PRO COMBAT GEAR LEGEND KICKBOKSHANDSCHOENEN LEER,,,,,
super-pro-combat-gear-legend-kickbokshandschoenen-leer,,,,,,,,,,,,,,,,,,https://www.fightpro.nl/wp-content/uploads/2023/11/SUPER-PRO-COMBAT-GEAR-LEGEND-KICKBOKSHANDSCHOENEN-black-4.jpg,3,SUPER PRO COMBAT GEAR LEGEND KICKBOKSHANDSCHOENEN LEER,,,,,
super-pro-combat-gear-legend-kickbokshandschoenen-leer,,,,,,,,,,,,,,,,,,https://www.fightpro.nl/wp-content/uploads/2023/11/SUPER-PRO-COMBAT-GEAR-LEGEND-KICKBOKSHANDSCHOENEN-black-5.jpg,4,SUPER PRO COMBAT GEAR LEGEND KICKBOKSHANDSCHOENEN LEER,,,,,
super-pro-combat-gear-legend-kickbokshandschoenen-leer,,,,,,,,,,,,,,,,,,https://www.fightpro.nl/wp-content/uploads/2023/11/SUPER-PRO-COMBAT-GEAR-LEGEND-KICKBOKSHANDSCHOENEN-black-6.jpg,5,SUPER PRO COMBAT GEAR LEGEND KICKBOKSHANDSCHOENEN LEER,,,,,
super-pro-combat-gear-legend-kickbokshandschoenen-leer,,,,,,,,,,,,,,,,,,https://www.fightpro.nl/wp-content/uploads/2023/11/SUPER-PRO-COMBAT-GEAR-LEGEND-KICKBOKSHANDSCHOENEN-black-7.jpg,6,SUPER PRO COMBAT GEAR LEGEND KICKBOKSHANDSCHOENEN LEER,,,,,
super-pro-gym-sporttas-zwart-wit-small,Super Pro Gym Sporttas – Zwart/Wit Small,<p>5 vakken<br /> Een extra vak voor natte spullen<br /> Afmeting: 46 x 30 x 29 cm (small)</p>,Super Pro,Sport tassen,"Sport tassen, Super Pro",TRUE,,Default Title,,shopify,10,deny,manual,39.95,,TRUE,TRUE,https://www.fightpro.nl/wp-content/uploads/2020/07/SUPER-PRO-COMBAT-GEAR-GYM-SPORTTAS.jpg,1,Super Pro Gym Sporttas – Zwart/Wit Small,active,,,bag,#1A1A1A
super-pro-gym-sporttas-zwart-wit-small,,,,,,,,,,,,,,,,,,https://www.fightpro.nl/wp-content/uploads/2020/07/SUPER-PRO-COMBAT-GEAR-GYM-SPORTTAS-1.jpg,2,Super Pro Gym Sporttas – Zwart/Wit Small,,,,,
super-pro-gym-sporttas-zwart-wit-small,,,,,,,,,,,,,,,,,,https://www.fightpro.nl/wp-content/uploads/2023/11/SUPER-PRO-COMBAT-GEAR-GYM-SPORTTAS-2.jpg,3,Super Pro Gym Sporttas – Zwart/Wit Small,,,,,
hayabusa-bokszak-heavy-bag,Hayabusa bokszak Heavy Bag gevuld 150 cm,"<p>Hayabusa bokszak Heavy Bag.<br /> Gevuld, professionele bokszak.<br /> 180 cm<br /> Eventueel vast te zetten aan de grond met bijbehorende &#8220;Heavy Bag Anker&#8221;.</p> <p>Voor thuis gebruik en professioneel sportschool gebruik.</p>",Hayabusa,Bokszakken,"Bokszakken, Hayabusa",TRUE,,Default Title,,shopify,10,deny,manual,299.00,,TRUE,TRUE,https://www.fightpro.nl/wp-content/uploads/2023/10/Hayabusa-bokszak-Heavy-Bag-1.jpg,1,Hayabusa bokszak Heavy Bag gevuld 150 cm,active,Hayabusa bokszak Heavy Bag 180 cm,,bag,#1A1A1A
hayabusa-bokszak-heavy-bag,,,,,,,,,,,,,,,,,,https://www.fightpro.nl/wp-content/uploads/2023/10/Hayabusa-bokszak-Heavy-Bag-2.jpg,2,Hayabusa bokszak Heavy Bag gevuld 150 cm,,,,,
hayabusa-bokszak-heavy-bag,,,,,,,,,,,,,,,,,,https://www.fightpro.nl/wp-content/uploads/2023/10/Hayabusa-bokszak-Heavy-Bag-3.jpg,3,Hayabusa bokszak Heavy Bag gevuld 150 cm,,,,,
hayabusa-bokszak-heavy-bag,,,,,,,,,,,,,,,,,,https://www.fightpro.nl/wp-content/uploads/2023/10/Hayabusa-bokszak-Heavy-Bag-4.jpg,4,Hayabusa bokszak Heavy Bag gevuld 150 cm,,,,,
hayabusa-bokszak-heavy-bag,,,,,,,,,,,,,,,,,,https://www.fightpro.nl/wp-content/uploads/2023/10/Hayabusa-bokszak-Heavy-Bag-5.jpg,5,Hayabusa bokszak Heavy Bag gevuld 150 cm,,,,,
hayabusa-bokszak-heavy-bag,,,,,,,,,,,,,,,,,,https://www.fightpro.nl/wp-content/uploads/2023/10/Hayabusa-bokszak-Heavy-Bag-6.jpg,6,Hayabusa bokszak Heavy Bag gevuld 150 cm,,,,,
fightpro-kickboks-broekje-black-on-black,Fightpro kickboks-broekje black-on-black,"<div class=""short-description""> <div class=""std"">Fightpro kickboks-broekje black-on-black, goede kwaliteit met geborduurd FIGHTPRO logo.</div> <div class=""std""></div> </div>",Fightpro,Broekjes,"Bestsellers!, Broekjes, Fightpro, Kleding, Bestseller",TRUE,,Default Title,,shopify,10,deny,manual,34.95,,TRUE,TRUE,https://www.fightpro.nl/wp-content/uploads/2023/10/Kickboxhose-Muay-Thai-Shorts-Fightpro.jpg,1,Fightpro kickboks-broekje black-on-black,active,Fightpro kickboks-broekje black-on-black,Bestseller,apparel,#1A1200
fightpro-kickboks-broekje-black-on-black,,,,,,,,,,,,,,,,,,https://www.fightpro.nl/wp-content/uploads/2023/10/Kickboxhose-Muay-Thai-Shorts-Fightpro-back.jpg,2,Fightpro kickboks-broekje black-on-black,,,,,
fightpro-kickboks-broekje-black-on-black,,,,,,,,,,,,,,,,,,https://www.fightpro.nl/wp-content/uploads/2023/10/FIGHTPRO-kickboks-broekje-geborduurd1.jpg,3,Fightpro kickboks-broekje black-on-black,,,,,
fightpro-scheenbeschermers-skintex-black-on-black,Fightpro scheenbeschermers deLuxe black-on-black,"<div class=""short-description""> <div class=""std"">Voor alle kickboksers geschikt, van beginner tot gevorderd. Fightpro shinguards!</div> <div class=""std"">De scheenbeschermers zijn gemaakt van van hoogwaardige skintex en doen niets onder voor de leren variant.</div> <div class=""std""></div> </div>",Fightpro,Scheenbeschermers,"Bescherming, Bestsellers!, Fightpro, Scheenbeschermers, Bestseller",TRUE,,Default Title,,shopify,10,deny,manual,74.95,,TRUE,TRUE,https://www.fightpro.nl/wp-content/uploads/2023/10/fightpro-Schienbeinschutz-deluxe.jpg,1,Fightpro scheenbeschermers deLuxe black-on-black,active,Fightpro scheenbeschermers black-on-black. Meerdere maten!,Bestseller,shield,#1A1200
fightpro-scheenbeschermers-skintex-black-on-black,,,,,,,,,,,,,,,,,,https://www.fightpro.nl/wp-content/uploads/2023/10/fightpro-Schienbeinschutz-deluxe-1.jpg,2,Fightpro scheenbeschermers deLuxe black-on-black,,,,,
fightpro-scheenbeschermers-skintex-black-on-black,,,,,,,,,,,,,,,,,,https://www.fightpro.nl/wp-content/uploads/2023/10/fightpro-Schienbeinschutz-deluxe-2.jpg,3,Fightpro scheenbeschermers deLuxe black-on-black,,,,,
fightpro-scheenbeschermers-skintex-black-on-black,,,,,,,,,,,,,,,,,,https://www.fightpro.nl/wp-content/uploads/2023/10/fightpro-Schienbeinschutz-deluxe-3.jpg,4,Fightpro scheenbeschermers deLuxe black-on-black,,,,,
hayabusa-perfect-stretch-hand-wraps-bandage-purple-lotus,"Hayabusa Perfect Stretch Hand Wraps / bandage purple lotus, blue/geo, red/tribal",<p>Hayabusa Perfect Stretch Hand Wraps / bandage</p> <p>Hayabusa Bandage van zeer goede kwaliteit.<br /> voor de serieuze en professionele sporter.<br /> kleur: Purple Lotus.<br /> Lengte 450 cm</p>,Hayabusa,Bandages,"Bandages, Bescherming, Hayabusa",TRUE,,Default Title,,shopify,10,deny,manual,19.95,,TRUE,TRUE,https://www.fightpro.nl/wp-content/uploads/2023/10/Hayabusa-Perfect-Stretch-Handwraps.jpg,1,"Hayabusa Perfect Stretch Hand Wraps / bandage purple lotus, blue/geo, red/tribal",active,Hayabusa Perfect Stretch Handwraps Purple Lotus bandage,,shield,#1A1A1A
hayabusa-perfect-stretch-hand-wraps-bandage-purple-lotus,,,,,,,,,,,,,,,,,,https://www.fightpro.nl/wp-content/uploads/2023/10/Hayabusa-Perfect-Stretch-Handwraps-Purple-Lotus-bandage-2.jpg,2,"Hayabusa Perfect Stretch Hand Wraps / bandage purple lotus, blue/geo, red/tribal",,,,,
hayabusa-perfect-stretch-hand-wraps-bandage-purple-lotus,,,,,,,,,,,,,,,,,,https://www.fightpro.nl/wp-content/uploads/2023/10/Hayabusa-Perfect-Stretch-Handwraps-Purple-Lotus-bandage-3.jpg,3,"Hayabusa Perfect Stretch Hand Wraps / bandage purple lotus, blue/geo, red/tribal",,,,,
hayabusa-perfect-stretch-hand-wraps-bandage-purple-lotus,,,,,,,,,,,,,,,,,,https://www.fightpro.nl/wp-content/uploads/2023/10/Hayabusa-Perfect-Stretch-Handwraps-Purple-Lotus-bandage-4.jpg,4,"Hayabusa Perfect Stretch Hand Wraps / bandage purple lotus, blue/geo, red/tribal",,,,,
hayabusa-perfect-stretch-hand-wraps-bandage-purple-lotus,,,,,,,,,,,,,,,,,,https://www.fightpro.nl/wp-content/uploads/2023/10/Hayabusa-Perfect-Stretch-Handwraps-blu-geo-bandage-2.jpg,5,"Hayabusa Perfect Stretch Hand Wraps / bandage purple lotus, blue/geo, red/tribal",,,,,
hayabusa-perfect-stretch-hand-wraps-bandage-purple-lotus,,,,,,,,,,,,,,,,,,https://www.fightpro.nl/wp-content/uploads/2023/10/Hayabusa-Perfect-Stretch-Handwraps-Purple-Lotus-bandage-1.jpg,6,"Hayabusa Perfect Stretch Hand Wraps / bandage purple lotus, blue/geo, red/tribal",,,,,
hayabusa-perfect-stretch-hand-wraps-bandage-purple-lotus,,,,,,,,,,,,,,,,,,https://www.fightpro.nl/wp-content/uploads/2023/10/Hayabusa-Perfect-Stretch-Handwraps-red-tribal-bandage.jpg,7,"Hayabusa Perfect Stretch Hand Wraps / bandage purple lotus, blue/geo, red/tribal",,,,,
hayabusa-t3-neon-boxing-gloves-yellow,Hayabusa T3 Neon Boxing Gloves yellow,<p>Hayabusa handschoenen van zeer goede kwaliteit. Prijswinnaar van Men’s Health in 2019 voor beste Gloves in the world!<br /> voor de serieuze en professionele sporter. Neon yellow.</p> <p>&#8220;Next level&#8221; pols support en knokkel bescherming.</p>,Hayabusa,Kickbokshandschoenen leer,"Handschoenen, Hayabusa, Kickbokshandschoenen leer",TRUE,Maat,14 oz,,shopify,10,deny,manual,179.00,,TRUE,TRUE,https://www.fightpro.nl/wp-content/uploads/2023/10/Hayabusa-T3-Neon-Boxing-Gloves-yellow.jpg,1,Hayabusa T3 Neon Boxing Gloves yellow,active,Al jaren bekend als een van de beste handschoen merken in de wereld. Hayabusa T3 Neon Boxing Gloves yellow,,apparel,#1A1A1A
hayabusa-t3-neon-boxing-gloves-yellow,,,,,,,Maat,16 oz,,shopify,10,deny,manual,179.00,,TRUE,TRUE,,,,active,,,,
hayabusa-t3-neon-boxing-gloves-yellow,,,,,,,,,,,,,,,,,,https://www.fightpro.nl/wp-content/uploads/2023/10/Hayabusa-T3-Neon-Boxing-Gloves-yellow-1.jpg,2,Hayabusa T3 Neon Boxing Gloves yellow,,,,,
hayabusa-t3-neon-boxing-gloves-yellow,,,,,,,,,,,,,,,,,,https://www.fightpro.nl/wp-content/uploads/2023/10/Hayabusa-T3-Neon-Boxing-Gloves-yellow-2.jpg,3,Hayabusa T3 Neon Boxing Gloves yellow,,,,,
hayabusa-t3-neon-boxing-gloves-yellow,,,,,,,,,,,,,,,,,,https://www.fightpro.nl/wp-content/uploads/2023/10/Hayabusa-T3-Neon-Boxing-Gloves-yellow-3.jpg,4,Hayabusa T3 Neon Boxing Gloves yellow,,,,,
hayabusa-t3-neon-boxing-gloves-yellow,,,,,,,,,,,,,,,,,,https://www.fightpro.nl/wp-content/uploads/2023/10/Hayabusa-T3-Neon-Boxing-Gloves-yellow-4-1.jpg,5,Hayabusa T3 Neon Boxing Gloves yellow,,,,,
hayabusa-t3-neon-boxing-gloves-orange,Hayabusa T3 Neon Boxing Gloves orange,<p>Hayabusa handschoenen van zeer goede kwaliteit. Prijswinnaar van Men’s Health in 2019 voor beste Gloves in the world!<br /> voor de serieuze en professionele sporter. Neon orange.</p> <p>&#8220;Next level&#8221; pols support en knokkel bescherming.</p>,Hayabusa,Kickbokshandschoenen leer,"Handschoenen, Hayabusa, Kickbokshandschoenen leer",TRUE,Maat,14 oz,,shopify,10,deny,manual,179.00,,TRUE,TRUE,https://www.fightpro.nl/wp-content/uploads/2023/10/Hayabusa-T3-Neon-Boxing-Gloves-orange-5.jpg,1,Hayabusa T3 Neon Boxing Gloves orange,active,Al jaren bekend als een van de beste handschoen merken in de wereld. Hayabusa T3 Neon Boxing Gloves orange,,apparel,#1A1A1A
hayabusa-t3-neon-boxing-gloves-orange,,,,,,,Maat,16 oz,,shopify,10,deny,manual,179.00,,TRUE,TRUE,,,,active,,,,
hayabusa-t3-neon-boxing-gloves-orange,,,,,,,,,,,,,,,,,,https://www.fightpro.nl/wp-content/uploads/2023/10/Hayabusa-T3-Neon-Boxing-Gloves-orange-1.jpg,2,Hayabusa T3 Neon Boxing Gloves orange,,,,,
hayabusa-t3-neon-boxing-gloves-orange,,,,,,,,,,,,,,,,,,https://www.fightpro.nl/wp-content/uploads/2023/10/Hayabusa-T3-Neon-Boxing-Gloves-orange-2.jpg,3,Hayabusa T3 Neon Boxing Gloves orange,,,,,
hayabusa-t3-neon-boxing-gloves-orange,,,,,,,,,,,,,,,,,,https://www.fightpro.nl/wp-content/uploads/2023/10/Hayabusa-T3-Neon-Boxing-Gloves-orange-3.jpg,4,Hayabusa T3 Neon Boxing Gloves orange,,,,,
hayabusa-t3-neon-boxing-gloves-orange,,,,,,,,,,,,,,,,,,https://www.fightpro.nl/wp-content/uploads/2023/10/Hayabusa-T3-Neon-Boxing-Gloves-orange-4.jpg,5,Hayabusa T3 Neon Boxing Gloves orange,,,,,
hayabusa-t3-neon-boxing-gloves-orange,,,,,,,,,,,,,,,,,,https://www.fightpro.nl/wp-content/uploads/2023/10/Hayabusa-T3-Neon-Boxing-Gloves-orange.jpg,6,Hayabusa T3 Neon Boxing Gloves orange,,,,,
hayabusa-t3-neon-boxing-gloves-blue,Hayabusa T3 Neon Boxing Gloves blue,<p>Hayabusa handschoenen van zeer goede kwaliteit. Prijswinnaar van Men’s Health in 2019 voor beste Gloves in the world!<br /> voor de serieuze en professionele sporter. Neon blauw.</p> <p>&#8220;Next level&#8221; pols support en knokkel bescherming.</p>,Hayabusa,Kickbokshandschoenen leer,"Handschoenen, Hayabusa, Kickbokshandschoenen leer",TRUE,Maat,14 oz,,shopify,10,deny,manual,179.95,,TRUE,TRUE,https://www.fightpro.nl/wp-content/uploads/2023/10/Hayabusa-T3-Neon-Boxing-Gloves-blue.jpg,1,Hayabusa T3 Neon Boxing Gloves blue,active,Al jaren bekend als een van de beste handschoen merken in de wereld. Hayabusa T3 Neon Boxing Gloves,,apparel,#1A1A1A
hayabusa-t3-neon-boxing-gloves-blue,,,,,,,Maat,16 oz,,shopify,10,deny,manual,179.95,,TRUE,TRUE,,,,active,,,,
hayabusa-t3-neon-boxing-gloves-blue,,,,,,,,,,,,,,,,,,https://www.fightpro.nl/wp-content/uploads/2023/10/Hayabusa-T3-Neon-Boxing-Gloves-blue-1.jpg,2,Hayabusa T3 Neon Boxing Gloves blue,,,,,
hayabusa-t3-neon-boxing-gloves-blue,,,,,,,,,,,,,,,,,,https://www.fightpro.nl/wp-content/uploads/2023/10/Hayabusa-T3-Neon-Boxing-Gloves-blue-2.jpg,3,Hayabusa T3 Neon Boxing Gloves blue,,,,,
hayabusa-t3-neon-boxing-gloves-blue,,,,,,,,,,,,,,,,,,https://www.fightpro.nl/wp-content/uploads/2023/10/Hayabusa-T3-Neon-Boxing-Gloves-blue-3.jpg,4,Hayabusa T3 Neon Boxing Gloves blue,,,,,
hayabusa-t3-neon-boxing-gloves-blue,,,,,,,,,,,,,,,,,,https://www.fightpro.nl/wp-content/uploads/2023/10/Hayabusa-T3-Neon-Boxing-Gloves-blue-4.jpg,5,Hayabusa T3 Neon Boxing Gloves blue,,,,,
hayabusa-falcon-muay-thai-shorts-blue,Hayabusa Falcon Muay Thai Shorts – BLUE,<p>Een mooi sportbroekje van het merk Hayabusa. Traditionele muay thai shorts in het blauw</p>,Hayabusa,Broekjes,"Broekjes, Hayabusa, Kleding",TRUE,Maat,XXS,,shopify,10,deny,manual,69.95,,TRUE,TRUE,https://www.fightpro.nl/wp-content/uploads/2023/10/Hayabusa-Falcon-Muay-Thai-Shorts-blue.jpg,1,Hayabusa Falcon Muay Thai Shorts – BLUE,active,,,apparel,#1A1A1A
hayabusa-falcon-muay-thai-shorts-blue,,,,,,,Maat,XS,,shopify,10,deny,manual,69.95,,TRUE,TRUE,,,,active,,,,
hayabusa-falcon-muay-thai-shorts-blue,,,,,,,Maat,S,,shopify,10,deny,manual,69.95,,TRUE,TRUE,,,,active,,,,
hayabusa-falcon-muay-thai-shorts-blue,,,,,,,Maat,M,,shopify,10,deny,manual,69.95,,TRUE,TRUE,,,,active,,,,
hayabusa-falcon-muay-thai-shorts-blue,,,,,,,Maat,L,,shopify,10,deny,manual,69.95,,TRUE,TRUE,,,,active,,,,
hayabusa-falcon-muay-thai-shorts-blue,,,,,,,Maat,XL,,shopify,10,deny,manual,69.95,,TRUE,TRUE,,,,active,,,,
hayabusa-falcon-muay-thai-shorts-blue,,,,,,,Maat,XXL,,shopify,10,deny,manual,69.95,,TRUE,TRUE,,,,active,,,,
hayabusa-falcon-muay-thai-shorts-red,Hayabusa Falcon Muay Thai Shorts – RED,<p>Een mooi sportbroekje van het merk Hayabusa. Traditionele muay thai shorts</p>,Hayabusa,Broekjes,"Broekjes, Hayabusa, Kleding",TRUE,Maat,XXS,,shopify,10,deny,manual,69.95,,TRUE,TRUE,https://www.fightpro.nl/wp-content/uploads/2023/10/Hayabusa-Falcon-Muay-Thai-Shorts-red.jpg,1,Hayabusa Falcon Muay Thai Shorts – RED,active,,,apparel,#1A1A1A
hayabusa-falcon-muay-thai-shorts-red,,,,,,,Maat,XS,,shopify,10,deny,manual,69.95,,TRUE,TRUE,,,,active,,,,
hayabusa-falcon-muay-thai-shorts-red,,,,,,,Maat,S,,shopify,10,deny,manual,69.95,,TRUE,TRUE,,,,active,,,,
hayabusa-falcon-muay-thai-shorts-red,,,,,,,Maat,M,,shopify,10,deny,manual,69.95,,TRUE,TRUE,,,,active,,,,
hayabusa-falcon-muay-thai-shorts-red,,,,,,,Maat,L,,shopify,10,deny,manual,69.95,,TRUE,TRUE,,,,active,,,,
hayabusa-falcon-muay-thai-shorts-red,,,,,,,Maat,XL,,shopify,10,deny,manual,69.95,,TRUE,TRUE,,,,active,,,,
hayabusa-falcon-muay-thai-shorts-red,,,,,,,Maat,XXL,,shopify,10,deny,manual,69.95,,TRUE,TRUE,,,,active,,,,
bjj-tatami-nova-absolute-black-gi,BJJ TATAMI Nova Absolute Black Gi,<p>BJJ TATAMI Nova Absolute Black Gi</p>,Tatami Fightwear,BJJ,"BJJ, Kleding, Tatami Fightwear",TRUE,Maat,A2 / 180,,shopify,10,deny,manual,85.00,,TRUE,TRUE,https://www.fightpro.nl/wp-content/uploads/2023/09/tatami-BJJ-Nova-Absolute-Black-Gi.jpg,1,Tatami Fightwear BJJ TATAMI Nova Absolute Black Gi,active,Maten voor GI’s ofwel BJJ pakken BJJ TATAMI Nova Absolute Black Gi,,apparel,#1A1A1A
bjj-tatami-nova-absolute-black-gi,,,,,,,Maat,A3 / 190,,shopify,10,deny,manual,85.00,,TRUE,TRUE,,,,active,,,,
bjj-tatami-nova-absolute-black-gi,,,,,,,Maat,M4 / 155,,shopify,10,deny,manual,85.00,,TRUE,TRUE,,,,active,,,,
bjj-tatami-nova-absolute-black-gi,,,,,,,,,,,,,,,,,,https://www.fightpro.nl/wp-content/uploads/2023/09/tatami-BJJ-Nova-Absolute-Black-Gi-2.jpg,2,Tatami Fightwear BJJ TATAMI Nova Absolute Black Gi,,,,,
bjj-tatami-nova-absolute-black-gi,,,,,,,,,,,,,,,,,,https://www.fightpro.nl/wp-content/uploads/2023/09/tatami-BJJ-Nova-Absolute-Black-Gi-3.jpg,3,Tatami Fightwear BJJ TATAMI Nova Absolute Black Gi,,,,,
bjj-tatami-nova-absolute-black-gi,,,,,,,,,,,,,,,,,,https://www.fightpro.nl/wp-content/uploads/2023/09/tatami-BJJ-Nova-Absolute-Black-Gi-4.jpg,4,Tatami Fightwear BJJ TATAMI Nova Absolute Black Gi,,,,,
bjj-tatami-nova-absolute-black-gi,,,,,,,,,,,,,,,,,,https://www.fightpro.nl/wp-content/uploads/2023/09/bjj-gi-maten-size.jpg,5,Tatami Fightwear BJJ TATAMI Nova Absolute Black Gi,,,,,
gepersonaliseerde-bokszak-custom-gevuld-en-met-ketting-180-cm-met-eigen-logo,GEPERSONALISEERDE  BOKSZAK &#8216;CUSTOM’ gevuld en met ketting 180 cm (MET EIGEN LOGO),"<p>Bokszak kopen? mogelijk om te laten personaliseren met eigen logo, tekst of plaatje.<br /> Bij afname van 5 bokszakken of meer, gelden ANDERE PRIJZEN! (SPORTSCHOLEN/INSTELLINGEN/PERSONAL TRAINERS HEBBEN ANDERE PRIJZEN.)</p> <p>BOKSZAK &#8216;CUSTOM&#8221; is gevuld en met ketting 180 cm. Kwalitatieve bokszak voor de beginner maar ook voor sportscholen zeer geschikt.</p> <p>Ook te bestellen in de maten:<br /> 80cm<br /> 100 cm<br /> 120 cm<br /> 150 cm<br /> 180 cm</p> <p><strong>Prijs op aanvraag. Neem contact met ons op voor een offerte.</strong></p>",Fightpro,Bokszakken,"Bokszakken, Fightpro",TRUE,,Default Title,,shopify,10,deny,manual,0.00,,TRUE,TRUE,https://www.fightpro.nl/wp-content/uploads/2023/07/Boxsack-gefullt-langlebig-180cm-mit-Kette.jpg,1,Fightpro GEPERSONALISEERDE  BOKSZAK &#8216;CUSTOM’ gevuld en met ketting 180 cm (MET EIGEN LOGO),active,"Bokszak kopen in Enschede? Prijs op aanvraag. Neem contact met ons op voor een offerte. Fightpro bokszak 180 cm, top kwaliteit en ook voor professioneel gebruik. Mogelijk met eigen logo of tekst.",,bag,#1A1200
shockdoctor-tok-kruisbeschermer-core-supporter-with-bioflex-cup,Shockdoctor tok Kruisbeschermer Core Supporter With BioFlex Cup,<p>Shockdoctor tok Kruisbeschermer Core Supporter With BioFlex Cup.</p> <p>Meerdere maten verkrijgbaar. Topkwaliteit met een mooi design.</p>,Shockdoctor,Kruis bescherming,"Bescherming, Kruis bescherming, Shockdoctor",TRUE,Maat,L,,shopify,10,deny,manual,19.95,,TRUE,TRUE,https://www.fightpro.nl/wp-content/uploads/2023/06/shockdoctor-Core-Supporter-With-BioFlex-Cup-1.jpg,1,Shockdoctor tok Kruisbeschermer Core Supporter With BioFlex Cup,active,Shockdoctor tok Kruisbeschermer Core Supporter With BioFlex Cup,,shield,#1A1A1A
shockdoctor-tok-kruisbeschermer-core-supporter-with-bioflex-cup,,,,,,,Maat,M,,shopify,10,deny,manual,19.95,,TRUE,TRUE,,,,active,,,,
shockdoctor-tok-kruisbeschermer-core-supporter-with-bioflex-cup,,,,,,,Maat,S,,shopify,10,deny,manual,19.95,,TRUE,TRUE,,,,active,,,,
shockdoctor-tok-kruisbeschermer-core-supporter-with-bioflex-cup,,,,,,,Maat,XL,,shopify,10,deny,manual,19.95,,TRUE,TRUE,,,,active,,,,
shockdoctor-tok-kruisbeschermer-core-supporter-with-bioflex-cup,,,,,,,Maat,XS,,shopify,10,deny,manual,19.95,,TRUE,TRUE,,,,active,,,,
shockdoctor-tok-kruisbeschermer-core-supporter-with-bioflex-cup,,,,,,,Maat,XXS,,shopify,10,deny,manual,19.95,,TRUE,TRUE,,,,active,,,,
biotech-one-a-day-multivitamine-100-tabletten,Biotech One a Day multivitamine 100 tabletten,"<p>Biotech One a Day multivitamine 100 tabletten. Met de one-a-day van het topmerk Biotech, heb je verder weinig nodig. Alle vitaminen die je nodig hebt, zitten in deze tabletten.</p> <ul> <li>12 soorten vitamine</li> <li>10 soorten mineralen</li> <li>Glutenvrij</li> <li>Lactosevrij</li> <li>Per dag 1 tablet, genoeg voor 100 dagen.</li> <li>Vegan</li> </ul> <p>Voor een gezond en actief leven.</p>",Bio Tech,Voeding,"Bio Tech, Voeding",TRUE,,Default Title,,shopify,10,deny,manual,16.95,,TRUE,TRUE,https://www.fightpro.nl/wp-content/uploads/2023/04/Biotech-One-a-Day-multivitamine.jpg,1,Bio Tech Biotech One a Day multivitamine 100 tabletten,active,Biotech One a Day multivitamine 100 tabletten.,,apparel,#1A1A1A
hot-blood-hardcore-pre-workout-scitec-nutrition,Hot Blood Hardcore Pre-Workout – Scitec Nutrition,<p>Hot Blood Hardcore Pre-Workout – Scitec Nutrition. Zeer goede en sterke pre-workout van Scitec/Biotech</p>,Bio Tech,Voeding,"Bio Tech, Voeding",TRUE,,Default Title,,shopify,10,deny,manual,29.95,,TRUE,TRUE,https://www.fightpro.nl/wp-content/uploads/2023/04/Hot-Blood-Hardcore-Pre-Workout-Scitec-Nutrition.jpg,1,Bio Tech Hot Blood Hardcore Pre-Workout – Scitec Nutrition,active,Hot Blood Hardcore Pre-Workout – Scitec Nutrition,,apparel,#1A1A1A
hayabusa-pts3-thai-arm-pads,Hayabusa PTS3 Thai arm Pads,"<p>Hayabusa PTS3 voorgevormde Thai arm Pads.</p> <p>Zeer goede kwaliteit, ook voor professioneel gebruik.</p> <p>5 laags schuim met sterke afwerking.</p>",Hayabusa,trap/stoot kussens,"Hayabusa, trap/stoot kussens",TRUE,,Default Title,,shopify,10,deny,manual,169.95,,TRUE,TRUE,https://www.fightpro.nl/wp-content/uploads/2023/04/Thai-arm-pads-Hayabusa-PTS3.jpg,1,Hayabusa PTS3 Thai arm Pads,active,,,bag,#1A1A1A
hayabusa-pts3-thai-arm-pads,,,,,,,,,,,,,,,,,,https://www.fightpro.nl/wp-content/uploads/2023/04/Thai-arm-pads-Hayabusa-PTS3-1.jpg,2,Hayabusa PTS3 Thai arm Pads,,,,,
hayabusa-pts3-thai-arm-pads,,,,,,,,,,,,,,,,,,https://www.fightpro.nl/wp-content/uploads/2023/04/Thai-arm-pads-Hayabusa-PTS3-2.jpg,3,Hayabusa PTS3 Thai arm Pads,,,,,
hayabusa-pts3-thai-arm-pads,,,,,,,,,,,,,,,,,,https://www.fightpro.nl/wp-content/uploads/2023/04/Thai-arm-pads-Hayabusa-PTS3-3.jpg,4,Hayabusa PTS3 Thai arm Pads,,,,,
scitec-nutrition-tribu-2000-90-tablets,Scitec Nutrition Tribu 2000 90 tablets,<p>Scitec Nutrition Tribu 2000 90 tablets</p>,Bio Tech,Voeding,"Bio Tech, Voeding",TRUE,,Default Title,,shopify,10,deny,manual,24.95,,TRUE,TRUE,https://www.fightpro.nl/wp-content/uploads/2023/03/Scitec-Nutrition-Tribu-2000-90-tablets.jpg,1,Bio Tech Scitec Nutrition Tribu 2000 90 tablets,active,Scitec Nutrition Tribu 2000 90 tablets,,apparel,#1A1A1A
fightpro-kickbokshandschoenen-de-luxe-zwart,Fightpro-kickbokshandschoenen-DE LUXE Zwart,"<div class=""short-description""> <div class=""std"">Fightpro-kickbokshandschoenen-DE LUXE Zwart, met coole black-on-black look.</div> <div></div> <div class=""std"">Voor de GEVORDERDE kickboksers. Fightpro-kickbokshandschoenen! De &#8220;Fightpro de Luxe&#8221; bokshandschoen van hoogwaardig leer is bedoeld voor de serieuze bokser/kickbokser. Zwart en tijdloos met een rand koolstofvezeleffect.<br /> De bokshandschoen is voorzien van een zeer goede terugtrekkende klittenbandsluiting die de pols erg goed beschermt.<br /> De suède leren duim is erg praktisch om zweet te wissen van je gezicht.</div> </div>",Fightpro,Kickbokshandschoenen leer,"Bestsellers!, Fightpro, Handschoenen, Kickbokshandschoenen leer, Bestseller",TRUE,Maat,10 oz,,shopify,10,deny,manual,99.95,,TRUE,TRUE,https://www.fightpro.nl/wp-content/uploads/2022/11/fightpro-boxhandschuhe-de-luxe-leder.jpg,1,Fightpro-kickbokshandschoenen-DE LUXE Zwart,active,De &#8220;Fightpro de Luxe&#8221; black-on-black bokshandschoen staat bekend om de goede polsbescherming en zit erg aangenaam.,Bestseller,glove,#1A1200
fightpro-kickbokshandschoenen-de-luxe-zwart,,,,,,,Maat,12 oz,,shopify,10,deny,manual,99.95,,TRUE,TRUE,,,,active,,,,
fightpro-kickbokshandschoenen-de-luxe-zwart,,,,,,,Maat,14 oz,,shopify,10,deny,manual,99.95,,TRUE,TRUE,,,,active,,,,
fightpro-kickbokshandschoenen-de-luxe-zwart,,,,,,,Maat,16 oz,,shopify,10,deny,manual,99.95,,TRUE,TRUE,,,,active,,,,
fightpro-kickbokshandschoenen-de-luxe-zwart,,,,,,,Maat,4 oz,,shopify,10,deny,manual,99.95,,TRUE,TRUE,,,,active,,,,
fightpro-kickbokshandschoenen-de-luxe-zwart,,,,,,,Maat,6 oz,,shopify,10,deny,manual,99.95,,TRUE,TRUE,,,,active,,,,
fightpro-kickbokshandschoenen-de-luxe-zwart,,,,,,,Maat,8 oz,,shopify,10,deny,manual,99.95,,TRUE,TRUE,,,,active,,,,
fightpro-kickbokshandschoenen-de-luxe-zwart,,,,,,,,,,,,,,,,,,https://www.fightpro.nl/wp-content/uploads/2022/11/fightpro-boxhandschuhe-de-luxe-leder-2.jpg,2,Fightpro-kickbokshandschoenen-DE LUXE Zwart,,,,,
fightpro-kickbokshandschoenen-de-luxe-zwart,,,,,,,,,,,,,,,,,,https://www.fightpro.nl/wp-content/uploads/2022/11/fightpro-boxhandschuhe-de-luxe-leder-3.jpg,3,Fightpro-kickbokshandschoenen-DE LUXE Zwart,,,,,
fightpro-kickbokshandschoenen-de-luxe-zwart,,,,,,,,,,,,,,,,,,https://www.fightpro.nl/wp-content/uploads/2022/11/fightpro-boxhandschuhe-de-luxe-leder-4.jpg,4,Fightpro-kickbokshandschoenen-DE LUXE Zwart,,,,,
fightpro-kickbokshandschoenen-de-luxe-zwart,,,,,,,,,,,,,,,,,,https://www.fightpro.nl/wp-content/uploads/2022/11/fightpro-boxhandschuhe-de-luxe-leder-5.jpg,5,Fightpro-kickbokshandschoenen-DE LUXE Zwart,,,,,
exercise-wheel-booster-abs-core-training,EXERCISE WHEEL BOOSTER abs – core training,<p>EXERCISE WHEEL BOOSTER abs – core training.</p>,Booster,Fitness en cardio,"Booster, Fitness en cardio",TRUE,,Default Title,,shopify,10,deny,manual,16.50,,TRUE,TRUE,https://www.fightpro.nl/wp-content/uploads/2022/11/excercise-wheel-abs-booster.jpg,1,Booster EXERCISE WHEEL BOOSTER abs – core training,active,,,glove,#0E2A4A
thermo-drine-60-capsules-vetverbrander-weight-loss,"Thermo Drine 60 capsules, vetverbrander Weight Loss","<p>Thermo Drine 60 capsules, vetverbrander Weight Loss</p>",Bio Tech,Voeding,"Bio Tech, Voeding",TRUE,,Default Title,,shopify,10,deny,manual,19.95,,TRUE,TRUE,https://www.fightpro.nl/wp-content/uploads/2022/10/Thermo-Drine-60-capsules-vetverbrander.jpg,1,"Bio Tech Thermo Drine 60 capsules, vetverbrander Weight Loss",active,"Stacker Weight Loss, vetverbrander Stacker 4 -100 capsules",,apparel,#1A1A1A
stacker-weight-loss-vetverbrander-stacker-4-100-capsules,"Stacker Weight Loss, vetverbrander Stacker 4 -100 capsules","<p>Stacker Weight Loss, vetverbrander Stacker 4 -100 capsules</p> <p>Een van de beste vetverbranders op de markt.</p>",FightPro,Voeding,Voeding,TRUE,,Default Title,,shopify,10,deny,manual,29.95,,TRUE,TRUE,https://www.fightpro.nl/wp-content/uploads/2022/10/Stacker-Weight-Loss-Stacker-4-100-capsules.jpg,1,"FightPro Stacker Weight Loss, vetverbrander Stacker 4 -100 capsules",active,"Stacker Weight Loss, vetverbrander Stacker 4 -100 capsules",,apparel,#1A1200
dt-4-professionele-boxing-timer-klok-booster,DT-4 Professionele boxing timer-klok Booster,<p>DT-4 Professionele boxing timer-klok Booster</p> <ul> <li><strong>Ronde tijd:</strong> Bereik tussen 1-9 minuten (per minuut)</li> <li><strong>Aantal rondes:</strong> 1-99</li> <li><strong>Interval Beep</strong></li> <li><strong>Rust tijd:</strong> Bereik tussen 10-90 seconden</li> <li><strong>Geluid:</strong> 4 levels voor volume</li> </ul>,Booster,Diversen,"Booster, Diversen",TRUE,,Default Title,,shopify,10,deny,manual,199.95,,TRUE,TRUE,https://www.fightpro.nl/wp-content/uploads/2022/07/DT-4-boxing-timer-klok-booster-2.jpg,1,Booster DT-4 Professionele boxing timer-klok Booster,active,DT-4 Professionele boxing timer-klok Booster,,glove,#0E2A4A
dt-4-professionele-boxing-timer-klok-booster,,,,,,,,,,,,,,,,,,https://www.fightpro.nl/wp-content/uploads/2022/07/DT-4-boxing-timer-klok-booster.jpg,2,Booster DT-4 Professionele boxing timer-klok Booster,,,,,
dt-4-professionele-boxing-timer-klok-booster,,,,,,,,,,,,,,,,,,https://www.fightpro.nl/wp-content/uploads/2022/07/DT-4-boxing-timer-klok-booster-1.jpg,3,Booster DT-4 Professionele boxing timer-klok Booster,,,,,
twins-bplk-leder-buik-en-been-pantser-belly-leg-protector,TWINS BPLK leder buik en been pantser belly – leg  protector,<p>TWINS BPLK leder buik en been pantser belly – leg protector</p>,Twins,trap/stoot kussens,"trap/stoot kussens, Twins",TRUE,,Default Title,,shopify,10,deny,manual,252.00,,TRUE,TRUE,https://www.fightpro.nl/wp-content/uploads/2022/07/TWINS-BPLK-BPMUAY-THAI-BELLY-leg-PAD-1.jpg,1,TWINS BPLK leder buik en been pantser belly – leg  protector,active,TWINS BPLK leder buik en been pantser belly – leg protector,,bag,#B8102E
twins-bplk-leder-buik-en-been-pantser-belly-leg-protector,,,,,,,,,,,,,,,,,,https://www.fightpro.nl/wp-content/uploads/2022/07/TWINS-BPLK-BPMUAY-THAI-BELLY-leg-PAD-2.jpg,2,TWINS BPLK leder buik en been pantser belly – leg  protector,,,,,
kpb-bp-king-pro-boxing-leder-buik-pantser-belly-protector,KPB/BP KING PRO BOXING leder buik pantser belly protector,<p>KPB/BP KING PRO BOXING leder buik pantser belly protector</p>,King,trap/stoot kussens,"King, trap/stoot kussens",TRUE,,Default Title,,shopify,10,deny,manual,134.00,,TRUE,TRUE,https://www.fightpro.nl/wp-content/uploads/2022/07/king-KPB-BPMUAY-THAI-BELLY-PAD.jpg,1,King KPB/BP KING PRO BOXING leder buik pantser belly protector,active,KPB/BP KING PRO BOXING leder buik pantser belly protector,,bag,#11243A
kpb-bp-king-pro-boxing-leder-buik-pantser-belly-protector,,,,,,,,,,,,,,,,,,https://www.fightpro.nl/wp-content/uploads/2022/07/king-KPB-BPMUAY-THAI-BELLY-PAD-1.jpg,2,King KPB/BP KING PRO BOXING leder buik pantser belly protector,,,,,
queen-scheenbeschermers-sgq-amazone-camo,QUEEN SCHEENBESCHERMERS SGQ AMAZONE CAMO,"<div class=""short-description""> <div class=""std"">Queen vrolijke dames SCHEENBESCHERMERS van goede kwaliteit skintex.</div> </div>",Queen,Scheenbeschermers,"Bescherming, Queen, Scheenbeschermers, Women Collection fightwear, Aanbieding",TRUE,Maat,10 oz,,shopify,10,deny,manual,49.95,64.95,TRUE,TRUE,https://www.fightpro.nl/wp-content/uploads/2022/07/QUEEN-SCHEENBESCHERMER-CAMO-AMAZONE.jpg,1,QUEEN SCHEENBESCHERMERS SGQ AMAZONE CAMO,active,QUEEN SCHEENBESCHERMERS SGQ AMAZONE CAMO,Aanbieding,shield,#2A1020
queen-scheenbeschermers-sgq-amazone-camo,,,,,,,Maat,12 oz,,shopify,10,deny,manual,49.95,64.95,TRUE,TRUE,,,,active,,,,
smai-full-belly-protector-borst-pantser,SMAI FULL BELLY PROTECTOR /BORST PANTSER,<p>SMAI FULL BELLY PROTECTOR /BORST PANTSER. Nr 1 merk in Australië.</p> <ul> <li>Rundsleder</li> <li>One size</li> </ul>,Smai,trap/stoot kussens,"Smai, trap/stoot kussens",TRUE,,Default Title,,shopify,10,deny,manual,179.95,,TRUE,TRUE,https://www.fightpro.nl/wp-content/uploads/2022/07/SMAI-full-body-BELLY-PAD.jpg,1,SMAI FULL BELLY PROTECTOR /BORST PANTSER,active,SMAI FULL BELLY PROTECTOR /BORST PANTSER 55 mm dik 60 cm hoog Rundleder,,bag,#1A1A1A
smai-full-belly-protector-borst-pantser,,,,,,,,,,,,,,,,,,https://www.fightpro.nl/wp-content/uploads/2022/07/SMAI-full-body-BELLY-PAD-1.jpg,2,SMAI FULL BELLY PROTECTOR /BORST PANTSER,,,,,
smai-full-belly-protector-borst-pantser,,,,,,,,,,,,,,,,,,https://www.fightpro.nl/wp-content/uploads/2022/07/SMAI-full-body-BELLY-PAD-2.jpg,3,SMAI FULL BELLY PROTECTOR /BORST PANTSER,,,,,
smai-full-belly-protector-borst-pantser,,,,,,,,,,,,,,,,,,https://www.fightpro.nl/wp-content/uploads/2022/07/SMAI-full-body-BELLY-PAD-3.jpg,4,SMAI FULL BELLY PROTECTOR /BORST PANTSER,,,,,
smai-full-belly-protector-borst-pantser,,,,,,,,,,,,,,,,,,https://www.fightpro.nl/wp-content/uploads/2022/07/SMAI-full-body-BELLY-PAD-4.jpg,5,SMAI FULL BELLY PROTECTOR /BORST PANTSER,,,,,
smai-elite85-muay-thai-belly-protector-borst-pantser,SMAI ELITE85 MUAY THAI BELLY PROTECTOR /BORST PANTSER,<p>SMAI ELITE85 MUAY THAI BELLY PROTECTOR /BORST PANTSER. Nr 1 merk in Australië.</p> <ul> <li>Rundsleder</li> <li>One size</li> </ul>,Smai,trap/stoot kussens,"Smai, trap/stoot kussens",TRUE,,Default Title,,shopify,10,deny,manual,129.95,,TRUE,TRUE,https://www.fightpro.nl/wp-content/uploads/2022/07/SMAI-ELITE85-MUAY-THAI-BELLY-PAD.jpg,1,SMAI ELITE85 MUAY THAI BELLY PROTECTOR /BORST PANTSER,active,SMAI ELITE85 MUAY THAI BELLY PROTECTOR /BORST PANTSER,,bag,#1A1A1A
smai-elite85-muay-thai-belly-protector-borst-pantser,,,,,,,,,,,,,,,,,,https://www.fightpro.nl/wp-content/uploads/2022/07/SMAI-ELITE85-MUAY-THAI-BELLY-PAD-1.jpg,2,SMAI ELITE85 MUAY THAI BELLY PROTECTOR /BORST PANTSER,,,,,
smai-elite85-muay-thai-belly-protector-borst-pantser,,,,,,,,,,,,,,,,,,https://www.fightpro.nl/wp-content/uploads/2022/07/SMAI-ELITE85-MUAY-THAI-BELLY-PAD-2.jpg,3,SMAI ELITE85 MUAY THAI BELLY PROTECTOR /BORST PANTSER,,,,,
smai-elite85-muay-thai-belly-protector-borst-pantser,,,,,,,,,,,,,,,,,,https://www.fightpro.nl/wp-content/uploads/2022/07/SMAI-ELITE85-MUAY-THAI-BELLY-PAD-3.jpg,4,SMAI ELITE85 MUAY THAI BELLY PROTECTOR /BORST PANTSER,,,,,
smai-elite85-muay-thai-belly-protector-borst-pantser,,,,,,,,,,,,,,,,,,https://www.fightpro.nl/wp-content/uploads/2022/07/SMAI-ELITE85-MUAY-THAI-BELLY-PAD-4.jpg,5,SMAI ELITE85 MUAY THAI BELLY PROTECTOR /BORST PANTSER,,,,,
smai-elite85-muay-thai-belly-protector-borst-pantser,,,,,,,,,,,,,,,,,,https://www.fightpro.nl/wp-content/uploads/2022/07/SMAI-ELITE85-MUAY-THAI-BELLY-PAD-5.jpg,6,SMAI ELITE85 MUAY THAI BELLY PROTECTOR /BORST PANTSER,,,,,
joya-voet-en-enkelbeschermers,JOYA VOET en ENKELBESCHERMERS,<p>JOYA VOET en ENKELBESCHERMERS</p> <p>Meerdere kleuren en maten.</p>,Joya,Bescherming,"Bescherming, Joya",TRUE,Maat,L,,shopify,10,deny,manual,9.95,,TRUE,TRUE,https://www.fightpro.nl/wp-content/uploads/2022/07/JOYA-ENKELBESCHERMERS-voet-sok.jpg,1,JOYA VOET en ENKELBESCHERMERS,active,,,shield,#1C1C1C
joya-voet-en-enkelbeschermers,,,,,,,Maat,M,,shopify,10,deny,manual,9.95,,TRUE,TRUE,,,,active,,,,
joya-voet-en-enkelbeschermers,,,,,,,Maat,S,,shopify,10,deny,manual,9.95,,TRUE,TRUE,,,,active,,,,
joya-voet-en-enkelbeschermers,,,,,,,Maat,XL,,shopify,10,deny,manual,9.95,,TRUE,TRUE,,,,active,,,,
joya-voet-en-enkelbeschermers,,,,,,,Maat,XS,,shopify,10,deny,manual,9.95,,TRUE,TRUE,,,,active,,,,
joya-voet-en-enkelbeschermers,,,,,,,Maat,XXS,,shopify,10,deny,manual,9.95,,TRUE,TRUE,,,,active,,,,
joya-spiegelhanger-bokshandschoenen-vlaggen-landen,JOYA spiegelhanger bokshandschoenen vlaggen landen,<p>JOYA spiegelhanger bokshandschoenen vlaggen landen</p> <ul> <li>Holland</li> <li>Morocco</li> <li>Turkey</li> <li>Suriname</li> </ul>,Joya,Diversen,"Diversen, Joya",TRUE,,Default Title,,shopify,10,deny,manual,5.95,,TRUE,TRUE,https://www.fightpro.nl/wp-content/uploads/2022/07/JOYA-spiegelhanger-bokshandschoen.jpg,1,JOYA spiegelhanger bokshandschoenen vlaggen landen,active,Verkrijgbaar: Holland Morocco Turkey Suriname,,glove,#1C1C1C
joya-spiegelhanger-bokshandschoenen-vlaggen-landen,,,,,,,,,,,,,,,,,,https://www.fightpro.nl/wp-content/uploads/2022/07/JOYA-spiegelhanger-bokshandschoen1.jpg,2,JOYA spiegelhanger bokshandschoenen vlaggen landen,,,,,
100-pure-whey-1000gr-door-biotech-usa,100% Pure Whey (1000gr) door BioTech USA,<p>100% Pure Whey (1000 gr) door BioTech USA. Een van de best producten op de markt. Daarnaast erg lekker van smaak.</p> <ul> <li>met toegevoegde functionele aminozuren</li> <li>palmolievrij en conserveermiddelen vrij</li> <li>1 dosis bevat (28 g): 21 g eiwitten waarvan 6 g BCAA’s</li> </ul>,Bio Tech,Voeding,"Bio Tech, Voeding",TRUE,,Default Title,,shopify,10,deny,manual,39.95,,TRUE,TRUE,https://www.fightpro.nl/wp-content/uploads/2022/07/BioTech-Pure-Whey-vanilla-1000g.jpg,1,Bio Tech 100% Pure Whey (1000gr) door BioTech USA,active,100% Pure Whey voor eiwit shakes. VERKRIJGBAAR IN VANILLE EN AARDBEI,,apparel,#1A1A1A
joya-elasto-deluxe-bandages-450cm-zwart-goud,Joya Elasto Deluxe Bandages 450cm zwart/goud,<p>Joya Elasto Deluxe Bandages 450cm zwart/goud</p>,Joya,Bandages,"Bandages, Bescherming, Joya",TRUE,,Default Title,,shopify,10,deny,manual,12.95,,TRUE,TRUE,https://www.fightpro.nl/wp-content/uploads/2022/07/JOYAGEAR-ELASTO-BANDAGES-ZWART-goud.jpg,1,Joya Elasto Deluxe Bandages 450cm zwart/goud,active,"Verstevig je polsen met de boksbandages van Joya. We hebben handwraps in verschillende lengtes, maar ook met meerdere designs en kleuren. Algemeen advies is: 280 cm voor MMA en jeugd. Volwassenen (man en vrouw) gebruiken meestal 350 cm. Vaak last van",,shield,#1C1C1C
joya-elasto-deluxe-bandages-450cm-zwart-goud,,,,,,,,,,,,,,,,,,https://www.fightpro.nl/wp-content/uploads/2022/07/JOYAGEAR-ELASTO-BANDAGES-ZWART-ZILVER-2.jpg,2,Joya Elasto Deluxe Bandages 450cm zwart/goud,,,,,
joya-elasto-deluxe-bandages-450cm-zwart-zilver,Joya Elasto Deluxe Bandages 450cm zwart/zilver,<p>Joya Elasto Deluxe Bandages 450cm zwart/zilver</p>,Joya,Bandages,"Bandages, Bescherming, Joya",TRUE,,Default Title,,shopify,10,deny,manual,12.95,,TRUE,TRUE,https://www.fightpro.nl/wp-content/uploads/2022/07/JOYAGEAR-ELASTO-BANDAGES-ZWART-ZILVER.jpg,1,Joya Elasto Deluxe Bandages 450cm zwart/zilver,active,"Verstevig je polsen met de boksbandages van Joya. We hebben handwraps in verschillende lengtes, maar ook met meerdere designs en kleuren. Algemeen advies is: 280 cm voor MMA en jeugd. Volwassenen (man en vrouw) gebruiken meestal 350 cm. Vaak last van",,shield,#1C1C1C
joya-elasto-deluxe-bandages-450cm-zwart-zilver,,,,,,,,,,,,,,,,,,https://www.fightpro.nl/wp-content/uploads/2022/07/JOYAGEAR-ELASTO-BANDAGES-ZWART-ZILVER-2.jpg,2,Joya Elasto Deluxe Bandages 450cm zwart/zilver,,,,,
joya-dragon-kickboks-scheenbeschermers-roze,Joya Dragon Kickboks Scheenbeschermers roze,<p>Dragon scheendekkers van Joya. Voor de jeugdige vechters</p>,Joya,Scheenbeschermers,"Bescherming, Joya, Kids fight, Scheenbeschermers",TRUE,Maat,L,,shopify,10,deny,manual,39.95,,TRUE,TRUE,https://www.fightpro.nl/wp-content/uploads/2022/07/JOYA-DRAGON-SCHEENBESCHERMERS-ROZE.jpg,1,Joya Dragon Kickboks Scheenbeschermers roze,active,Joya Scheenbeschermer voor de jeugd.,,shield,#1C1C1C
joya-dragon-kickboks-scheenbeschermers-roze,,,,,,,Maat,M,,shopify,10,deny,manual,39.95,,TRUE,TRUE,,,,active,,,,
joya-dragon-kickboks-scheenbeschermers-roze,,,,,,,Maat,S,,shopify,10,deny,manual,39.95,,TRUE,TRUE,,,,active,,,,
joya-dragon-kickboks-scheenbeschermers-roze,,,,,,,Maat,XL,,shopify,10,deny,manual,39.95,,TRUE,TRUE,,,,active,,,,
joya-dragon-kickboks-scheenbeschermers-roze,,,,,,,Maat,XS,,shopify,10,deny,manual,39.95,,TRUE,TRUE,,,,active,,,,
joya-dragon-kickboks-scheenbeschermers-roze,,,,,,,Maat,XXS,,shopify,10,deny,manual,39.95,,TRUE,TRUE,,,,active,,,,
joya-dragon-kickboks-scheenbeschermers-goud,Joya Dragon Kickboks Scheenbeschermers goud,<p>Dragon scheendekkers van Joya. Voor de jeugdige vechters</p>,Joya,Scheenbeschermers,"Bescherming, Joya, Kids fight, Scheenbeschermers",TRUE,Maat,L,,shopify,10,deny,manual,34.95,,TRUE,TRUE,https://www.fightpro.nl/wp-content/uploads/2022/07/JOYA-DRAGON-SCHEENBESCHERMERS-GOUD-1.jpg,1,Joya Dragon Kickboks Scheenbeschermers goud,active,Joya Scheenbeschermer voor de jeugd.,,shield,#1C1C1C
joya-dragon-kickboks-scheenbeschermers-goud,,,,,,,Maat,M,,shopify,10,deny,manual,34.95,,TRUE,TRUE,,,,active,,,,
joya-dragon-kickboks-scheenbeschermers-goud,,,,,,,Maat,S,,shopify,10,deny,manual,34.95,,TRUE,TRUE,,,,active,,,,
joya-dragon-kickboks-scheenbeschermers-goud,,,,,,,Maat,XL,,shopify,10,deny,manual,34.95,,TRUE,TRUE,,,,active,,,,
joya-dragon-kickboks-scheenbeschermers-goud,,,,,,,Maat,XS,,shopify,10,deny,manual,34.95,,TRUE,TRUE,,,,active,,,,
joya-dragon-kickboks-scheenbeschermers-goud,,,,,,,Maat,XXS,,shopify,10,deny,manual,34.95,,TRUE,TRUE,,,,active,,,,
joya-dragon-kickboks-scheenbeschermers-goud,,,,,,,,,,,,,,,,,,https://www.fightpro.nl/wp-content/uploads/2022/07/JOYA-DRAGON-SCHEENBESCHERMERS-GOUD-1-1.jpg,2,Joya Dragon Kickboks Scheenbeschermers goud,,,,,
joya-dragon-kickboks-scheenbeschermers-goud,,,,,,,,,,,,,,,,,,https://www.fightpro.nl/wp-content/uploads/2022/07/JOYA-DRAGON-SCHEENBESCHERMERS-GOUD-2.jpg,3,Joya Dragon Kickboks Scheenbeschermers goud,,,,,
king-kickboks-scheenbeschermers-kpb-sgl-7,KING Kickboks scheenbeschermers KPB/SGL 7,<p>KING Kickboks scheenbeschermers KPB/SGL 7</p> <p>Voor de fanatieke serieuze kickbokser</p>,King,Scheenbeschermers,"Bescherming, King, Scheenbeschermers",TRUE,Maat,XS,,shopify,10,deny,manual,119.95,,TRUE,TRUE,https://www.fightpro.nl/wp-content/uploads/2022/07/KING-PRO-BOXING-shinguard-KPB-SGL-7-S.jpg,1,KING Kickboks scheenbeschermers KPB/SGL 7,active,,,shield,#11243A
king-kickboks-scheenbeschermers-kpb-sgl-7,,,,,,,Maat,S,,shopify,10,deny,manual,119.95,,TRUE,TRUE,,,,active,,,,
king-kickboks-scheenbeschermers-kpb-sgl-7,,,,,,,Maat,M,,shopify,10,deny,manual,119.95,,TRUE,TRUE,,,,active,,,,
king-kickboks-scheenbeschermers-kpb-sgl-7,,,,,,,Maat,L,,shopify,10,deny,manual,119.95,,TRUE,TRUE,,,,active,,,,
king-kickboks-scheenbeschermers-kpb-sgl-7,,,,,,,Maat,XL,,shopify,10,deny,manual,119.95,,TRUE,TRUE,,,,active,,,,
king-kickboks-scheenbeschermers-kpb-sgl-7,,,,,,,Maat,XXL,,shopify,10,deny,manual,119.95,,TRUE,TRUE,,,,active,,,,
king-kickboks-scheenbeschermers-kpb-sgl-7,,,,,,,,,,,,,,,,,,https://www.fightpro.nl/wp-content/uploads/2022/07/KING-PRO-BOXING-shinguard-KPB-SGL-7-1.jpg,2,KING Kickboks scheenbeschermers KPB/SGL 7,,,,,
king-kickboks-scheenbeschermers-kpb-sgl-7,,,,,,,,,,,,,,,,,,https://www.fightpro.nl/wp-content/uploads/2022/07/KING-PRO-BOXING-shinguard-KPB-SGL-7-2.jpg,3,KING Kickboks scheenbeschermers KPB/SGL 7,,,,,
booster-bandage-handwraps-roze-460-cm,Booster bandage handwraps Roze 460 cm,<p>Booster bandage handwraps roze 460 cm</p>,Booster,Bandages,"Bandages, Bescherming, Booster",TRUE,,Default Title,,shopify,10,deny,manual,9.95,,TRUE,TRUE,https://www.fightpro.nl/wp-content/uploads/2022/07/BPC-booster-bandage-460cm-roze.jpg,1,Booster bandage handwraps Roze 460 cm,active,"Verstevig je polsen met boksbandages. We hebben handwraps in verschillende lengtes, maar ook met meerdere designs en kleuren. Algemeen advies is: 280 cm voor MMA en jeugd. Volwassenen (man en vrouw) gebruiken meestal 350 cm. Vaak last van pols? Of gr",,shield,#0E2A4A
booster-bandage-handwraps-roze-460-cm,,,,,,,,,,,,,,,,,,https://www.fightpro.nl/wp-content/uploads/2022/07/BPC-booster-bandage-460cm-roze-1.jpg,2,Booster bandage handwraps Roze 460 cm,,,,,
booster-bandage-handwraps-blauw-460-cm,Booster bandage handwraps Blauw 460 cm,<p>Booster bandage handwraps Blauw 460 cm</p>,Booster,Bandages,"Bandages, Bescherming, Booster",TRUE,,Default Title,,shopify,10,deny,manual,9.95,,TRUE,TRUE,https://www.fightpro.nl/wp-content/uploads/2022/07/BPC-booster-bandage-460cm-blue.jpg,1,Booster bandage handwraps Blauw 460 cm,active,"Verstevig je polsen met boksbandages. We hebben handwraps in verschillende lengtes, maar ook met meerdere designs en kleuren. Algemeen advies is: 280 cm voor MMA en jeugd. Volwassenen (man en vrouw) gebruiken meestal 350 cm. Vaak last van pols? Of gr",,shield,#0E2A4A
booster-bandage-handwraps-blauw-460-cm,,,,,,,,,,,,,,,,,,https://www.fightpro.nl/wp-content/uploads/2022/07/BPC-booster-bandage-460cm-blue-1.jpg,2,Booster bandage handwraps Blauw 460 cm,,,,,
booster-bandage-handwraps-thai-460-cm,Booster bandage handwraps THAI 460 cm,<p>Booster bandage handwraps THAI 460 cm</p>,Booster,Bandages,"Bandages, Bescherming, Booster",TRUE,,Default Title,,shopify,10,deny,manual,13.95,,TRUE,TRUE,https://www.fightpro.nl/wp-content/uploads/2022/07/BPC-booster-bandage-460cm-thai.jpg,1,Booster bandage handwraps THAI 460 cm,active,"Verstevig je polsen met boksbandages. We hebben handwraps in verschillende lengtes, maar ook met meerdere designs en kleuren. Algemeen advies is: 280 cm voor MMA en jeugd. Volwassenen (man en vrouw) gebruiken meestal 350 cm. Vaak last van pols? Of gr",,shield,#0E2A4A
booster-bandage-handwraps-thai-460-cm,,,,,,,,,,,,,,,,,,https://www.fightpro.nl/wp-content/uploads/2022/07/BPC-booster-bandage-460cm-thai-1.jpg,2,Booster bandage handwraps THAI 460 cm,,,,,
jeugd-king-bandage-handwraps-zwart-2-5-meter,JEUGD King bandage handwraps zwart 2.5 meter,"<p>King bandage handwraps zwart voor de jeugd, 2.5 meter</p>",King,Bandages,"Bandages, Bescherming, King",TRUE,,Default Title,,shopify,10,deny,manual,7.95,,TRUE,TRUE,https://www.fightpro.nl/wp-content/uploads/2022/07/KING-bandage-250-cm-jeugd.jpg,1,King JEUGD King bandage handwraps zwart 2.5 meter,active,"Verstevig je polsen met boksbandages. We hebben handwraps in verschillende lengtes, maar ook met meerdere designs en kleuren. Algemeen advies is: 280 cm voor MMA en jeugd. Volwassenen (man en vrouw) gebruiken meestal 350 cm. Vaak last van pols? Of gr",,shield,#11243A
king-bandage-handwraps-zwart-4-6-meter,King bandage handwraps zwart 4.6 meter,<p>King bandage handwraps zwart 4.6 meter</p>,King,Bandages,"Bandages, Bescherming, King",TRUE,,Default Title,,shopify,10,deny,manual,12.95,,TRUE,TRUE,https://www.fightpro.nl/wp-content/uploads/2022/07/KING-bandage-460-cm.jpg,1,King bandage handwraps zwart 4.6 meter,active,"Verstevig je polsen met boksbandages. We hebben handwraps in verschillende lengtes, maar ook met meerdere designs en kleuren. Algemeen advies is: 280 cm voor MMA en jeugd. Volwassenen (man en vrouw) gebruiken meestal 350 cm. Vaak last van pols? Of gr",,shield,#11243A
jeugd-joya-velcro-bandage-handwraps-zwart-280-cm,JEUGD Joya Velcro bandage handwraps zwart 280 cm,<p>Joya Velcro bandage handwraps zwart</p>,Joya,Bandages,"Bandages, Bescherming, Joya",TRUE,,Default Title,,shopify,10,deny,manual,9.95,,TRUE,TRUE,https://www.fightpro.nl/wp-content/uploads/2020/08/joya-bandages-velcro-zwart.jpg,1,Joya JEUGD Joya Velcro bandage handwraps zwart 280 cm,active,"Verstevig je polsen met de boksbandages van Joya. We hebben handwraps in verschillende lengtes, maar ook met meerdere designs en kleuren. Algemeen advies is: 280 cm voor MMA en jeugd. Volwassenen (man en vrouw) gebruiken meestal 350 cm. Vaak last van",,shield,#1C1C1C
jeugd-joya-velcro-bandage-handwraps-roze,JEUGD Joya Velcro bandage handwraps roze 280 CM,<p>Joya Velcro bandage handwraps roze</p>,Joya,Bandages,"Bandages, Bescherming, Joya",TRUE,,Default Title,,shopify,10,deny,manual,9.95,,TRUE,TRUE,https://www.fightpro.nl/wp-content/uploads/2020/08/joya-bandages-velcro-roze.jpg,1,Joya JEUGD Joya Velcro bandage handwraps roze 280 CM,active,"Verstevig je polsen met de boksbandages van Joya. We hebben handwraps in verschillende lengtes, maar ook met meerdere designs en kleuren. Algemeen advies is: 280 cm voor MMA en jeugd. Volwassenen (man en vrouw) gebruiken meestal 350 cm. Vaak last van",,shield,#1C1C1C
joya-kickboksbroek-dragon-roze,JOYA KICKBOKSBROEK – DRAGON – ROZE,"<p>Stoer Dragon broekje, geschikt voor de jeugdige kickbokser.</p>",Joya,Broekjes,"Broekjes, Joya, Kids fight, Kleding",TRUE,Maat,XXS,,shopify,10,deny,manual,29.95,,TRUE,TRUE,https://www.fightpro.nl/wp-content/uploads/2022/07/JOYA-KICKBOKSBROEK-DRAGON-roze.jpg,1,JOYA KICKBOKSBROEK – DRAGON – ROZE,active,,,apparel,#1C1C1C
joya-kickboksbroek-dragon-roze,,,,,,,Maat,XS,,shopify,10,deny,manual,29.95,,TRUE,TRUE,,,,active,,,,
joya-kickboksbroek-dragon-roze,,,,,,,Maat,S,,shopify,10,deny,manual,29.95,,TRUE,TRUE,,,,active,,,,
joya-kickboksbroek-dragon-roze,,,,,,,Maat,M,,shopify,10,deny,manual,29.95,,TRUE,TRUE,,,,active,,,,
joya-kickboksbroek-dragon-roze,,,,,,,Maat,L,,shopify,10,deny,manual,29.95,,TRUE,TRUE,,,,active,,,,
joya-kickboksbroek-dragon-roze,,,,,,,Maat,XL,,shopify,10,deny,manual,29.95,,TRUE,TRUE,,,,active,,,,
joya-kickboksbroek-dragon-roze,,,,,,,Maat,XXL,,shopify,10,deny,manual,29.95,,TRUE,TRUE,,,,active,,,,
joya-kickboksbroek-dragon-goud,JOYA KICKBOKSBROEK – DRAGON – GOUD,"<p>Stoer Dragon broekje, geschikt voor de jeugdige kickbokser.</p>",Joya,Broekjes,"Broekjes, Joya, Kids fight, Kleding",TRUE,Maat,XXS,,shopify,10,deny,manual,29.95,,TRUE,TRUE,https://www.fightpro.nl/wp-content/uploads/2022/07/JOYA-KICKBOKSBROEK-DRAGON-GOUD.jpg,1,JOYA KICKBOKSBROEK – DRAGON – GOUD,active,,,apparel,#1C1C1C
joya-kickboksbroek-dragon-goud,,,,,,,Maat,XS,,shopify,10,deny,manual,29.95,,TRUE,TRUE,,,,active,,,,
joya-kickboksbroek-dragon-goud,,,,,,,Maat,S,,shopify,10,deny,manual,29.95,,TRUE,TRUE,,,,active,,,,
joya-kickboksbroek-dragon-goud,,,,,,,Maat,M,,shopify,10,deny,manual,29.95,,TRUE,TRUE,,,,active,,,,
joya-kickboksbroek-dragon-goud,,,,,,,Maat,L,,shopify,10,deny,manual,29.95,,TRUE,TRUE,,,,active,,,,
joya-kickboksbroek-dragon-goud,,,,,,,Maat,XL,,shopify,10,deny,manual,29.95,,TRUE,TRUE,,,,active,,,,
joya-kickboksbroek-dragon-goud,,,,,,,Maat,XXL,,shopify,10,deny,manual,29.95,,TRUE,TRUE,,,,active,,,,
joya-t-shirt-roze-draak,JOYA T-SHIRT ROZE DRAAK Dragon,<p>JOYA T-SHIRT ROZE DRAAK</p>,Joya,T-Shirts,"Joya, Kids fight, Kleding, T-Shirts",TRUE,Maat,140,,shopify,10,deny,manual,24.95,,TRUE,TRUE,https://www.fightpro.nl/wp-content/uploads/2022/07/JOYA-T-SHIRT-roze-DRAAK.jpg,1,JOYA T-SHIRT ROZE DRAAK Dragon,active,"Stoer dragon/draak Joya shirt voor kids. Mooi te combineren met handschoenen, broekje en scheenbeschermers van dezelfde lijn.",,apparel,#1C1C1C
joya-t-shirt-roze-draak,,,,,,,Maat,152,,shopify,10,deny,manual,24.95,,TRUE,TRUE,,,,active,,,,
joya-t-shirt-roze-draak,,,,,,,Maat,164,,shopify,10,deny,manual,24.95,,TRUE,TRUE,,,,active,,,,
joya-t-shirt-gouden-draak,JOYA T-SHIRT GOUDEN DRAAK Dragon,<p>JOYA T-SHIRT GOUDEN DRAAK</p>,Joya,T-Shirts,"Joya, Kids fight, Kleding, T-Shirts",TRUE,Maat,140,,shopify,10,deny,manual,24.95,,TRUE,TRUE,https://www.fightpro.nl/wp-content/uploads/2022/07/JOYA-T-SHIRT-GOUDEN-DRAAK.jpg,1,JOYA T-SHIRT GOUDEN DRAAK Dragon,active,"Stoer dragon/draak Joya shirt voor kids. Mooi te combineren met handschoenen, broekje en scheenbeschermers van dezelfde lijn.",,apparel,#1C1C1C
joya-t-shirt-gouden-draak,,,,,,,Maat,152,,shopify,10,deny,manual,24.95,,TRUE,TRUE,,,,active,,,,
joya-t-shirt-gouden-draak,,,,,,,Maat,164,,shopify,10,deny,manual,24.95,,TRUE,TRUE,,,,active,,,,
fightpro-kick-shield-trapkussen,FIGHTPRO Kick shield / Trapkussen,"<p>FIGHTPRO Kick shield / Trapkussen<br /> Sportschool kwaliteit, maar ook zeer geschikt voor thuis. Niet gebruiken met schoenen aan.</p>",Fightpro,Bestsellers!,"Bestsellers!, Fightpro, trap/stoot kussens, Bestseller",TRUE,,Default Title,,shopify,10,deny,manual,99.95,,TRUE,TRUE,https://www.fightpro.nl/wp-content/uploads/2022/05/Trittkissen-Kickpolster-Trittpolster-75x35x15-cm.jpg,1,FIGHTPRO Kick shield / Trapkussen,active,,Bestseller,bag,#1A1200
fightpro-kick-shield-trapkussen,,,,,,,,,,,,,,,,,,https://www.fightpro.nl/wp-content/uploads/2022/05/FIGHTPRO-kick-pad-trapkussen1.jpg,2,FIGHTPRO Kick shield / Trapkussen,,,,,
fightpro-kick-shield-trapkussen,,,,,,,,,,,,,,,,,,https://www.fightpro.nl/wp-content/uploads/2022/05/Trittkissen-Kickpolster-Trittpolster-75x35x15-cm-2.jpg,3,FIGHTPRO Kick shield / Trapkussen,,,,,
fightpro-kick-shield-trapkussen,,,,,,,,,,,,,,,,,,https://www.fightpro.nl/wp-content/uploads/2022/05/FIGHTPRO-kick-pad-trapkussen.jpg,4,FIGHTPRO Kick shield / Trapkussen,,,,,
fightpro-focus-mitt-stoot-pads,FIGHTPRO Focus mitt / stoot pads,<p>FIGHTPRO STOOT PAD ZWART<br /> Aan de achterkant zit extra padding voor de pols. Geschikt voor thuis maar ook voor de sportschool. Gemaakt van hoogwaardige kunststof.</p>,Fightpro,Bestsellers!,"Bestsellers!, Fightpro, trap/stoot kussens, Bestseller",TRUE,,Default Title,,shopify,10,deny,manual,44.95,,TRUE,TRUE,https://www.fightpro.nl/wp-content/uploads/2022/05/Fightpro-Handpratzen-Schlagpolster-Focus-Pads-Schwarz-PU.jpg,1,FIGHTPRO Focus mitt / stoot pads,active,,Bestseller,bag,#1A1200
fightpro-focus-mitt-stoot-pads,,,,,,,,,,,,,,,,,,https://www.fightpro.nl/wp-content/uploads/2022/05/Fightpro-Handpratzen-Schlagpolster-Focus-Pads-Schwarz-PU-2.jpg,2,FIGHTPRO Focus mitt / stoot pads,,,,,
fightpro-jeugd-100-cm-bokszak-de-luxe-gevuld-en-met-ketting,FIGHTPRO 100 CM BOKSZAK &#8216;De Luxe’ GEVULD en met ketting,<p>FIGHTPRO 100 CM BOKSZAK &#8216;De Luxe’ GEVULD en met ketting. Zeer kwalitatieve bokszak voor de serieuze jeugd en volwassen boksers. Zware versie.</p>,Fightpro,Bokszakken,"Bokszakken, Fightpro",TRUE,,Default Title,,shopify,10,deny,manual,79.95,,TRUE,TRUE,https://www.fightpro.nl/wp-content/uploads/2022/05/FIGHTPRO-bokszak-kids.jpg,1,FIGHTPRO 100 CM BOKSZAK &#8216;De Luxe’ GEVULD en met ketting,active,"Fightpro bokszak 100cm. Voor thuis, maar ook voor sportscholen.",,bag,#1A1200
joya-mesh-gel-binnenhandschoenen,JOYA MESH GEL BINNENHANDSCHOENEN,"<p>Joya beschermende binnen-handschoenen van ademend materiaal.</p> <p>Zeer geschikt om je handen te beschermen. Er zit gel (SKT high-density) om de knokkels om je te beschermen bij stoten op harde ondergrond, zoals een voorhoofd of een harde bokszak. Daarnaast zit er 1 meter bandage aan de handschoen om de pols stabieler te maken. Ideaal voor de snelle hand bescherming.</p> <p>In verschillende maten verkrijgbaar.</p>",Joya,Bandages,"Bandages, Binnen handschoenen, Joya",TRUE,,Default Title,,shopify,10,deny,manual,14.95,,TRUE,TRUE,https://www.fightpro.nl/wp-content/uploads/2022/04/JOYA-gel-MESH-BINNENHANDSCHOENEN.jpg,1,JOYA MESH GEL BINNENHANDSCHOENEN,active,,,wrap,#1C1C1C
joya-mesh-gel-binnenhandschoenen,,,,,,,,,,,,,,,,,,https://www.fightpro.nl/wp-content/uploads/2022/04/JOYA-gel-MESH-BINNENHANDSCHOENEN2.jpg,2,JOYA MESH GEL BINNENHANDSCHOENEN,,,,,
booster-zakhandschoen-zwart-leer,Booster zakhandschoen zwart leer,<p>Booster zakhandschoen zwart leer</p>,Booster,Zak handschoenen,"Booster, Handschoenen, Zak handschoenen",TRUE,Maat,L,,shopify,10,deny,manual,29.95,,TRUE,TRUE,https://www.fightpro.nl/wp-content/uploads/2022/03/Booster-zakhandschoen.jpg,1,Booster zakhandschoen zwart leer,active,Speciaal voor op de bokszak,,bag,#0E2A4A
booster-zakhandschoen-zwart-leer,,,,,,,Maat,M,,shopify,10,deny,manual,29.95,,TRUE,TRUE,,,,active,,,,
booster-zakhandschoen-zwart-leer,,,,,,,Maat,S,,shopify,10,deny,manual,29.95,,TRUE,TRUE,,,,active,,,,
booster-zakhandschoen-zwart-leer,,,,,,,Maat,XL,,shopify,10,deny,manual,29.95,,TRUE,TRUE,,,,active,,,,
booster-zakhandschoen-zwart-leer,,,,,,,Maat,XS,,shopify,10,deny,manual,29.95,,TRUE,TRUE,,,,active,,,,
booster-zakhandschoen-zwart-leer,,,,,,,Maat,XXS,,shopify,10,deny,manual,29.95,,TRUE,TRUE,,,,active,,,,
twins-zakhandschoenen-zwart-leer,TWINS ZAKHANDSCHOENEN zwart leer,"<p>TWINS ZAKHANDSCHOENEN, top kwaliteit</p>",Twins,Zak handschoenen,"Handschoenen, Twins, Zak handschoenen",TRUE,Maat,L,,shopify,10,deny,manual,99.95,,TRUE,TRUE,https://www.fightpro.nl/wp-content/uploads/2022/03/TWINS-ZAKHANDSCHOENEN.jpg,1,TWINS ZAKHANDSCHOENEN zwart leer,active,Speciaal voor op de bokszak,,bag,#B8102E
twins-zakhandschoenen-zwart-leer,,,,,,,Maat,M,,shopify,10,deny,manual,99.95,,TRUE,TRUE,,,,active,,,,
twins-zakhandschoenen-zwart-leer,,,,,,,Maat,S,,shopify,10,deny,manual,99.95,,TRUE,TRUE,,,,active,,,,
twins-zakhandschoenen-zwart-leer,,,,,,,Maat,XL,,shopify,10,deny,manual,99.95,,TRUE,TRUE,,,,active,,,,
twins-zakhandschoenen-zwart-leer,,,,,,,Maat,XS,,shopify,10,deny,manual,99.95,,TRUE,TRUE,,,,active,,,,
twins-zakhandschoenen-zwart-leer,,,,,,,Maat,XXS,,shopify,10,deny,manual,99.95,,TRUE,TRUE,,,,active,,,,
twins-zakhandschoenen-zwart-leer,,,,,,,,,,,,,,,,,,https://www.fightpro.nl/wp-content/uploads/2022/03/TWINS-ZAKHANDSCHOENEN2.jpg,2,TWINS ZAKHANDSCHOENEN zwart leer,,,,,
bitje-mouthguard-wacoku-zwart-oranje,Bitje mouthguard WACOKU A+ zwart oranje,<p>Bitje mouthguard WACOKU A+ zwart oranje</p>,FightPro,Gebitsbeschermer,"Bescherming, Gebitsbeschermer",TRUE,,Default Title,,shopify,10,deny,manual,14.95,,TRUE,TRUE,https://www.fightpro.nl/wp-content/uploads/2022/03/WACOCU-A-bitje-zwart-oranje.jpg,1,FightPro Bitje mouthguard WACOKU A+ zwart oranje,active,WACOKU is al jaren bekend als een van de beste bitjes in de wereld.,,shield,#1A1200
bitje-mouthguard-wacoku-zwart-oranje,,,,,,,,,,,,,,,,,,https://www.fightpro.nl/wp-content/uploads/2024/06/wacoku-mouthguard-bitje.jpg,2,FightPro Bitje mouthguard WACOKU A+ zwart oranje,,,,,
joya-instap-scheenbeschermers-katoen-elastisch,Joya instap Scheenbeschermers – Katoen elastisch,<p>Basis instap scheendekkers van Joya. Zeer geschikt voor zaktraining.</p>,Joya,Scheenbeschermers,"Bescherming, Joya, Scheenbeschermers",TRUE,Maat,L,,shopify,10,deny,manual,14.95,,TRUE,TRUE,https://www.fightpro.nl/wp-content/uploads/2022/03/JOYA-SCHEENBESCHERMER-INSTAP.jpg,1,Joya instap Scheenbeschermers – Katoen elastisch,active,Joya Scheenbeschermer voor de beginner. Voordeel van deze scheendekkers is dat ze gewassen kunnen worden als ze vaak gedragen zijn.,,shield,#1C1C1C
joya-instap-scheenbeschermers-katoen-elastisch,,,,,,,Maat,M,,shopify,10,deny,manual,14.95,,TRUE,TRUE,,,,active,,,,
joya-instap-scheenbeschermers-katoen-elastisch,,,,,,,Maat,S,,shopify,10,deny,manual,14.95,,TRUE,TRUE,,,,active,,,,
joya-instap-scheenbeschermers-katoen-elastisch,,,,,,,Maat,XL,,shopify,10,deny,manual,14.95,,TRUE,TRUE,,,,active,,,,
joya-instap-scheenbeschermers-katoen-elastisch,,,,,,,Maat,XS,,shopify,10,deny,manual,14.95,,TRUE,TRUE,,,,active,,,,
joya-instap-scheenbeschermers-katoen-elastisch,,,,,,,Maat,XXS,,shopify,10,deny,manual,14.95,,TRUE,TRUE,,,,active,,,,
joya-instap-scheenbeschermers-katoen-elastisch,,,,,,,,,,,,,,,,,,https://www.fightpro.nl/wp-content/uploads/2022/03/JOYA-SCHEENBESCHERMER-INSTAP2.jpg,2,Joya instap Scheenbeschermers – Katoen elastisch,,,,,
boksen-hygiene-binnenhandschoenen-katoen,Boksen Hygiene binnenhandschoenen katoen,"<p>Boksen Hygiene binnenhandschoenen katoen.</p> <p>Ideaal voor een langere levensduur van jouw bokshandschoen, doordat ze zweet opnemen. Wassen na elke training. Worden per paar geleverd.</p> <p>Ze zijn zowel links als rechtsdraagbaar. Gemaakt van ademend katoen.</p>",FightPro,Binnen handschoenen,"Binnen handschoenen, Diversen",TRUE,,Default Title,,shopify,10,deny,manual,2.50,,TRUE,TRUE,https://www.fightpro.nl/wp-content/uploads/2022/03/Boksen-Hygiene-Binnenhandschoenen-Katoen.jpg,1,FightPro Boksen Hygiene binnenhandschoenen katoen,active,,,wrap,#1A1200
hayabusa-t3-boxing-gloves-bokshandschoenen-navy-yellow,Hayabusa T3 Boxing Gloves bokshandschoenen Navy / Yellow,<p>Hayabusa handschoenen van zeer goede kwaliteit. Prijswinnaar van Men’s Health in 2019 voor beste Gloves in the world!<br /> voor de serieuze en professionele sporter.</p>,Hayabusa,Kickbokshandschoenen leer,"Handschoenen, Hayabusa, Kickbokshandschoenen leer",TRUE,Maat,14 oz,,shopify,10,deny,manual,179.00,,TRUE,TRUE,https://www.fightpro.nl/wp-content/uploads/2022/02/Hayabusa-T3-Boxing-Gloves-navy-yellow.jpg,1,Hayabusa T3 Boxing Gloves bokshandschoenen Navy / Yellow,active,Al jaren bekend als een van de beste handschoen merken in de wereld.,,apparel,#1A1A1A
hayabusa-t3-boxing-gloves-bokshandschoenen-navy-yellow,,,,,,,Maat,16 oz,,shopify,10,deny,manual,179.00,,TRUE,TRUE,,,,active,,,,
hayabusa-t3-boxing-gloves-bokshandschoenen-navy-yellow,,,,,,,,,,,,,,,,,,https://www.fightpro.nl/wp-content/uploads/2022/02/Hayabusa-T3-Boxing-Gloves-navy-yellow2.jpg,2,Hayabusa T3 Boxing Gloves bokshandschoenen Navy / Yellow,,,,,
hayabusa-t3-boxing-gloves-bokshandschoenen-navy-yellow,,,,,,,,,,,,,,,,,,https://www.fightpro.nl/wp-content/uploads/2022/02/Hayabusa-T3-Boxing-Gloves-navy-yellow3.jpg,3,Hayabusa T3 Boxing Gloves bokshandschoenen Navy / Yellow,,,,,
hayabusa-t3-boxing-gloves-bokshandschoenen-navy-yellow,,,,,,,,,,,,,,,,,,https://www.fightpro.nl/wp-content/uploads/2022/02/Hayabusa-T3-Boxing-Gloves-navy-yellow4.jpg,4,Hayabusa T3 Boxing Gloves bokshandschoenen Navy / Yellow,,,,,
hayabusa-t3-boxing-gloves-bokshandschoenen-navy-yellow,,,,,,,,,,,,,,,,,,https://www.fightpro.nl/wp-content/uploads/2022/02/Hayabusa-T3-Boxing-Gloves-navy-yellow5.jpg,5,Hayabusa T3 Boxing Gloves bokshandschoenen Navy / Yellow,,,,,
hayabusa-t3-boxing-gloves-bokshandschoenen-navy-yellow,,,,,,,,,,,,,,,,,,https://www.fightpro.nl/wp-content/uploads/2022/02/Hayabusa-T3-Boxing-Gloves-navy-yellow6.jpg,6,Hayabusa T3 Boxing Gloves bokshandschoenen Navy / Yellow,,,,,
hayabusa-t3-boxing-gloves-bokshandschoenen-charcoal-black,Hayabusa T3 Boxing Gloves bokshandschoenen charcoal black,<p>Hayabusa handschoenen van zeer goede kwaliteit. Prijswinnaar van Men’s Health in 2019 voor beste Gloves in the world!<br /> voor de serieuze en professionele sporter.</p>,Hayabusa,Kickbokshandschoenen leer,"Handschoenen, Hayabusa, Kickbokshandschoenen leer",TRUE,Maat,14 oz,,shopify,10,deny,manual,179.00,,TRUE,TRUE,https://www.fightpro.nl/wp-content/uploads/2022/02/Hayabusa-T3-Boxing-Gloves-charcoal-black.jpg,1,Hayabusa T3 Boxing Gloves bokshandschoenen charcoal black,active,Al jaren bekend als een van de beste handschoen merken in de wereld.,,apparel,#1A1A1A
hayabusa-t3-boxing-gloves-bokshandschoenen-charcoal-black,,,,,,,Maat,16 oz,,shopify,10,deny,manual,179.00,,TRUE,TRUE,,,,active,,,,
hayabusa-t3-boxing-gloves-bokshandschoenen-charcoal-black,,,,,,,,,,,,,,,,,,https://www.fightpro.nl/wp-content/uploads/2022/02/Hayabusa-T3-Boxing-Gloves-charcoal-black1.jpg,2,Hayabusa T3 Boxing Gloves bokshandschoenen charcoal black,,,,,
hayabusa-t3-boxing-gloves-bokshandschoenen-charcoal-black,,,,,,,,,,,,,,,,,,https://www.fightpro.nl/wp-content/uploads/2022/02/Hayabusa-T3-Boxing-Gloves-charcoal-black2.jpg,3,Hayabusa T3 Boxing Gloves bokshandschoenen charcoal black,,,,,
hayabusa-t3-boxing-gloves-bokshandschoenen-charcoal-black,,,,,,,,,,,,,,,,,,https://www.fightpro.nl/wp-content/uploads/2022/02/Hayabusa-T3-Boxing-Gloves-charcoal-black3.jpg,4,Hayabusa T3 Boxing Gloves bokshandschoenen charcoal black,,,,,
hayabusa-t3-boxing-gloves-bokshandschoenen-charcoal-black,,,,,,,,,,,,,,,,,,https://www.fightpro.nl/wp-content/uploads/2022/02/Hayabusa-T3-Boxing-Gloves-charcoal-black4.jpg,5,Hayabusa T3 Boxing Gloves bokshandschoenen charcoal black,,,,,
hayabusa-t3-boxing-gloves-bokshandschoenen-charcoal-black,,,,,,,,,,,,,,,,,,https://www.fightpro.nl/wp-content/uploads/2022/02/Hayabusa-T3-Boxing-Gloves-charcoal-black5.jpg,6,Hayabusa T3 Boxing Gloves bokshandschoenen charcoal black,,,,,
hayabusa-t3-boxing-gloves-bokshandschoenen-white-gold,Hayabusa T3 Boxing Gloves bokshandschoenen White / gold,<p>Hayabusa handschoenen van zeer goede kwaliteit. Prijswinnaar van Men’s Health in 2019 voor beste Gloves in the world!<br /> voor de serieuze en professionele sporter.</p>,Hayabusa,Kickbokshandschoenen leer,"Handschoenen, Hayabusa, Kickbokshandschoenen leer",TRUE,Maat,14 oz,,shopify,10,deny,manual,179.00,,TRUE,TRUE,https://www.fightpro.nl/wp-content/uploads/2022/02/Hayabusa-T3-Boxing-Gloves-bokshandschoenen-white-gold.jpg,1,Hayabusa T3 Boxing Gloves bokshandschoenen White / gold,active,Al jaren bekend als een van de beste handschoen merken in de wereld.,,apparel,#1A1A1A
hayabusa-t3-boxing-gloves-bokshandschoenen-white-gold,,,,,,,Maat,16 oz,,shopify,10,deny,manual,179.00,,TRUE,TRUE,,,,active,,,,
hayabusa-t3-boxing-gloves-bokshandschoenen-white-gold,,,,,,,,,,,,,,,,,,https://www.fightpro.nl/wp-content/uploads/2022/02/Hayabusa-T3-Boxing-Gloves-bokshandschoenen-white-gold1.jpg,2,Hayabusa T3 Boxing Gloves bokshandschoenen White / gold,,,,,
hayabusa-t3-boxing-gloves-bokshandschoenen-white-gold,,,,,,,,,,,,,,,,,,https://www.fightpro.nl/wp-content/uploads/2022/02/Hayabusa-T3-Boxing-Gloves-bokshandschoenen-white-gold2.jpg,3,Hayabusa T3 Boxing Gloves bokshandschoenen White / gold,,,,,
hayabusa-t3-boxing-gloves-bokshandschoenen-white-gold,,,,,,,,,,,,,,,,,,https://www.fightpro.nl/wp-content/uploads/2022/02/Hayabusa-T3-Boxing-Gloves-bokshandschoenen-white-gold3.jpg,4,Hayabusa T3 Boxing Gloves bokshandschoenen White / gold,,,,,
hayabusa-t3-boxing-gloves-bokshandschoenen-white-gold,,,,,,,,,,,,,,,,,,https://www.fightpro.nl/wp-content/uploads/2022/02/Hayabusa-T3-Boxing-Gloves-bokshandschoenen-white-gold4.jpg,5,Hayabusa T3 Boxing Gloves bokshandschoenen White / gold,,,,,
hayabusa-t3-boxing-gloves-bokshandschoenen-white-gold,,,,,,,,,,,,,,,,,,https://www.fightpro.nl/wp-content/uploads/2022/02/Hayabusa-T3-Boxing-Gloves-bokshandschoenen-white-gold5.jpg,6,Hayabusa T3 Boxing Gloves bokshandschoenen White / gold,,,,,
hayabusa-t3-boxing-gloves-kickbokshandschoenen-charcoal-lime,Hayabusa T3 Boxing Gloves kickbokshandschoenen Charcoal / Lime,<p>Hayabusa handschoenen van zeer goede kwaliteit. Prijswinnaar van Men’s Health in 2019 voor beste Gloves in the world!<br /> voor de serieuze en professionele sporter.</p>,Hayabusa,Kickbokshandschoenen leer,"Handschoenen, Hayabusa, Kickbokshandschoenen leer",TRUE,Maat,14 oz,,shopify,10,deny,manual,179.00,,TRUE,TRUE,https://www.fightpro.nl/wp-content/uploads/2022/02/Hayabusa-T3-Boxing-Gloves-charcoal-lime.jpg,1,Hayabusa T3 Boxing Gloves kickbokshandschoenen Charcoal / Lime,active,Al jaren bekend als een van de beste handschoen merken in de wereld.,,apparel,#1A1A1A
hayabusa-t3-boxing-gloves-kickbokshandschoenen-charcoal-lime,,,,,,,Maat,16 oz,,shopify,10,deny,manual,179.00,,TRUE,TRUE,,,,active,,,,
hayabusa-t3-boxing-gloves-kickbokshandschoenen-charcoal-lime,,,,,,,,,,,,,,,,,,https://www.fightpro.nl/wp-content/uploads/2022/02/Hayabusa-T3-Boxing-Gloves-charcoal-lime2.jpg,2,Hayabusa T3 Boxing Gloves kickbokshandschoenen Charcoal / Lime,,,,,
hayabusa-t3-boxing-gloves-kickbokshandschoenen-charcoal-lime,,,,,,,,,,,,,,,,,,https://www.fightpro.nl/wp-content/uploads/2022/02/Hayabusa-T3-Boxing-Gloves-charcoal-lime3.jpg,3,Hayabusa T3 Boxing Gloves kickbokshandschoenen Charcoal / Lime,,,,,
hayabusa-t3-boxing-gloves-kickbokshandschoenen-charcoal-lime,,,,,,,,,,,,,,,,,,https://www.fightpro.nl/wp-content/uploads/2022/02/Hayabusa-T3-Boxing-Gloves-charcoal-lime4.jpg,4,Hayabusa T3 Boxing Gloves kickbokshandschoenen Charcoal / Lime,,,,,
hayabusa-t3-boxing-gloves-kickbokshandschoenen-charcoal-lime,,,,,,,,,,,,,,,,,,https://www.fightpro.nl/wp-content/uploads/2022/02/Hayabusa-T3-Boxing-Gloves-charcoal-lime5.jpg,5,Hayabusa T3 Boxing Gloves kickbokshandschoenen Charcoal / Lime,,,,,
hayabusa-t3-boxing-gloves-kickbokshandschoenen-charcoal-lime,,,,,,,,,,,,,,,,,,https://www.fightpro.nl/wp-content/uploads/2022/02/Hayabusa-T3-Boxing-Gloves-charcoal-lime6.jpg,6,Hayabusa T3 Boxing Gloves kickbokshandschoenen Charcoal / Lime,,,,,
victory-sports-plafondbeugel-bokszak-zwart,Victory Sports Plafondbeugel bokszak Zwart,<p>Victory Sports Plafondbeugel bokszak Zwart</p>,FightPro,Diversen,Diversen,TRUE,,Default Title,,shopify,0,deny,manual,14.95,,TRUE,TRUE,https://www.fightpro.nl/wp-content/uploads/2022/02/VictorySports-Plafondbeugel-bokszak-Zwart.jpg,1,FightPro Victory Sports Plafondbeugel bokszak Zwart,active,Victory Sports Plafondbeugel bokszak Zwart,,bag,#1A1200
twins-kickbokshandschoenen-special-fantasy-3-grass,"Twins kickbokshandschoenen, Thaise vlag","<p>Twins kickbokshandschoenen, Thaise vlag</p> <p>voor de serieuze en professionele sporter.</p>",Twins,Kickbokshandschoenen leer,"Handschoenen, Kickbokshandschoenen leer, Twins",TRUE,Maat,14 oz,,shopify,10,deny,manual,174.95,,TRUE,TRUE,https://www.fightpro.nl/wp-content/uploads/2022/02/Twins-kickbokshandschoenen-thaise-vlag.jpg,1,"Twins kickbokshandschoenen, Thaise vlag",active,Twins kickbokshandschoenen SPECIAL FANTASY 3 GRASS,,glove,#B8102E
twins-kickbokshandschoenen-special-fantasy-3-grass,,,,,,,Maat,16 oz,,shopify,10,deny,manual,174.95,,TRUE,TRUE,,,,active,,,,
joya-fight-fast-dura-pad-pu-zilver,JOYA FIGHT FAST – DURA PAD PU – ZILVER,<p>JOYA FIGHT FAST – DURA PAD PU – ZILVER<br /> Per paar geleverd. Aan de achterkant zit extra padding voor de pols. Daardoor ook zeer geschikt voor knietjes en trappen.</p>,Joya,trap/stoot kussens,"Joya, trap/stoot kussens",TRUE,,Default Title,,shopify,10,deny,manual,89.95,,TRUE,TRUE,https://www.fightpro.nl/wp-content/uploads/2022/02/JOYA-FIGHT-FAST-DURA-PAD-PU-ZILVER.jpg,1,JOYA FIGHT FAST – DURA PAD PU – ZILVER,active,,,bag,#1C1C1C
joya-fight-fast-dura-pad-pu-zilver,,,,,,,,,,,,,,,,,,https://www.fightpro.nl/wp-content/uploads/2022/02/JOYA-FIGHT-FAST-DURA-PAD-PU-ZILVER2.jpg,2,JOYA FIGHT FAST – DURA PAD PU – ZILVER,,,,,
fairtex-bpv1-leder-buik-pantser-belly-protector-2,Fairtex BPV1 leder buik pantser belly protector,<p>Fairtex BPV1 leder buik pantser belly protector</p> <ul> <li>Rundsleder</li> <li>One size</li> </ul>,Fairtex,trap/stoot kussens,"Fairtex, trap/stoot kussens",TRUE,,Default Title,,shopify,10,deny,manual,119.95,,TRUE,TRUE,https://www.fightpro.nl/wp-content/uploads/2022/02/FAIRTEX-BPV1-belly-protector.jpg,1,Fairtex BPV1 leder buik pantser belly protector,active,Fairtex BPV2 leder buik pantser belly protector,,bag,#1A2A1A
fairtex-bpv1-leder-buik-pantser-belly-protector-2,,,,,,,,,,,,,,,,,,https://www.fightpro.nl/wp-content/uploads/2022/02/FAIRTEX-BPV1-belly-protector2.jpg,2,Fairtex BPV1 leder buik pantser belly protector,,,,,
fairtex-bpv1-leder-buik-pantser-belly-protector,Fairtex BPV2 leder buik pantser belly protector,"<p>Fairtex BPV2 leder buik pantser belly protector</p> <ul> <li>Halve kilo lichter dan het traditionele BPV1 model</li> <li>Rundsleder</li> <li>1,3 kg</li> <li>One size</li> </ul>",Fairtex,trap/stoot kussens,"Fairtex, trap/stoot kussens",TRUE,,Default Title,,shopify,10,deny,manual,139.95,,TRUE,TRUE,https://www.fightpro.nl/wp-content/uploads/2022/02/FAIRTEX-BPV2-belly-protector.jpg,1,Fairtex BPV2 leder buik pantser belly protector,active,Fairtex BPV2 leder buik pantser belly protector,,bag,#1A2A1A
fairtex-bpv1-leder-buik-pantser-belly-protector,,,,,,,,,,,,,,,,,,https://www.fightpro.nl/wp-content/uploads/2022/02/FAIRTEX-BPV2-belly-protector2.jpg,2,Fairtex BPV2 leder buik pantser belly protector,,,,,
fairtex-sporttas-gymbag-bag2,Fairtex sporttas Gymbag BAG2,"<p>Fairtex sporttas Gymbag BAG2</p> <ul> <li>72x36x34cm. LxHxB.</li> <li>Zeer professionele uitvoering</li> <li>Foto met materialen erin ter decoratie.</li> <li>Gewicht lege tas 1,9 kg</li> </ul> <p>Groen, Zwart en Khaki</p>",Fairtex,Sport tassen,"Fairtex, Sport tassen",TRUE,,Default Title,,shopify,10,deny,manual,109.95,,TRUE,TRUE,https://www.fightpro.nl/wp-content/uploads/2022/02/Fairtex-sporttas-Gymbag-BAG2-2-1.jpg,1,Fairtex sporttas Gymbag BAG2,active,Fairtex sporttas Gymbag BAG2 meerdere kleuren,,bag,#1A2A1A
fairtex-sporttas-gymbag-bag2,,,,,,,,,,,,,,,,,,https://www.fightpro.nl/wp-content/uploads/2022/02/Fairtex-sporttas-Gymbag-BAG2-2-1.jpg,2,Fairtex sporttas Gymbag BAG2,,,,,
fairtex-sporttas-gymbag-bag2,,,,,,,,,,,,,,,,,,https://www.fightpro.nl/wp-content/uploads/2022/02/Fairtex-sporttas-Gymbag-BAG2_a.jpg,3,Fairtex sporttas Gymbag BAG2,,,,,
professionele-wedstrijd-boksring-kickboksring-kopen,Professionele wedstrijd boksring / kickboksring kopen De prijs op aanvraag!,"<div class="""" data-block=""true"" data-editor=""a80q"" data-offset-key=""4men6-0-0""> <div class=""_1mf _1mj"" data-offset-key=""4men6-0-0""> <h2>Professionele wedstrijd boksring / kickboksring</h2> <h1>De prijs op aanvraag!</h1> <p>Maten zelf te bepalen. De boksring kan kaal worden afgenomen, maar ook compleet met touwen/hoek-kussens etc.<br /> Kan een vloer boksring zijn of op een verhoging/podium.<br /> Levertijd is een aantal weken.</p> <p>Neen contact met ons op voor een offerte</p> </div> </div>",Fightpro,Diversen,"Diversen, Fightpro",TRUE,,Default Title,,shopify,10,deny,manual,0.00,,TRUE,TRUE,https://www.fightpro.nl/wp-content/uploads/2021/12/IMG_2975-scaled.jpg,1,Fightpro Professionele wedstrijd boksring / kickboksring kopen De prijs op aanvraag!,active,Professionele wedstrijd boksring / kickboksring De prijs op aanvraag!,,glove,#1A1200
professionele-wedstrijd-boksring-kickboksring-kopen,,,,,,,,,,,,,,,,,,https://www.fightpro.nl/wp-content/uploads/2021/12/bfd46240-1de3-41d8-8d4e-8f8fbdbc0b17.jpg,2,Fightpro Professionele wedstrijd boksring / kickboksring kopen De prijs op aanvraag!,,,,,
professionele-wedstrijd-boksring-kickboksring-kopen,,,,,,,,,,,,,,,,,,https://www.fightpro.nl/wp-content/uploads/2021/12/872e182e-e4cd-430e-b872-95eda949e041.jpg,3,Fightpro Professionele wedstrijd boksring / kickboksring kopen De prijs op aanvraag!,,,,,
professionele-wedstrijd-boksring-kickboksring-kopen,,,,,,,,,,,,,,,,,,https://www.fightpro.nl/wp-content/uploads/2021/12/0100894b-2509-4716-9bfb-2dece4a67b26.jpg,4,Fightpro Professionele wedstrijd boksring / kickboksring kopen De prijs op aanvraag!,,,,,
professionele-wedstrijd-boksring-kickboksring-kopen,,,,,,,,,,,,,,,,,,https://www.fightpro.nl/wp-content/uploads/2021/12/6b5457b1-27e5-4b91-8dbf-5a0358949b18.jpg,5,Fightpro Professionele wedstrijd boksring / kickboksring kopen De prijs op aanvraag!,,,,,
professionele-wedstrijd-boksring-kickboksring-kopen,,,,,,,,,,,,,,,,,,https://www.fightpro.nl/wp-content/uploads/2021/12/IMG_2960-scaled.jpg,6,Fightpro Professionele wedstrijd boksring / kickboksring kopen De prijs op aanvraag!,,,,,
professionele-wedstrijd-boksring-kickboksring-kopen,,,,,,,,,,,,,,,,,,https://www.fightpro.nl/wp-content/uploads/2021/12/IMG_2976-scaled.jpg,7,Fightpro Professionele wedstrijd boksring / kickboksring kopen De prijs op aanvraag!,,,,,
professionele-wedstrijd-boksring-kickboksring-kopen,,,,,,,,,,,,,,,,,,https://www.fightpro.nl/wp-content/uploads/2021/12/IMG_8137-scaled.jpg,8,Fightpro Professionele wedstrijd boksring / kickboksring kopen De prijs op aanvraag!,,,,,
professionele-wedstrijd-boksring-kickboksring-kopen,,,,,,,,,,,,,,,,,,https://www.fightpro.nl/wp-content/uploads/2021/12/3d02dab9-6a84-49a4-9b26-c445c46f94af.jpg,9,Fightpro Professionele wedstrijd boksring / kickboksring kopen De prijs op aanvraag!,,,,,
waardebon-fightpro-enschede,Waardebon fightpro enschede,"<div class="""" data-block=""true"" data-editor=""a80q"" data-offset-key=""4men6-0-0""> <div class=""_1mf _1mj"" data-offset-key=""4men6-0-0""><span data-offset-key=""4men6-0-0"">Origineel</span><span data-offset-key=""4men6-1-0""> cadeau onder de kerstboom? Welke maat bokshandschoenen? Wat voor kleur scheenbeschermers? Geef gewoon een FIGHTPRO waardebon cadeau! Dan maak je nooit fouten, en kunnen ze zelf iets uitzoeken in onze vechtsport winkel!</span></div> </div> <div class="""" data-block=""true"" data-editor=""a80q"" data-offset-key=""4jg15-0-0""> <div class=""_1mf _1mj"" data-offset-key=""4jg15-0-0""><span data-offset-key=""4jg15-0-0"">💪🎄🎁</span></div> </div> <div class="""" data-block=""true"" data-editor=""a80q"" data-offset-key=""3urq4-0-0""> <div class=""_1mf _1mj"" data-offset-key=""3urq4-0-0""><span data-offset-key=""3urq4-0-0"">Bedrag zelf te bepalen (vanaf €25). Ook via tikkie betaling mogelijk.</span></div> </div>",Fightpro,Diversen,"Diversen, Fightpro",TRUE,,Default Title,,shopify,10,deny,manual,50.00,,TRUE,TRUE,https://www.fightpro.nl/wp-content/uploads/2021/12/waardebon-1.jpg,1,Fightpro Waardebon fightpro enschede,active,Waardebon vechtsport artikelen,,glove,#1A1200
bokszak-big-bag-ofwel-thaise-pole-bag-gevuld-en-met-ketting-210x60-cm,FIGHTPRO BOKSZAK &#8216;BIG-BAG’ GEVULD en met ketting 210&#215;60 cm,"<p>FIGHTPRO BOKSZAK &#8216;BIG-BAG’ ofwel Thaise Pole bag GEVULD en met ketting 210&#215;60 cm. <strong>Prijs is exclusief verzending!</strong><br /> Kwalitatieve bokszak, zeer geschikt voor sportscholen. hangt aan een ketting maar staat ook op de grond.<br /> Deze super kickboks-zak wordt aan huis/sportschool geleverd, prijs is inclusief verzending en FULL-COLOR opdruk!<br /> Neem contact op voor uitleg.</p> <div style=""width: 480px"" class=""wp-video""><video class=""wp-video-shortcode"" id=""video-0-1"" width=""480"" height=""848"" preload=""metadata"" controls=""controls""><a href=""https://www.fightpro.nl/wp-content/uploads/2021/12/WhatsApp-Video-2026-04-27-at-09.18.36.mp4"">https://www.fightpro.nl/wp-content/uploads/2021/12/WhatsApp-Video-2026-04-27-at-09.18.36.mp4</a></video></div>",Fightpro,Bokszakken,"Bokszakken, Fightpro",TRUE,,Default Title,,shopify,10,deny,manual,550.00,,TRUE,TRUE,https://www.fightpro.nl/wp-content/uploads/2021/12/E918EBC5-6179-4415-8108-D11A978AD67C.jpg,1,FIGHTPRO BOKSZAK &#8216;BIG-BAG’ GEVULD en met ketting 210&#215;60 cm,active,Fightpro &#8220;BIG BAG&#8221; bokszak 210&#215;60 cm. Prijs is exclusief verzending!,,bag,#1A1200
bokszak-big-bag-ofwel-thaise-pole-bag-gevuld-en-met-ketting-210x60-cm,,,,,,,,,,,,,,,,,,https://www.fightpro.nl/wp-content/uploads/2021/12/6F7ADA34-311E-443E-8335-72058D7F42D5.jpg,2,FIGHTPRO BOKSZAK &#8216;BIG-BAG’ GEVULD en met ketting 210&#215;60 cm,,,,,
venum-ufc-fight-week-snapback-pet-cap-black,VENUM UFC FIGHT WEEK SNAPBACK PET CAP BLACK,<p>VENUM UFC FIGHT WEEK SNAPBACK PET CAP BLACK</p>,Venum,Bestsellers!,"Bestsellers!, Diversen, Venum, Bestseller",TRUE,,Default Title,,shopify,10,deny,manual,29.95,,TRUE,TRUE,https://www.fightpro.nl/wp-content/uploads/2021/11/VENUM-UFC-FIGHT-WEEK-SNAPBACK-PET-CAP-BLACK.jpg,1,VENUM UFC FIGHT WEEK SNAPBACK PET CAP BLACK,active,,Bestseller,apparel,#111111
venum-ufc-fight-week-snapback-pet-cap-black,,,,,,,,,,,,,,,,,,https://www.fightpro.nl/wp-content/uploads/2021/11/VENUM-UFC-FIGHT-WEEK-SNAPBACK-PET-CAP-BLACK2.jpg,2,VENUM UFC FIGHT WEEK SNAPBACK PET CAP BLACK,,,,,
coldspray-icespray-300-ml,Coldspray  / icespray 300 ml,<p>Coldspray / icespray 300 ml tegen zwellingen en blessures</p>,PX,Diversen,"Diversen, PX",TRUE,,Default Title,,shopify,10,deny,manual,6.95,,TRUE,TRUE,https://www.fightpro.nl/wp-content/uploads/2021/11/Coldspray-icespray-300-ml.jpg,1,PX Coldspray  / icespray 300 ml,active,,,apparel,#101820
hayabusa-ryoko-mesh-gear-bag-sporttas-zwart-large,Hayabusa Ryoko Mesh Gear Bag – Sporttas – zwart – large,<p>Hayabusa Ryoko Mesh Gear Bag – Sporttas – zwart – large</p>,Hayabusa,Sport tassen,"Hayabusa, Sport tassen",TRUE,,Default Title,,shopify,10,deny,manual,139.00,,TRUE,TRUE,https://www.fightpro.nl/wp-content/uploads/2021/11/Hayabusa-Ryoko-Mesh-Gear-Bag-Sporttas-zwart.jpg,1,Hayabusa Ryoko Mesh Gear Bag – Sporttas – zwart – large,active,,,bag,#1A1A1A
hayabusa-ryoko-mesh-gear-bag-sporttas-zwart-large,,,,,,,,,,,,,,,,,,https://www.fightpro.nl/wp-content/uploads/2021/11/Hayabusa-Ryoko-Mesh-Gear-Bag-Sporttas-zwart2.jpg,2,Hayabusa Ryoko Mesh Gear Bag – Sporttas – zwart – large,,,,,
hayabusa-ryoko-mesh-gear-bag-sporttas-zwart-large,,,,,,,,,,,,,,,,,,https://www.fightpro.nl/wp-content/uploads/2021/11/Hayabusa-Ryoko-Mesh-Gear-Bag-Sporttas-zwart3.jpg,3,Hayabusa Ryoko Mesh Gear Bag – Sporttas – zwart – large,,,,,
hayabusa-ryoko-mesh-gear-bag-sporttas-zwart-large,,,,,,,,,,,,,,,,,,https://www.fightpro.nl/wp-content/uploads/2021/11/Hayabusa-Ryoko-Mesh-Gear-Bag-Sporttas-zwart4.jpg,4,Hayabusa Ryoko Mesh Gear Bag – Sporttas – zwart – large,,,,,
bitje-mouthguard-hayabusa-combat-zwart,Bitje mouthguard Hayabusa Combat zwart,<p>Bitje mouthguard Hayabusa Combat zwart black</p>,Hayabusa,Gebitsbeschermer,"Bescherming, Gebitsbeschermer, Hayabusa",TRUE,,Default Title,,shopify,10,deny,manual,17.95,,TRUE,TRUE,https://www.fightpro.nl/wp-content/uploads/2021/11/Bitje-mouthguard-Hayabusa-Combat-zwart-black.jpg,1,Hayabusa Bitje mouthguard Hayabusa Combat zwart,active,Al jaren bekend als een van de beste handschoen merken in de wereld.,,shield,#1A1A1A
bitje-mouthguard-hayabusa-combat-zwart,,,,,,,,,,,,,,,,,,https://www.fightpro.nl/wp-content/uploads/2021/11/Bitje-mouthguard-Hayabusa-Combat-zwart-black2.jpg,2,Hayabusa Bitje mouthguard Hayabusa Combat zwart,,,,,
bitje-mouthguard-hayabusa-combat-zwart,,,,,,,,,,,,,,,,,,https://www.fightpro.nl/wp-content/uploads/2021/11/Bitje-mouthguard-Hayabusa-Combat-zwart-black3.jpg,3,Hayabusa Bitje mouthguard Hayabusa Combat zwart,,,,,
bitje-mouthguard-hayabusa-combat-wit,Bitje mouthguard Hayabusa Combat wit,<p>Bitje mouthguard Hayabusa Combat wit/white</p>,Hayabusa,Gebitsbeschermer,"Bescherming, Gebitsbeschermer, Hayabusa",TRUE,,Default Title,,shopify,10,deny,manual,17.95,,TRUE,TRUE,https://www.fightpro.nl/wp-content/uploads/2021/11/Bitje-mouthguard-Hayabusa-Combat-wit-white.jpg,1,Hayabusa Bitje mouthguard Hayabusa Combat wit,active,Al jaren bekend als een van de beste handschoen merken in de wereld.,,shield,#1A1A1A
bitje-mouthguard-hayabusa-combat-wit,,,,,,,,,,,,,,,,,,https://www.fightpro.nl/wp-content/uploads/2021/11/Bitje-mouthguard-Hayabusa-Combat-wit-white2.jpg,2,Hayabusa Bitje mouthguard Hayabusa Combat wit,,,,,
bitje-mouthguard-hayabusa-combat-wit,,,,,,,,,,,,,,,,,,https://www.fightpro.nl/wp-content/uploads/2021/11/Bitje-mouthguard-Hayabusa-Combat-wit-white3.jpg,3,Hayabusa Bitje mouthguard Hayabusa Combat wit,,,,,
hayabusa-t3-kickboks-scheenbeschermers-zwart,HAYABUSA T3 KICKBOKS SCHEENBESCHERMERS ZWART,<p>[et_pb_section fb_built=&#8221;1&#8243; theme_builder_area=&#8221;post_content&#8221; _builder_version=&#8221;4.24.2&#8243; _module_preset=&#8221;default&#8221;][/et_pb_section]</p>,Hayabusa,Scheenbeschermers,"Bescherming, Hayabusa, Scheenbeschermers",TRUE,,Default Title,,shopify,10,deny,manual,169.00,,TRUE,TRUE,https://www.fightpro.nl/wp-content/uploads/2021/11/Hayabusa_T3_scheenbeschermers_zwart.jpg,1,HAYABUSA T3 KICKBOKS SCHEENBESCHERMERS ZWART,active,Al jaren bekend als een van de beste handschoen merken in de wereld.,,shield,#1A1A1A
hayabusa-t3-kickboks-scheenbeschermers-zwart,,,,,,,,,,,,,,,,,,https://www.fightpro.nl/wp-content/uploads/2021/11/Hayabusa_T3_scheenbeschermers_zwart2.jpg,2,HAYABUSA T3 KICKBOKS SCHEENBESCHERMERS ZWART,,,,,
hayabusa-t3-kickboks-scheenbeschermers-zwart,,,,,,,,,,,,,,,,,,https://www.fightpro.nl/wp-content/uploads/2021/11/Hayabusa_T3_scheenbeschermers_zwart3.jpg,3,HAYABUSA T3 KICKBOKS SCHEENBESCHERMERS ZWART,,,,,
hayabusa-t3-kickboks-scheenbeschermers-zwart,,,,,,,,,,,,,,,,,,https://www.fightpro.nl/wp-content/uploads/2021/11/Hayabusa_T3_scheenbeschermers_zwart4.jpg,4,HAYABUSA T3 KICKBOKS SCHEENBESCHERMERS ZWART,,,,,
hayabusa-t3-lx-boxing-gloves-crimson,Hayabusa T3 LX Boxing Gloves – Crimson,<p>De beste serie van hayabusa! De T3 LX<br /> Hayabusa handschoenen van zeer goede kwaliteit. Prijswinnaar van Men’s Health in 2019 voor beste Gloves in the world!<br /> voor de serieuze en professionele sporter.</p> <p>Hayabusa T3 LX Boxing Gloves – Crimson</p>,Hayabusa,Kickbokshandschoenen leer,"Handschoenen, Hayabusa, Kickbokshandschoenen leer",TRUE,Maat,14 oz,,shopify,10,deny,manual,229.95,,TRUE,TRUE,https://www.fightpro.nl/wp-content/uploads/2021/11/Hayabusa_T3_LX_bokshandschoenen_crimson.jpg,1,Hayabusa T3 LX Boxing Gloves – Crimson,active,Al jaren bekend als een van de beste handschoen merken in de wereld.,,apparel,#1A1A1A
hayabusa-t3-lx-boxing-gloves-crimson,,,,,,,Maat,16 oz,,shopify,10,deny,manual,229.95,,TRUE,TRUE,,,,active,,,,
hayabusa-t3-lx-boxing-gloves-crimson,,,,,,,,,,,,,,,,,,https://www.fightpro.nl/wp-content/uploads/2021/11/Hayabusa_T3_LX_bokshandschoenen_crimson2.jpg,2,Hayabusa T3 LX Boxing Gloves – Crimson,,,,,
hayabusa-t3-lx-boxing-gloves-slate,Hayabusa T3 LX Boxing Gloves – Slate,<p>De beste serie van hayabusa! De T3 LX<br /> Hayabusa handschoenen van zeer goede kwaliteit. Prijswinnaar van Men’s Health in 2019 voor beste Gloves in the world!<br /> voor de serieuze en professionele sporter.</p> <p>Hayabusa T3 LX Boxing Gloves – Slate</p>,Hayabusa,Kickbokshandschoenen leer,"Handschoenen, Hayabusa, Kickbokshandschoenen leer",TRUE,Maat,14 oz,,shopify,10,deny,manual,229.95,,TRUE,TRUE,https://www.fightpro.nl/wp-content/uploads/2021/11/Hayabusa_T3_LX_bokshandschoenen_Slate.jpg,1,Hayabusa T3 LX Boxing Gloves – Slate,active,Al jaren bekend als een van de beste handschoen merken in de wereld.,,apparel,#1A1A1A
hayabusa-t3-lx-boxing-gloves-slate,,,,,,,Maat,16 oz,,shopify,10,deny,manual,229.95,,TRUE,TRUE,,,,active,,,,
joya-sleutelhanger-vlaggen-landen,JOYA SLEUTELHANGER vlaggen landen,<p>JOYA SLEUTELHANGER vlaggen landen</p>,Joya,Diversen,"Diversen, Joya",TRUE,,Default Title,,shopify,10,deny,manual,2.50,,TRUE,TRUE,https://www.fightpro.nl/wp-content/uploads/2021/11/joya_sleutelhanger_landen.jpg,1,JOYA SLEUTELHANGER vlaggen landen,active,,,glove,#1C1C1C
thaise-namman-muay-boxing-olie-120-ml,THAISE NAMMAN MUAY BOXING OLIE 120 ml,"<p>THAISE NAMMAN MUAY BOXING OLIE, voor blessures, spieren opwarmen en nog veel meer.<br /> 120 ml.</p>",Namman Muay,Diversen,"Diversen, Namman Muay",TRUE,,Default Title,,shopify,10,deny,manual,24.95,,TRUE,TRUE,https://www.fightpro.nl/wp-content/uploads/2021/11/thaise_Namman_Muay_Olie.jpg,1,Namman Muay THAISE NAMMAN MUAY BOXING OLIE 120 ml,active,,,glove,#1A1A1A
springtouw-standaard-kunststof,PX Springtouw standaard kunststof,<p>Springtouw standaard kunststof 280 cm</p>,PX,Diversen,"Diversen, Fitness en cardio, PX",TRUE,,Default Title,,shopify,10,deny,manual,7.50,,TRUE,TRUE,https://www.fightpro.nl/wp-content/uploads/2021/10/springtouw_standaard_kunststof_280_cm.jpg,1,PX Springtouw standaard kunststof,active,,,rope,#101820
fa-nutrition-xtreme-napalm-energizer-270g,Pre-workout FA Nutrition Xtreme Napalm Energizer (270g),"<p>FA Nutrition Xtreme Napalm Energizer (270g)</p> <p><em>– 60 Porties á 4,5g<br /> – makkelijk met water mengen<br /> – 200 mg Cafeïne per protie (4,5g)</em></p>",Bio Tech,Voeding,"Bio Tech, Voeding",TRUE,,Default Title,,shopify,10,deny,manual,24.95,,TRUE,TRUE,https://www.fightpro.nl/wp-content/uploads/2021/10/Pre-workout-FA-Nutrition-Xtreme-Napalm-Energizer-270g.jpg,1,Bio Tech Pre-workout FA Nutrition Xtreme Napalm Energizer (270g),active,"Een van de beste Pre Workouts op de markt! Handle with care! Beta-alanine (CarnoSyn®), arginine AKG, citruline malate, taurine, hydrolysed casein (PeptoPro®), glucuronolactone, L-ascorbic acid, sodium bicarbonate, magnesium phosphate, flavour, caffei",,apparel,#1A1A1A
hyper-mass-2270-gram-door-biotech-usa,HYPER MASS 2270 gram door BioTech USA THT Korting,"<p>Koolhydraat- en eiwitdrankpoeder, met creatine, vol met voedingsvezels, zonder toegevoegde suikers.</p> <p><strong>1 DOSIS Hyper Mass (65 G) BEVAT:</strong></p> <ul> <li>254 kcal</li> <li>eiwit: 20 g</li> <li>koolhydraten: 38 g (suikers: 4,9 g)</li> <li>vezels: 5,4 g</li> <li>vet: 1,4 g</li> <li>gemicroniseerd creatine-monohydraat: 3,25 g (creatine: 2,9 g)</li> </ul>",Bio Tech,Voeding,"Bio Tech, Voeding, Aanbieding",TRUE,,Default Title,,shopify,10,deny,manual,25.00,47.95,TRUE,TRUE,https://www.fightpro.nl/wp-content/uploads/2021/10/bio_tech_HYPER_-MASS_2270G.jpg,1,Bio Tech HYPER MASS 2270 gram door BioTech USA THT Korting,active,HYPER MASS 2270G,Aanbieding,apparel,#1A1A1A
fairtex-heavy-hitters-gloves,FAIRTEX BGV5 Muay Thai Super Sparring Glove,<p>Muay Thai FAIRTEX BGV5 Bokshandschoenen voor sparren en intensieve trainingen.</p>,Fairtex,Kickbokshandschoenen leer,"Fairtex, Handschoenen, Kickbokshandschoenen leer",TRUE,Maat,16 oz,,shopify,10,deny,manual,129.95,,TRUE,TRUE,https://www.fightpro.nl/wp-content/uploads/2021/10/fairtex-sparring-gloves-bokshandschoenen-BGV5-1.jpg,1,FAIRTEX BGV5 Muay Thai Super Sparring Glove,active,,,apparel,#1A2A1A
fairtex-heavy-hitters-gloves,,,,,,,,,,,,,,,,,,https://www.fightpro.nl/wp-content/uploads/2021/10/fairtex-sparring-gloves-bokshandschoenen-BGV5-3.jpg,2,FAIRTEX BGV5 Muay Thai Super Sparring Glove,,,,,
fairtex-heavy-hitters-gloves,,,,,,,,,,,,,,,,,,https://www.fightpro.nl/wp-content/uploads/2021/10/fairtex-sparring-gloves-bokshandschoenen-BGV5-2.jpg,3,FAIRTEX BGV5 Muay Thai Super Sparring Glove,,,,,
fairtex-thai-shorts-black,FAIRTEX THAI SHORTS Black,<p>Muay Thai FAIRTEX THAI SHORTS Black</p>,Fairtex,Broekjes,"Broekjes, Fairtex, Kleding",TRUE,Maat,M,,shopify,10,deny,manual,64.95,,TRUE,TRUE,https://www.fightpro.nl/wp-content/uploads/2021/10/FAIRTEX_THAI_SHORTS_black_BS0639.jpg,1,FAIRTEX THAI SHORTS Black,active,,,apparel,#1A2A1A
fairtex-thai-shorts-black,,,,,,,Maat,L,,shopify,10,deny,manual,64.95,,TRUE,TRUE,,,,active,,,,
fairtex-thai-shorts-black,,,,,,,Maat,XL,,shopify,10,deny,manual,64.95,,TRUE,TRUE,,,,active,,,,
fairtex-thai-shorts-black,,,,,,,Maat,XXL,,shopify,10,deny,manual,64.95,,TRUE,TRUE,,,,active,,,,
joya-work-out-bokshandschoen-leer-luxe-versie,JOYA &#8216;WORK OUT’ BOKSHANDSCHOEN Leer luxe versie,"<p>De goedkope leren en toch goede handschoenen van Joya, Goede kwaliteit leer voor een top prijs!</p>",Joya,Kickbokshandschoenen leer,"Handschoenen, Joya, Kickbokshandschoenen leer",TRUE,Maat,10 oz,,shopify,10,deny,manual,64.95,,TRUE,TRUE,https://www.fightpro.nl/wp-content/uploads/2021/09/Joya_kickbokshandschoenen_Work_Out_luxe.jpg,1,JOYA &#8216;WORK OUT’ BOKSHANDSCHOEN Leer luxe versie,active,Gave kickbokshandschoen van Joya Fight Gear,,glove,#1C1C1C
joya-work-out-bokshandschoen-leer-luxe-versie,,,,,,,Maat,12 oz,,shopify,10,deny,manual,64.95,,TRUE,TRUE,,,,active,,,,
joya-work-out-bokshandschoen-leer-luxe-versie,,,,,,,Maat,14 oz,,shopify,10,deny,manual,64.95,,TRUE,TRUE,,,,active,,,,
joya-work-out-bokshandschoen-leer-luxe-versie,,,,,,,Maat,16 oz,,shopify,10,deny,manual,64.95,,TRUE,TRUE,,,,active,,,,
joya-focus-mitt-stoot-pads,JOYA Focus mitt / stoot pads,<p>JOYA STOOT PAD ZWART<br /> Aan de achterkant zit extra padding voor de pols.</p>,Joya,trap/stoot kussens,"Joya, trap/stoot kussens",TRUE,,Default Title,,shopify,10,deny,manual,44.95,,TRUE,TRUE,https://www.fightpro.nl/wp-content/uploads/2021/09/Joya_Focus_Mitt.jpg,1,JOYA Focus mitt / stoot pads,active,,,bag,#1C1C1C
joya-kickbokshandschoenen-pu-top-ten-black,Joya-kickbokshandschoenen-PU-Top-Ten Black,"<div class=""short-description""> <div class=""std"">Voor alle startende kickboksers. Joya &#8216;Top tien’ kickbokshandschoen! De bokshandschoen van hoogwaardig synthetisch leer (PU) is geschikt voor alle leeftijden.</div> </div>",Joya,Kickbokshandschoenen Kunststof,"Handschoenen, Joya, Kickbokshandschoenen Kunststof, Kids fight",TRUE,Maat,10 oz,,shopify,10,deny,manual,34.95,,TRUE,TRUE,https://www.fightpro.nl/wp-content/uploads/2021/09/Joya_bokshandschoenen_top-ten_black1.jpg,1,Joya-kickbokshandschoenen-PU-Top-Ten Black,active,,,apparel,#1C1C1C
joya-kickbokshandschoenen-pu-top-ten-black,,,,,,,Maat,12 oz,,shopify,10,deny,manual,34.95,,TRUE,TRUE,,,,active,,,,
joya-kickbokshandschoenen-pu-top-ten-black,,,,,,,Maat,14 oz,,shopify,10,deny,manual,34.95,,TRUE,TRUE,,,,active,,,,
joya-kickbokshandschoenen-pu-top-ten-black,,,,,,,Maat,16 oz,,shopify,10,deny,manual,34.95,,TRUE,TRUE,,,,active,,,,
joya-kickbokshandschoenen-pu-top-ten-black,,,,,,,Maat,4 oz,,shopify,10,deny,manual,34.95,,TRUE,TRUE,,,,active,,,,
joya-kickbokshandschoenen-pu-top-ten-black,,,,,,,Maat,6 oz,,shopify,10,deny,manual,34.95,,TRUE,TRUE,,,,active,,,,
joya-kickbokshandschoenen-pu-top-ten-black,,,,,,,Maat,8 oz,,shopify,10,deny,manual,34.95,,TRUE,TRUE,,,,active,,,,
joya-kickbokshandschoenen-pu-top-ten-black,,,,,,,,,,,,,,,,,,https://www.fightpro.nl/wp-content/uploads/2021/09/Joya_bokshandschoenen_top-ten_black2.jpg,2,Joya-kickbokshandschoenen-PU-Top-Ten Black,,,,,
joya-kickbokshandschoenen-pu-top-ten-black,,,,,,,,,,,,,,,,,,https://www.fightpro.nl/wp-content/uploads/2021/09/Joya_bokshandschoenen_top-ten_black3.jpg,3,Joya-kickbokshandschoenen-PU-Top-Ten Black,,,,,
joya-junior-hoofdbeschermer-combat-open,Joya Junior Hoofdbeschermer Boks helm &#8216;COMBAT’ open,"<p>Boks Helm voor boksen of kickboksen. Open, zonder jukbeen bescherming.</p> <p>Meerdere kleuren en maten.</p>",Joya,Hoofdbeschermers,"Bescherming, Hoofdbeschermers, Joya",TRUE,Maat,L,,shopify,10,deny,manual,39.95,,TRUE,TRUE,https://www.fightpro.nl/wp-content/uploads/2021/09/joya_hoofdbeschermer_open.jpg,1,Joya Junior Hoofdbeschermer Boks helm &#8216;COMBAT’ open,active,Helm voor boksen en kickboksen,,shield,#1C1C1C
joya-junior-hoofdbeschermer-combat-open,,,,,,,Maat,M,,shopify,10,deny,manual,39.95,,TRUE,TRUE,,,,active,,,,
joya-junior-hoofdbeschermer-combat-open,,,,,,,Maat,S,,shopify,10,deny,manual,39.95,,TRUE,TRUE,,,,active,,,,
joya-junior-hoofdbeschermer-combat-open,,,,,,,Maat,XL,,shopify,10,deny,manual,39.95,,TRUE,TRUE,,,,active,,,,
joya-junior-hoofdbeschermer-combat-open,,,,,,,Maat,XS,,shopify,10,deny,manual,39.95,,TRUE,TRUE,,,,active,,,,
joya-junior-hoofdbeschermer-combat-open,,,,,,,Maat,XXS,,shopify,10,deny,manual,39.95,,TRUE,TRUE,,,,active,,,,
joya-junior-hoofdbeschermer,Joya Junior Hoofdbeschermer / boks helm,<p>Junior helmpjes voor de jeugd. Boks helm</p> <p>Meerdere maten.</p>,Joya,Hoofdbeschermers,"Bescherming, Hoofdbeschermers, Joya",TRUE,Maat,L,,shopify,10,deny,manual,49.95,,TRUE,TRUE,https://www.fightpro.nl/wp-content/uploads/2021/08/joya-hoofdbeschermer-pu-helm.jpg,1,Joya Junior Hoofdbeschermer / boks helm,active,Junior hoofdbeschermer / helm voor boksen en kickboksen,,shield,#1C1C1C
joya-junior-hoofdbeschermer,,,,,,,Maat,M,,shopify,10,deny,manual,49.95,,TRUE,TRUE,,,,active,,,,
joya-junior-hoofdbeschermer,,,,,,,Maat,S,,shopify,10,deny,manual,49.95,,TRUE,TRUE,,,,active,,,,
joya-junior-hoofdbeschermer,,,,,,,Maat,XL,,shopify,10,deny,manual,49.95,,TRUE,TRUE,,,,active,,,,
joya-junior-hoofdbeschermer,,,,,,,Maat,XS,,shopify,10,deny,manual,49.95,,TRUE,TRUE,,,,active,,,,
joya-junior-hoofdbeschermer,,,,,,,Maat,XXS,,shopify,10,deny,manual,49.95,,TRUE,TRUE,,,,active,,,,
joya-junior-hoofdbeschermer,,,,,,,,,,,,,,,,,,https://www.fightpro.nl/wp-content/uploads/2021/08/joya-hoofdbeschermer-pu-helm-2.jpg,2,Joya Junior Hoofdbeschermer / boks helm,,,,,
fightpro-glove-care-odor-remover,Fightpro Glove Care Odor remover,"<p>Stinkende handschoenen, schoenen, scheenbeschermers? Dat is nu verleden tijd. Goed werkend geurvernietiger voor sport materialen. Ruikt niet alleen aangenaam, maar doodt ook de bacteriën.</p>",Fightpro,Bestsellers!,"Bestsellers!, Diversen, Fightpro, Bestseller",TRUE,,Default Title,,shopify,10,deny,manual,9.95,,TRUE,TRUE,https://www.fightpro.nl/wp-content/uploads/2021/07/Fightpro-anti-stink-Glove-Care-Odor-remover1.jpg,1,Fightpro Glove Care Odor remover,active,,Bestseller,glove,#1A1200
fightpro-glove-care-odor-remover,,,,,,,,,,,,,,,,,,https://www.fightpro.nl/wp-content/uploads/2021/07/IMG_7118.jpg,2,Fightpro Glove Care Odor remover,,,,,
joya-work-out-bokshandschoen-leer,JOYA &#8216;WORK OUT’ BOKSHANDSCHOEN Leer,"<p>De goedkope leren en toch goede handschoenen van Joya, Goede kwaliteit leer voor een top prijs!</p>",Joya,Kickbokshandschoenen leer,"Handschoenen, Joya, Kickbokshandschoenen leer",TRUE,Maat,10 oz,,shopify,0,deny,manual,54.95,,TRUE,TRUE,https://www.fightpro.nl/wp-content/uploads/2021/07/workou_glove_leather_joya.jpg,1,JOYA &#8216;WORK OUT’ BOKSHANDSCHOEN Leer,active,Gave kickbokshandschoen van Joya Fight Gear,,glove,#1C1C1C
joya-work-out-bokshandschoen-leer,,,,,,,Maat,12 oz,,shopify,0,deny,manual,54.95,,TRUE,TRUE,,,,active,,,,
joya-work-out-bokshandschoen-leer,,,,,,,Maat,14 oz,,shopify,0,deny,manual,54.95,,TRUE,TRUE,,,,active,,,,
joya-work-out-bokshandschoen-leer,,,,,,,Maat,16 oz,,shopify,0,deny,manual,54.95,,TRUE,TRUE,,,,active,,,,
basic-scheenbeschermers-katoen,Basic Scheenbeschermers – Katoen,<p>Basis katoenen scheendekkers in meerdere kleuren verkrijgbaar. Zeer geschikt voor de startende vechters. Kan in de wasmachine (Op lage temperaturen)</p>,FightPro,Scheenbeschermers,"Bescherming, Scheenbeschermers, Aanbieding",TRUE,Maat,L,,shopify,10,deny,manual,20.00,39.95,TRUE,TRUE,https://www.fightpro.nl/wp-content/uploads/2021/05/katoen_scheenbeschermer_topstar.jpg,1,FightPro Basic Scheenbeschermers – Katoen,active,Basic Scheenbeschermer voor de beginner. Voordeel van deze scheendekkers is dat ze gewassen kunnen worden als ze vaak gedragen zijn.,Aanbieding,shield,#1A1200
basic-scheenbeschermers-katoen,,,,,,,Maat,M,,shopify,10,deny,manual,20.00,39.95,TRUE,TRUE,,,,active,,,,
basic-scheenbeschermers-katoen,,,,,,,Maat,S,,shopify,10,deny,manual,20.00,39.95,TRUE,TRUE,,,,active,,,,
basic-scheenbeschermers-katoen,,,,,,,Maat,XL,,shopify,10,deny,manual,20.00,39.95,TRUE,TRUE,,,,active,,,,
basic-scheenbeschermers-katoen,,,,,,,Maat,XS,,shopify,10,deny,manual,20.00,39.95,TRUE,TRUE,,,,active,,,,
basic-scheenbeschermers-katoen,,,,,,,Maat,XXS,,shopify,10,deny,manual,20.00,39.95,TRUE,TRUE,,,,active,,,,
fightpro-bokszak-de-luxe-gevuld-en-met-ketting-180-cm,FIGHTPRO BOKSZAK &#8216;De Luxe’ GEVULD en met ketting 180 cm,"<p>Bokszak kopen? Meerdere op voorraad, ok mogelijk om te laten personaliseren met eigen logo.</p> <p>FIGHTPRO BOKSZAK &#8216;De Luxe’ GEVULD en met ketting 180 cm. Kwalitatieve bokszak voor de beginner maar ook voor sportscholen zeer geschikt.</p> <p>Ook te bestellen in de maten:<br /> 80cm<br /> 100 cm<br /> 120 cm<br /> 150 cm<br /> 180 cm Altijd meerdere voorradig!</p>",Fightpro,Bokszakken,"Bokszakken, Fightpro",TRUE,,Default Title,,shopify,10,deny,manual,139.95,,TRUE,TRUE,https://www.fightpro.nl/wp-content/uploads/2020/12/FIGHTPRO-bokszak-deluxe-180cm.2jpg.jpg,1,FIGHTPRO BOKSZAK &#8216;De Luxe’ GEVULD en met ketting 180 cm,active,"Bokszak kopen in Enschede? Fightpro bokszak 180 cm, top kwaliteit en ook voor professioneel gebruik.",,bag,#1A1200
fightpro-bokszak-de-luxe-gevuld-en-met-ketting-180-cm,,,,,,,,,,,,,,,,,,https://www.fightpro.nl/wp-content/uploads/2020/12/FIGHTPRO-bokszak-deluxe-180cm.2jpg.jpg,2,FIGHTPRO BOKSZAK &#8216;De Luxe’ GEVULD en met ketting 180 cm,,,,,
fightpro-bokszak-de-luxe-gevuld-en-met-ketting-180-cm,,,,,,,,,,,,,,,,,,https://www.fightpro.nl/wp-content/uploads/2020/12/FIGHTPRO-bokszak-deluxe-180cm-1.jpg,3,FIGHTPRO BOKSZAK &#8216;De Luxe’ GEVULD en met ketting 180 cm,,,,,
fightpro-bokszak-de-luxe-gevuld-en-met-ketting-180-cm,,,,,,,,,,,,,,,,,,https://www.fightpro.nl/wp-content/uploads/2020/12/FIGHTPRO-bokszak-deluxe-180cm-2.jpg,4,FIGHTPRO BOKSZAK &#8216;De Luxe’ GEVULD en met ketting 180 cm,,,,,
fightpro-bokszak-de-luxe-gevuld-en-met-ketting-180-cm,,,,,,,,,,,,,,,,,,https://www.fightpro.nl/wp-content/uploads/2020/12/FIGHTPRO-bokszak-deluxe-180cm.jpg,5,FIGHTPRO BOKSZAK &#8216;De Luxe’ GEVULD en met ketting 180 cm,,,,,
100-pure-whey-2270g-door-biotech-usa,100% Pure Whey (2270g) door BioTech USA,<p>100% Pure Whey (2270g) door BioTech USA. Een van de best producten op de markt. Daarnaast erg lekker van smaak.</p> <ul> <li>met toegevoegde functionele aminozuren</li> <li>palmolievrij en conserveermiddelen vrij</li> <li>1 dosis bevat (28 g): 21 g eiwitten waarvan 6 g BCAA’s</li> </ul>,Bio Tech,Voeding,"Bio Tech, Voeding",TRUE,,Default Title,,shopify,10,deny,manual,79.95,,TRUE,TRUE,https://www.fightpro.nl/wp-content/uploads/2020/10/bio_tech_whey.jpg,1,Bio Tech 100% Pure Whey (2270g) door BioTech USA,active,100% Pure Whey voor eiwit shakes. Verschillende smaken.,,apparel,#1A1A1A
makura-tephra-max-navy-white-red-gebitsbeschermer-bitje,Makura TEPHRA MAX – NAVY/WHITE/RED Gebitsbeschermer – bitje,<p>Makura TEPHRA MAX – NAVY/ORANGE/BLUE Gebitsbeschermer – bitje</p>,Makura,Gebitsbeschermer,"Bescherming, Gebitsbeschermer, Makura",TRUE,,Default Title,,shopify,10,deny,manual,24.95,,TRUE,TRUE,https://www.fightpro.nl/wp-content/uploads/2020/10/tephramax_frontside_blue-white-red-2.jpg,1,Makura TEPHRA MAX – NAVY/WHITE/RED Gebitsbeschermer – bitje,active,,,shield,#1A1A1A
makura-tephra-max-navy-white-red-gebitsbeschermer-bitje,,,,,,,,,,,,,,,,,,https://www.fightpro.nl/wp-content/uploads/2020/10/Tephra_6017514128_05.jpg,2,Makura TEPHRA MAX – NAVY/WHITE/RED Gebitsbeschermer – bitje,,,,,
makura-tephra-max-navy-white-red-gebitsbeschermer-bitje,,,,,,,,,,,,,,,,,,https://www.fightpro.nl/wp-content/uploads/2020/10/Tephra_6017514128_04.jpg,3,Makura TEPHRA MAX – NAVY/WHITE/RED Gebitsbeschermer – bitje,,,,,
makura-tephra-max-navy-white-red-gebitsbeschermer-bitje,,,,,,,,,,,,,,,,,,https://www.fightpro.nl/wp-content/uploads/2020/10/Tephra_6017514128_03.jpg,4,Makura TEPHRA MAX – NAVY/WHITE/RED Gebitsbeschermer – bitje,,,,,
makura-tephra-max-navy-white-red-gebitsbeschermer-bitje,,,,,,,,,,,,,,,,,,https://www.fightpro.nl/wp-content/uploads/2020/10/Tephra_6017514128_02.jpg,5,Makura TEPHRA MAX – NAVY/WHITE/RED Gebitsbeschermer – bitje,,,,,
makura-tephra-max-navy-white-red-gebitsbeschermer-bitje,,,,,,,,,,,,,,,,,,https://www.fightpro.nl/wp-content/uploads/2020/10/Tephra_6017514128_01.jpg,6,Makura TEPHRA MAX – NAVY/WHITE/RED Gebitsbeschermer – bitje,,,,,
joya-wand-makiwara-boks-uppercut-unit,JOYA wand-MAKIWARA BOKS + UPPERCUT UNIT,<p>JOYA wand-MAKIWARA BOKS + UPPERCUT UNIT. Ideaal om aan de muur te bevestigen. Geschikt voor stoten en knietjes.</p>,Joya,Bokszakken,"Bokszakken, Joya, trap/stoot kussens",TRUE,,Default Title,,shopify,10,deny,manual,199.95,,TRUE,TRUE,https://www.fightpro.nl/wp-content/uploads/2020/10/wall_makiwara.jpg,1,JOYA wand-MAKIWARA BOKS + UPPERCUT UNIT,active,JOYA wand-MAKIWARA BOKS + UPPERCUT UNIT,,bag,#1C1C1C
joya-dura-trap-en-stoot-pad-leer-zwart,JOYA DURA TRAP EN STOOT PAD (LEER) ZWART,<p>JOYA DURA TRAP EN STOOT PAD (LEER) ZWART<br /> Aan de achterkant zit extra padding voor de pols. Daardoor ook zeer geschikt voor knietjes en trappen.</p>,Joya,trap/stoot kussens,"Joya, trap/stoot kussens",TRUE,,Default Title,,shopify,10,deny,manual,139.95,,TRUE,TRUE,https://www.fightpro.nl/wp-content/uploads/2020/10/074002-blk.jpg,1,JOYA DURA TRAP EN STOOT PAD (LEER) ZWART,active,,,bag,#1C1C1C
matchu-trap-stootkussen-pads,MATCHU TRAP- EN STOOTKUSSEN,"<p>MATCHU TRAP- EN STOOTKUSSEN, makkelijk voor alle niveaus. Lekker licht.<br /> 34 x 18 cm. Worden per paar verkocht</p>",Matchu,trap/stoot kussens,"Matchu, trap/stoot kussens",TRUE,,Default Title,,shopify,10,deny,manual,59.95,,TRUE,TRUE,https://www.fightpro.nl/wp-content/uploads/2020/10/Trap-en-stootkussen-01.jpg,1,MATCHU TRAP- EN STOOTKUSSEN,active,,,bag,#222222
matchu-trap-stootkussen-pads,,,,,,,,,,,,,,,,,,https://www.fightpro.nl/wp-content/uploads/2020/10/Tranp-en-stootkussen-04.jpg,2,MATCHU TRAP- EN STOOTKUSSEN,,,,,
matchu-trap-stootkussen-pads,,,,,,,,,,,,,,,,,,https://www.fightpro.nl/wp-content/uploads/2020/10/Trap-en-stootkussen-02.jpg,3,MATCHU TRAP- EN STOOTKUSSEN,,,,,
matchu-trap-stootkussen-pads,,,,,,,,,,,,,,,,,,https://www.fightpro.nl/wp-content/uploads/2020/10/Trap-en-stootkussen-03.jpg,4,MATCHU TRAP- EN STOOTKUSSEN,,,,,
joya-dura-pad-trap-fight-fast-leer-groen,JOYA DURA PAD TRAP &#8220;FIGHT FAST&#8221; (LEER) Faded black,<p>JOYA DURA PAD TRAP &#8220;FIGHT FAST&#8221; (LEER) Faded black.<br /> De trapkussens zijn 38 cm lang en 7 cm dik. Aan de achterkant zit extra padding voor de pols. Daardoor ook zeer geschikt voor knietjes en trappen.</p>,Joya,trap/stoot kussens,"Joya, trap/stoot kussens",TRUE,,Default Title,,shopify,10,deny,manual,149.95,,TRUE,TRUE,https://www.fightpro.nl/wp-content/uploads/2020/10/Joya-Handpads_Leer_Thai_Dura_Fight_Fast_Zwart.jpg,1,JOYA DURA PAD TRAP &#8220;FIGHT FAST&#8221; (LEER) Faded black,active,,,bag,#1C1C1C
joya-dura-pad-trap-fight-fast-leer-groen,,,,,,,,,,,,,,,,,,https://www.fightpro.nl/wp-content/uploads/2020/10/Joya-Handpads_Leer_Thai_Dura_Fight_Fast_Zwart2.jpg,2,JOYA DURA PAD TRAP &#8220;FIGHT FAST&#8221; (LEER) Faded black,,,,,
joya-bokszak-ketting-met-wartel,JOYA BOKSZAK KETTING MET WARTEL,<p>JOYA BOKSZAK KETTING MET WARTEL. Door de lagers kan de zak makkelijker draaien en zal daardoor langer meegaan.</p>,FightPro,Bokszakken,"Bokszakken, Diversen",TRUE,,Default Title,,shopify,10,deny,manual,15.95,,TRUE,TRUE,https://www.fightpro.nl/wp-content/uploads/2020/10/chain_1.jpg,1,FightPro JOYA BOKSZAK KETTING MET WARTEL,active,JOYA BOKSZAK KETTING MET WARTEL,,bag,#1A1200
joya-mma-handschoen-zwart-metallic,Joya MMA handschoen – Zwart Metallic,<p>Joya MMA handschoen – Zwart Metallic</p>,Joya,MMA Gloves,"Handschoenen, Joya, MMA Gloves",TRUE,Maat,L,,shopify,10,deny,manual,34.95,,TRUE,TRUE,https://www.fightpro.nl/wp-content/uploads/2020/10/joya_nieuwe_collectie_zwart_mma_handschoen_9_copy.jpg,1,Joya MMA handschoen – Zwart Metallic,active,Mooie prijs/kwaliteit verhouding,,glove,#1C1C1C
joya-mma-handschoen-zwart-metallic,,,,,,,Maat,M,,shopify,10,deny,manual,34.95,,TRUE,TRUE,,,,active,,,,
joya-mma-handschoen-zwart-metallic,,,,,,,Maat,S,,shopify,10,deny,manual,34.95,,TRUE,TRUE,,,,active,,,,
joya-mma-handschoen-zwart-metallic,,,,,,,Maat,XL,,shopify,10,deny,manual,34.95,,TRUE,TRUE,,,,active,,,,
joya-mma-handschoen-zwart-metallic,,,,,,,Maat,XS,,shopify,10,deny,manual,34.95,,TRUE,TRUE,,,,active,,,,
joya-mma-handschoen-zwart-metallic,,,,,,,,,,,,,,,,,,https://www.fightpro.nl/wp-content/uploads/2020/10/joya_nieuwe_collectie_zwart_mma_handschoen_7_copy.jpg,2,Joya MMA handschoen – Zwart Metallic,,,,,
joya-mma-handschoen-zwart-metallic,,,,,,,,,,,,,,,,,,https://www.fightpro.nl/wp-content/uploads/2020/10/joya_nieuwe_collectie_zwart_mma_handschoen_6_copy.jpg,3,Joya MMA handschoen – Zwart Metallic,,,,,
joya-mma-handschoen-zwart-metallic,,,,,,,,,,,,,,,,,,https://www.fightpro.nl/wp-content/uploads/2020/10/joya_nieuwe_collectie_zwart_mma_handschoen_5_copy.jpg,4,Joya MMA handschoen – Zwart Metallic,,,,,
booster-tbt-chaos-shorts-grey-black,Booster TBT Chaos shorts – GREY/BLACK,<p>Een stoer Muay Thai van het merk Booster</p>,Booster,Broekjes,"Booster, Broekjes, Kleding",TRUE,Maat,XXS,,shopify,10,deny,manual,49.95,,TRUE,TRUE,https://www.fightpro.nl/wp-content/uploads/2020/09/5b2ceb55-d90f-4159-a714-ff7efa5cf581.jpg,1,Booster TBT Chaos shorts – GREY/BLACK,active,,,apparel,#0E2A4A
booster-tbt-chaos-shorts-grey-black,,,,,,,Maat,XS,,shopify,10,deny,manual,49.95,,TRUE,TRUE,,,,active,,,,
booster-tbt-chaos-shorts-grey-black,,,,,,,Maat,S,,shopify,10,deny,manual,49.95,,TRUE,TRUE,,,,active,,,,
booster-tbt-chaos-shorts-grey-black,,,,,,,Maat,M,,shopify,10,deny,manual,49.95,,TRUE,TRUE,,,,active,,,,
booster-tbt-chaos-shorts-grey-black,,,,,,,Maat,L,,shopify,10,deny,manual,49.95,,TRUE,TRUE,,,,active,,,,
booster-tbt-chaos-shorts-grey-black,,,,,,,Maat,XL,,shopify,10,deny,manual,49.95,,TRUE,TRUE,,,,active,,,,
booster-tbt-chaos-shorts-grey-black,,,,,,,Maat,XXL,,shopify,10,deny,manual,49.95,,TRUE,TRUE,,,,active,,,,
booster-tbt-chaos-shorts-grey-black,,,,,,,,,,,,,,,,,,https://www.fightpro.nl/wp-content/uploads/2020/09/34de19da-b89f-4830-bfec-85510d61e6da.jpg,2,Booster TBT Chaos shorts – GREY/BLACK,,,,,
hayabusa-falcon-muay-thai-shorts-white,Hayabusa Falcon Muay Thai Shorts – WHITE,<p>Een mooi sportbroekje van het merk Hayabusa. Traditionele muay thai shorts</p>,Hayabusa,Broekjes,"Broekjes, Hayabusa, Kleding",TRUE,Maat,XXS,,shopify,10,deny,manual,69.95,,TRUE,TRUE,https://www.fightpro.nl/wp-content/uploads/2020/09/hayabusa-fmts-white-front.jpg,1,Hayabusa Falcon Muay Thai Shorts – WHITE,active,,,apparel,#1A1A1A
hayabusa-falcon-muay-thai-shorts-white,,,,,,,Maat,XS,,shopify,10,deny,manual,69.95,,TRUE,TRUE,,,,active,,,,
hayabusa-falcon-muay-thai-shorts-white,,,,,,,Maat,S,,shopify,10,deny,manual,69.95,,TRUE,TRUE,,,,active,,,,
hayabusa-falcon-muay-thai-shorts-white,,,,,,,Maat,M,,shopify,10,deny,manual,69.95,,TRUE,TRUE,,,,active,,,,
hayabusa-falcon-muay-thai-shorts-white,,,,,,,Maat,L,,shopify,10,deny,manual,69.95,,TRUE,TRUE,,,,active,,,,
hayabusa-falcon-muay-thai-shorts-white,,,,,,,Maat,XL,,shopify,10,deny,manual,69.95,,TRUE,TRUE,,,,active,,,,
hayabusa-falcon-muay-thai-shorts-white,,,,,,,Maat,XXL,,shopify,10,deny,manual,69.95,,TRUE,TRUE,,,,active,,,,
hayabusa-falcon-muay-thai-shorts-white,,,,,,,,,,,,,,,,,,https://www.fightpro.nl/wp-content/uploads/2020/09/hayabusa-fmts-white-back.jpg,2,Hayabusa Falcon Muay Thai Shorts – WHITE,,,,,
makura-toka-pro-gebitsbeschermer-bitje-black-granite,Makura Toka Pro Gebitsbeschermer – bitje black granite,<p>Makura Toka Pro Gebitsbeschermer – bitje black granite</p>,Makura,Gebitsbeschermer,"Bescherming, Gebitsbeschermer, Makura",TRUE,,Default Title,,shopify,10,deny,manual,12.95,,TRUE,TRUE,https://www.fightpro.nl/wp-content/uploads/2020/09/Makura-Toka-Pro-Gebitsbeschermer-Black-Senior2.jpg,1,Makura Toka Pro Gebitsbeschermer – bitje black granite,active,,,shield,#1A1A1A
makura-toka-pro-gebitsbeschermer-bitje-black-granite,,,,,,,,,,,,,,,,,,https://www.fightpro.nl/wp-content/uploads/2020/09/Makura-Toka-Pro-Gebitsbeschermer-Black-Senior.jpg,2,Makura Toka Pro Gebitsbeschermer – bitje black granite,,,,,
makura-ignis-pro-gel-gebitsbeschermer-polar-white-cool-blue,Makura Ignis Pro Gel Gebitsbeschermer polar White – cool blue,<p>Makura Ignis Pro Gel Gebitsbeschermer polar White – cool blue</p>,Makura,Gebitsbeschermer,"Bescherming, Gebitsbeschermer, Makura",TRUE,,Default Title,,shopify,10,deny,manual,17.95,,TRUE,TRUE,https://www.fightpro.nl/wp-content/uploads/2020/09/Makura-bitje-Ignes-Pro-Polar-White-Cooled-Blue.jpg,1,Makura Ignis Pro Gel Gebitsbeschermer polar White – cool blue,active,,,shield,#1A1A1A
makura-ignis-pro-gel-gebitsbeschermer-polar-white-cool-blue,,,,,,,,,,,,,,,,,,https://www.fightpro.nl/wp-content/uploads/2020/09/Makura-bitje-Ignes-Pro-Polar-White-Cooled-Blue2.jpg,2,Makura Ignis Pro Gel Gebitsbeschermer polar White – cool blue,,,,,
makura-ignis-pro-gel-gebitsbeschermer-black-granite-molten-orange-senior,Makura Ignis Pro Gel Gebitsbeschermer black granite – molten orange Senior,<p>Makura Ignis Pro Gel Gebitsbeschermer black granite – molten orange Senior</p>,Makura,Gebitsbeschermer,"Bescherming, Gebitsbeschermer, Makura",TRUE,,Default Title,,shopify,10,deny,manual,17.95,,TRUE,TRUE,https://www.fightpro.nl/wp-content/uploads/2020/09/MAKURA-BITJE–IGNES-PRO–BLACK-GRANITE-MOLTEN-ORANGE.jpg,1,Makura Ignis Pro Gel Gebitsbeschermer black granite – molten orange Senior,active,,,shield,#1A1A1A
makura-ignis-pro-gel-gebitsbeschermer-black-granite-molten-orange-senior,,,,,,,,,,,,,,,,,,https://www.fightpro.nl/wp-content/uploads/2020/09/MAKURA-BITJE–IGNES-PRO–BLACK-GRANITE-MOLTEN-ORANGE2.jpg,2,Makura Ignis Pro Gel Gebitsbeschermer black granite – molten orange Senior,,,,,
makura-ignis-pro-gel-gebitsbeschermer-polar-white-electric-pink,Makura Ignis Pro Gel Gebitsbeschermer polar White – electric Pink,<p>Makura Ignis Pro Gel Gebitsbeschermer polar White – electric Pink</p>,Makura,Gebitsbeschermer,"Bescherming, Gebitsbeschermer, Makura",TRUE,,Default Title,,shopify,10,deny,manual,17.95,,TRUE,TRUE,https://www.fightpro.nl/wp-content/uploads/2020/09/Makura-Ignis-Pro-Gel-Gebitsbeschermer-polar-white-electric-pink2.jpg,1,Makura Ignis Pro Gel Gebitsbeschermer polar White – electric Pink,active,,,shield,#1A1A1A
makura-ignis-pro-gel-gebitsbeschermer-polar-white-electric-pink,,,,,,,,,,,,,,,,,,https://www.fightpro.nl/wp-content/uploads/2020/09/Makura-Ignis-Pro-Gel-Gebitsbeschermer-polar-white-electric-pink.jpg,2,Makura Ignis Pro Gel Gebitsbeschermer polar White – electric Pink,,,,,
makura-toka-pro-gebitsbeschermer-bitje-polar-white,Makura Toka Pro Gebitsbeschermer – bitje Polar white,<p>Makura Toka Pro Gebitsbeschermer – bitje Polar white</p>,Makura,Gebitsbeschermer,"Bescherming, Gebitsbeschermer, Makura",TRUE,,Default Title,,shopify,10,deny,manual,12.95,,TRUE,TRUE,https://www.fightpro.nl/wp-content/uploads/2020/09/MAKURA-BITJE–TOKA-PRO-polar-white.jpg,1,Makura Toka Pro Gebitsbeschermer – bitje Polar white,active,,,shield,#1A1A1A
makura-toka-pro-gebitsbeschermer-bitje-polar-white,,,,,,,,,,,,,,,,,,https://www.fightpro.nl/wp-content/uploads/2020/09/MAKURA-BITJE–TOKA-PRO-polar-white2.jpg,2,Makura Toka Pro Gebitsbeschermer – bitje Polar white,,,,,
makura-toka-pro-gebitsbeschermer-bitje-electric-pink,Makura Toka Pro Gebitsbeschermer –  bitje Electric pink,<p>Makura Toka Pro Gebitsbeschermer – bitje Electric pink</p>,Makura,Gebitsbeschermer,"Bescherming, Gebitsbeschermer, Makura",TRUE,,Default Title,,shopify,10,deny,manual,12.95,,TRUE,TRUE,https://www.fightpro.nl/wp-content/uploads/2020/09/MAKURA-BITJE–TOKA-PRO-ELECTRIC-PINK.jpg,1,Makura Toka Pro Gebitsbeschermer –  bitje Electric pink,active,,,shield,#1A1A1A
makura-toka-pro-gebitsbeschermer-bitje-electric-pink,,,,,,,,,,,,,,,,,,https://www.fightpro.nl/wp-content/uploads/2020/09/MAKURA-BITJE–TOKA-PRO-ELECTRIC-PINK2.jpg,2,Makura Toka Pro Gebitsbeschermer –  bitje Electric pink,,,,,
makura-toka-pro-gebitsbeschermer-bitje-cooled-blue,Makura Toka Pro Gebitsbeschermer –  bitje  Cooled blue,<p>Makura Toka Pro Gebitsbeschermer – bitje Cooled blue</p>,Makura,Gebitsbeschermer,"Bescherming, Gebitsbeschermer, Makura",TRUE,,Default Title,,shopify,10,deny,manual,12.95,,TRUE,TRUE,https://www.fightpro.nl/wp-content/uploads/2020/09/MAKURA-BITJE–TOKA-PRO-cooled-blue.jpg,1,Makura Toka Pro Gebitsbeschermer –  bitje  Cooled blue,active,,,shield,#1A1A1A
makura-toka-pro-gebitsbeschermer-bitje-cooled-blue,,,,,,,,,,,,,,,,,,https://www.fightpro.nl/wp-content/uploads/2020/09/MAKURA-BITJE–TOKA-PRO-cooled-blue2.jpg,2,Makura Toka Pro Gebitsbeschermer –  bitje  Cooled blue,,,,,
makura-toka-pro-gebitsbeschermer-bitje-laser-red,Makura Toka Pro Gebitsbeschermer –  bitje  Laser red,<p>Makura Toka Pro Gebitsbeschermer – bitje Laser red</p>,Makura,Gebitsbeschermer,"Bescherming, Gebitsbeschermer, Makura",TRUE,,Default Title,,shopify,10,deny,manual,12.95,,TRUE,TRUE,https://www.fightpro.nl/wp-content/uploads/2020/09/MAKURA-BITJE–TOKA-PRO-laser-red.jpg,1,Makura Toka Pro Gebitsbeschermer –  bitje  Laser red,active,,,shield,#1A1A1A
makura-toka-pro-gebitsbeschermer-bitje-laser-red,,,,,,,,,,,,,,,,,,https://www.fightpro.nl/wp-content/uploads/2020/09/MAKURA-BITJE–TOKA-PRO-laser-red2.jpg,2,Makura Toka Pro Gebitsbeschermer –  bitje  Laser red,,,,,
hayabusa-t3-striking-scheenbeschermers-white-black,Hayabusa T3 striking scheenbeschermers – White/gold,"<p>Scheenbeschermers van het merk hayabusa.<br /> geschikt voor de fanatieke, professionele sporter.</p>",Hayabusa,Scheenbeschermers,"Bescherming, Hayabusa, Scheenbeschermers",TRUE,Maat,L,,shopify,10,deny,manual,169.00,,TRUE,TRUE,https://www.fightpro.nl/wp-content/uploads/2020/08/Hayabusa-Scheenbeschermers-T3-White-gold.jpg,1,Hayabusa T3 striking scheenbeschermers – White/gold,active,,,shield,#1A1A1A
hayabusa-t3-striking-scheenbeschermers-white-black,,,,,,,Maat,M,,shopify,10,deny,manual,169.00,,TRUE,TRUE,,,,active,,,,
hayabusa-t3-striking-scheenbeschermers-white-black,,,,,,,Maat,S,,shopify,10,deny,manual,169.00,,TRUE,TRUE,,,,active,,,,
hayabusa-t3-striking-scheenbeschermers-white-black,,,,,,,Maat,XL,,shopify,10,deny,manual,169.00,,TRUE,TRUE,,,,active,,,,
hayabusa-t3-striking-scheenbeschermers-white-black,,,,,,,Maat,XS,,shopify,10,deny,manual,169.00,,TRUE,TRUE,,,,active,,,,
hayabusa-t3-striking-scheenbeschermers-white-black,,,,,,,Maat,XXS,,shopify,10,deny,manual,169.00,,TRUE,TRUE,,,,active,,,,
hayabusa-t3-striking-scheenbeschermers-white-black,,,,,,,,,,,,,,,,,,https://www.fightpro.nl/wp-content/uploads/2020/08/Hayabusa-Scheenbeschermers-T3-White-gold2.jpg,2,Hayabusa T3 striking scheenbeschermers – White/gold,,,,,
hayabusa-t3-striking-scheenbeschermers-white-black,,,,,,,,,,,,,,,,,,https://www.fightpro.nl/wp-content/uploads/2020/08/Hayabusa-Scheenbeschermers-T3-White-gold3.jpg,3,Hayabusa T3 striking scheenbeschermers – White/gold,,,,,
hayabusa-t3-striking-scheenbeschermers-white-black,,,,,,,,,,,,,,,,,,https://www.fightpro.nl/wp-content/uploads/2020/08/Hayabusa-Scheenbeschermers-T3-White-gold4.jpg,4,Hayabusa T3 striking scheenbeschermers – White/gold,,,,,
hayabusa-t3-boxing-gloves-white-grey,Hayabusa T3 Boxing Gloves – White / Grey,<p>Hayabusa handschoenen van zeer goede kwaliteit. Prijswinnaar van Men’s Health in 2019 voor beste Gloves in the world!<br /> voor de serieuze en professionele sporter.</p>,Hayabusa,Kickbokshandschoenen leer,"Handschoenen, Hayabusa, Kickbokshandschoenen leer",TRUE,Maat,14 oz,,shopify,10,deny,manual,179.00,,TRUE,TRUE,https://www.fightpro.nl/wp-content/uploads/2020/08/HayabusaT3_BoxingGloves_WhiteGray_Group.jpg,1,Hayabusa T3 Boxing Gloves – White / Grey,active,Al jaren bekend als een van de beste handschoen merken in de wereld.,,apparel,#1A1A1A
hayabusa-t3-boxing-gloves-white-grey,,,,,,,Maat,16 oz,,shopify,10,deny,manual,179.00,,TRUE,TRUE,,,,active,,,,
hayabusa-t3-boxing-gloves-white-grey,,,,,,,,,,,,,,,,,,https://www.fightpro.nl/wp-content/uploads/2020/08/dfb55e47-8419-4472-b756-8da2b8d501fb_HayabusaT3_BoxingGloves_WhiteGray_LeatherDetail_.jpg,2,Hayabusa T3 Boxing Gloves – White / Grey,,,,,
hayabusa-t3-boxing-gloves-white-grey,,,,,,,,,,,,,,,,,,https://www.fightpro.nl/wp-content/uploads/2020/08/HayabusaT3_BoxingGloves_WhiteGray_Group2.jpg,3,Hayabusa T3 Boxing Gloves – White / Grey,,,,,
hayabusa-t3-boxing-gloves-white-grey,,,,,,,,,,,,,,,,,,https://www.fightpro.nl/wp-content/uploads/2020/08/HayabusaT3_BoxingGloves_WhiteGray_Group3.jpg,4,Hayabusa T3 Boxing Gloves – White / Grey,,,,,
hayabusa-t3-boxing-gloves-white-grey,,,,,,,,,,,,,,,,,,https://www.fightpro.nl/wp-content/uploads/2020/08/HayabusaT3_BoxingGloves_WhiteGray_Group4.jpg,5,Hayabusa T3 Boxing Gloves – White / Grey,,,,,
hayabusa-t3-boxing-gloves-white-grey,,,,,,,,,,,,,,,,,,https://www.fightpro.nl/wp-content/uploads/2020/08/HayabusaT3_BoxingGloves_WhiteGrey_Group.jpg,6,Hayabusa T3 Boxing Gloves – White / Grey,,,,,
hayabusa-t3-boxing-gloves-kickbokshandschoenen-black-gold,Hayabusa T3 Boxing Gloves kickbokshandschoenen Black Gold,<p>Hayabusa handschoenen van zeer goede kwaliteit. Prijswinnaar van Men’s Health in 2019 voor beste Gloves in the world!<br /> voor de serieuze en professionele sporter.</p>,Hayabusa,Kickbokshandschoenen leer,"Handschoenen, Hayabusa, Kickbokshandschoenen leer",TRUE,Maat,14 oz,,shopify,10,deny,manual,179.00,,TRUE,TRUE,https://www.fightpro.nl/wp-content/uploads/2020/08/Hayabusa-T3-Boxing-Gloves-Black-Gold.jpg,1,Hayabusa T3 Boxing Gloves kickbokshandschoenen Black Gold,active,Al jaren bekend als een van de beste handschoen merken in de wereld.,,apparel,#1A1A1A
hayabusa-t3-boxing-gloves-kickbokshandschoenen-black-gold,,,,,,,Maat,16 oz,,shopify,10,deny,manual,179.00,,TRUE,TRUE,,,,active,,,,
hayabusa-t3-boxing-gloves-kickbokshandschoenen-black-gold,,,,,,,,,,,,,,,,,,https://www.fightpro.nl/wp-content/uploads/2020/08/Hayabusa-T3-Boxing-Gloves-Black-Gold2.jpg,2,Hayabusa T3 Boxing Gloves kickbokshandschoenen Black Gold,,,,,
hayabusa-t3-boxing-gloves-kickbokshandschoenen-black-gold,,,,,,,,,,,,,,,,,,https://www.fightpro.nl/wp-content/uploads/2020/08/Hayabusa-T3-Boxing-Gloves-Black-Gold3.jpg,3,Hayabusa T3 Boxing Gloves kickbokshandschoenen Black Gold,,,,,
hayabusa-t3-boxing-gloves-kickbokshandschoenen-black-gold,,,,,,,,,,,,,,,,,,https://www.fightpro.nl/wp-content/uploads/2020/08/product_1000x1000_4.jpg,4,Hayabusa T3 Boxing Gloves kickbokshandschoenen Black Gold,,,,,
hayabusa-t3-boxing-gloves-kickbokshandschoenen-black-gold,,,,,,,,,,,,,,,,,,https://www.fightpro.nl/wp-content/uploads/2020/08/product_1000x1000_5.jpg,5,Hayabusa T3 Boxing Gloves kickbokshandschoenen Black Gold,,,,,
hayabusa-t3-boxing-gloves-kickbokshandschoenen-black-gold,,,,,,,,,,,,,,,,,,https://www.fightpro.nl/wp-content/uploads/2020/08/product_1000x1000_6.jpg,6,Hayabusa T3 Boxing Gloves kickbokshandschoenen Black Gold,,,,,
joya-zakhandschoenen-velcro-standard-zwart,Joya Zakhandschoenen &#8220;Velcro Standard&#8221;  Zwart,<p>Joya Zakhandschoenen van leer voor bokszaktrainingen op ieder niveau.</p>,Joya,Zak handschoenen,"Handschoenen, Joya, Zak handschoenen",TRUE,Maat,L,,shopify,10,deny,manual,33.95,,TRUE,TRUE,https://www.fightpro.nl/wp-content/uploads/2020/08/Joya-Zakhandschoenen-Velcro-Standard-Zwart.jpg,1,Joya Zakhandschoenen &#8220;Velcro Standard&#8221;  Zwart,active,Ook goed voor pads training.,,bag,#1C1C1C
joya-zakhandschoenen-velcro-standard-zwart,,,,,,,Maat,M,,shopify,10,deny,manual,33.95,,TRUE,TRUE,,,,active,,,,
joya-zakhandschoenen-velcro-standard-zwart,,,,,,,Maat,S,,shopify,10,deny,manual,33.95,,TRUE,TRUE,,,,active,,,,
joya-zakhandschoenen-velcro-standard-zwart,,,,,,,Maat,XL,,shopify,10,deny,manual,33.95,,TRUE,TRUE,,,,active,,,,
joya-zakhandschoenen-velcro-standard-zwart,,,,,,,Maat,XS,,shopify,10,deny,manual,33.95,,TRUE,TRUE,,,,active,,,,
joya-zakhandschoenen-velcro-standard-zwart,,,,,,,Maat,XXS,,shopify,10,deny,manual,33.95,,TRUE,TRUE,,,,active,,,,
joya-zakhandschoenen-title-zwart,Joya Zakhandschoenen &#8220;Title&#8221; zwart leer,<p>Joya Zakhandschoenen van leer voor bokszaktrainingen op ieder niveau.</p>,Joya,Zak handschoenen,"Handschoenen, Joya, Zak handschoenen",TRUE,Maat,L,,shopify,10,deny,manual,39.95,,TRUE,TRUE,https://www.fightpro.nl/wp-content/uploads/2020/08/Joya-Zakhandschoenen-Title-Zwart.jpg,1,Joya Zakhandschoenen &#8220;Title&#8221; zwart leer,active,Makkelijk door de open duim. Ook goed voor pads training.,,bag,#1C1C1C
joya-zakhandschoenen-title-zwart,,,,,,,Maat,M,,shopify,10,deny,manual,39.95,,TRUE,TRUE,,,,active,,,,
joya-zakhandschoenen-title-zwart,,,,,,,Maat,S,,shopify,10,deny,manual,39.95,,TRUE,TRUE,,,,active,,,,
joya-zakhandschoenen-title-zwart,,,,,,,Maat,XL,,shopify,10,deny,manual,39.95,,TRUE,TRUE,,,,active,,,,
joya-zakhandschoenen-title-zwart,,,,,,,Maat,XS,,shopify,10,deny,manual,39.95,,TRUE,TRUE,,,,active,,,,
joya-zakhandschoenen-title-zwart,,,,,,,Maat,XXS,,shopify,10,deny,manual,39.95,,TRUE,TRUE,,,,active,,,,
joya-mma-handschoen-grip-zwart,JOYA MMA Handschoen GRIP – Zwart,"<p>Joya mma handschoenen, PU in zwart en wit. Open palm, open duim.</p>",Joya,MMA Gloves,"Handschoenen, Joya, MMA Gloves",TRUE,Maat,L,,shopify,10,deny,manual,29.95,,TRUE,TRUE,https://www.fightpro.nl/wp-content/uploads/2020/08/JOYA-MMA-Handschoen-GRIP-Zwart.jpg,1,JOYA MMA Handschoen GRIP – Zwart,active,Mooie prijs/kwaliteit verhouding,,glove,#1C1C1C
joya-mma-handschoen-grip-zwart,,,,,,,Maat,M,,shopify,10,deny,manual,29.95,,TRUE,TRUE,,,,active,,,,
joya-mma-handschoen-grip-zwart,,,,,,,Maat,S,,shopify,10,deny,manual,29.95,,TRUE,TRUE,,,,active,,,,
joya-mma-handschoen-grip-zwart,,,,,,,Maat,XL,,shopify,10,deny,manual,29.95,,TRUE,TRUE,,,,active,,,,
joya-mma-handschoen-grip-zwart,,,,,,,Maat,XS,,shopify,10,deny,manual,29.95,,TRUE,TRUE,,,,active,,,,
joya-mma-handschoen-grip-zwart,,,,,,,Maat,XXS,,shopify,10,deny,manual,29.95,,TRUE,TRUE,,,,active,,,,
joya-dames-kruisbeschermer-de-luxe,Joya Dames Kruisbeschermer De Luxe,<p>Comfortabele dames kruisbeschemer.</p>,Joya,Kruis bescherming,"Bescherming, Joya, Kruis bescherming",TRUE,Maat,L,,shopify,10,deny,manual,14.95,,TRUE,TRUE,https://www.fightpro.nl/wp-content/uploads/2020/08/Joya-Dames-Kruisbeschermer-De-Luxe.jpg,1,Joya Dames Kruisbeschermer De Luxe,active,Joya Dames Kruisbeschermer De Luxe,,shield,#1C1C1C
joya-dames-kruisbeschermer-de-luxe,,,,,,,Maat,M,,shopify,10,deny,manual,14.95,,TRUE,TRUE,,,,active,,,,
joya-dames-kruisbeschermer-de-luxe,,,,,,,Maat,S,,shopify,10,deny,manual,14.95,,TRUE,TRUE,,,,active,,,,
joya-dames-kruisbeschermer-de-luxe,,,,,,,Maat,XL,,shopify,10,deny,manual,14.95,,TRUE,TRUE,,,,active,,,,
joya-dames-kruisbeschermer-de-luxe,,,,,,,Maat,XS,,shopify,10,deny,manual,14.95,,TRUE,TRUE,,,,active,,,,
joya-dames-kruisbeschermer-de-luxe,,,,,,,Maat,XXS,,shopify,10,deny,manual,14.95,,TRUE,TRUE,,,,active,,,,
joya-dames-kruisbeschermer-de-luxe,,,,,,,,,,,,,,,,,,https://www.fightpro.nl/wp-content/uploads/2020/08/Joya-Dames-Kruisbeschermer-De-Luxe2.jpg,2,Joya Dames Kruisbeschermer De Luxe,,,,,
joya-kickboks-scheenbeschermers-skintex-zwart,Joya Kickboks Scheenbeschermers Skintex zwart,<p>Goede scheendekkers van Joya. zeer geschikt voor alle niveaus.</p>,Joya,Scheenbeschermers,"Bescherming, Joya, Scheenbeschermers",TRUE,Maat,L,,shopify,10,deny,manual,71.00,,TRUE,TRUE,https://www.fightpro.nl/wp-content/uploads/2020/08/Joya-Skintex-Scheenbeschermer-Zwart-new.jpg,1,Joya Kickboks Scheenbeschermers Skintex zwart,active,Joya Scheenbeschermer voor elk niveau.,,shield,#1C1C1C
joya-kickboks-scheenbeschermers-skintex-zwart,,,,,,,Maat,M,,shopify,10,deny,manual,71.00,,TRUE,TRUE,,,,active,,,,
joya-kickboks-scheenbeschermers-skintex-zwart,,,,,,,Maat,S,,shopify,10,deny,manual,71.00,,TRUE,TRUE,,,,active,,,,
joya-kickboks-scheenbeschermers-skintex-zwart,,,,,,,Maat,XL,,shopify,10,deny,manual,71.00,,TRUE,TRUE,,,,active,,,,
joya-kickboks-scheenbeschermers-skintex-zwart,,,,,,,Maat,XS,,shopify,10,deny,manual,71.00,,TRUE,TRUE,,,,active,,,,
joya-kickboks-scheenbeschermers-skintex-zwart,,,,,,,Maat,XXS,,shopify,10,deny,manual,71.00,,TRUE,TRUE,,,,active,,,,
joya-kickboks-scheenbeschermers-skintex-zwart,,,,,,,,,,,,,,,,,,https://www.fightpro.nl/wp-content/uploads/2020/08/Joya-Skintex-Scheenbeschermer-Zwart-new1.jpg,2,Joya Kickboks Scheenbeschermers Skintex zwart,,,,,
joya-kickboks-scheenbeschermers-skintex-zwart,,,,,,,,,,,,,,,,,,https://www.fightpro.nl/wp-content/uploads/2020/08/Joya-Skintex-Scheenbeschermer-Zwart-new2.jpg,3,Joya Kickboks Scheenbeschermers Skintex zwart,,,,,
joya-kickboks-scheenbeschermers-skintex-zwart,,,,,,,,,,,,,,,,,,https://www.fightpro.nl/wp-content/uploads/2020/08/Joya-Skintex-Scheenbeschermer-Zwart-new3.jpg,4,Joya Kickboks Scheenbeschermers Skintex zwart,,,,,
joya-kickboks-scheenbeschermers-katoen-velcro,Joya Kickboks Scheenbeschermers – Katoen Velcro,<p>Basis scheendekkers van Joya. zeer geschikt voor de startende vechters</p>,Joya,Scheenbeschermers,"Bescherming, Joya, Scheenbeschermers",TRUE,Maat,L,,shopify,10,deny,manual,29.95,,TRUE,TRUE,https://www.fightpro.nl/wp-content/uploads/2020/08/JOYA-basis-SCHEENBESCHERMER-KATOEN.jpg,1,Joya Kickboks Scheenbeschermers – Katoen Velcro,active,Joya Scheenbeschermer voor de beginner. Voordeel van deze scheendekkers is dat ze gewassen kunnen worden als ze vaak gedragen zijn.,,shield,#1C1C1C
joya-kickboks-scheenbeschermers-katoen-velcro,,,,,,,Maat,M,,shopify,10,deny,manual,29.95,,TRUE,TRUE,,,,active,,,,
joya-kickboks-scheenbeschermers-katoen-velcro,,,,,,,Maat,S,,shopify,10,deny,manual,29.95,,TRUE,TRUE,,,,active,,,,
joya-kickboks-scheenbeschermers-katoen-velcro,,,,,,,Maat,XL,,shopify,10,deny,manual,29.95,,TRUE,TRUE,,,,active,,,,
joya-kickboks-scheenbeschermers-katoen-velcro,,,,,,,Maat,XS,,shopify,10,deny,manual,29.95,,TRUE,TRUE,,,,active,,,,
joya-kickboks-scheenbeschermers-katoen-velcro,,,,,,,Maat,XXS,,shopify,10,deny,manual,29.95,,TRUE,TRUE,,,,active,,,,
joya-scheenbeschermer-leer-fight-fast-mat-zwart,Joya Scheenbeschermer Leer Fight Fast – Mat zwart,"<p>Luxe scheendekkers van joya, stoer design. Voorgevormd en gemaakt van hoogwaardig EVA -schuim en Skintex. Een goede keus voor de serieuze ervaren vechtsporter.</p>",Joya,Scheenbeschermers,"Bescherming, Joya, Scheenbeschermers",TRUE,Maat,L,,shopify,0,deny,manual,84.95,,TRUE,TRUE,https://www.fightpro.nl/wp-content/uploads/2020/08/Joya-Kickboks-Scheenbeschermers-Fight-Fast-Mat-Zwart.jpg,1,Joya Scheenbeschermer Leer Fight Fast – Mat zwart,active,Joya Scheenbeschermer van de Fight-Fast lijn voor de ervaren sporter,,shield,#1C1C1C
joya-scheenbeschermer-leer-fight-fast-mat-zwart,,,,,,,Maat,M,,shopify,0,deny,manual,84.95,,TRUE,TRUE,,,,active,,,,
joya-scheenbeschermer-leer-fight-fast-mat-zwart,,,,,,,Maat,S,,shopify,0,deny,manual,84.95,,TRUE,TRUE,,,,active,,,,
joya-scheenbeschermer-leer-fight-fast-mat-zwart,,,,,,,,,,,,,,,,,,https://www.fightpro.nl/wp-content/uploads/2020/08/Joya-Kickboks-Scheenbeschermers-Fight-Fast-Mat-Zwart2.jpg,2,Joya Scheenbeschermer Leer Fight Fast – Mat zwart,,,,,
joya-scheenbeschermer-leer-fight-fast-mat-zwart,,,,,,,,,,,,,,,,,,https://www.fightpro.nl/wp-content/uploads/2020/08/Joya-Kickboks-Scheenbeschermers-Fight-Fast-Mat-Zwart3.jpg,3,Joya Scheenbeschermer Leer Fight Fast – Mat zwart,,,,,
joya-scheenbeschermer-leer-black-falcon-zwart,Joya Scheenbeschermer Leer &#8220;Black Falcon&#8221; – Zwart,"<p>Luxe scheendekkers van joya, stoer design. Een van de bestsellers! Voorgevormd en gemaakt van hoogwaardig EVA -schuim en Skintex. Een goede keus voor de serieuze ervaren vechtsporter.</p>",Joya,Scheenbeschermers,"Bescherming, Joya, Scheenbeschermers",TRUE,Maat,L,,shopify,10,deny,manual,94.95,,TRUE,TRUE,https://www.fightpro.nl/wp-content/uploads/2020/08/Joya-Scheenbeschermer-Leer-Black-Falcon-Zwart.jpg,1,Joya Scheenbeschermer Leer &#8220;Black Falcon&#8221; – Zwart,active,Joya Scheenbeschermer van de FALCON lijn voor de ervaren sporter,,shield,#1C1C1C
joya-scheenbeschermer-leer-black-falcon-zwart,,,,,,,Maat,M,,shopify,10,deny,manual,94.95,,TRUE,TRUE,,,,active,,,,
joya-scheenbeschermer-leer-black-falcon-zwart,,,,,,,Maat,S,,shopify,10,deny,manual,94.95,,TRUE,TRUE,,,,active,,,,
joya-scheenbeschermer-leer-black-falcon-zwart,,,,,,,,,,,,,,,,,,https://www.fightpro.nl/wp-content/uploads/2020/08/Joya-Scheenbeschermer-Leer-Black-Falcon-Zwart2.jpg,2,Joya Scheenbeschermer Leer &#8220;Black Falcon&#8221; – Zwart,,,,,
twins-kickboks-scheenbeschermers-sgl7-black,Twins Kickboks scheenbeschermers SGL7 – BLACK,<p>Twins Kickboks scheenbeschermers zwart</p> <p>Voor de fanatieke serieuze kickbokser</p>,Twins,Scheenbeschermers,"Bescherming, Scheenbeschermers, Twins",TRUE,Maat,XS,,shopify,10,deny,manual,132.00,,TRUE,TRUE,https://www.fightpro.nl/wp-content/uploads/2020/08/sgl_7_1.jpg,1,Twins Kickboks scheenbeschermers SGL7 – BLACK,active,,,shield,#B8102E
twins-kickboks-scheenbeschermers-sgl7-black,,,,,,,Maat,S,,shopify,10,deny,manual,132.00,,TRUE,TRUE,,,,active,,,,
twins-kickboks-scheenbeschermers-sgl7-black,,,,,,,Maat,M,,shopify,10,deny,manual,132.00,,TRUE,TRUE,,,,active,,,,
twins-kickboks-scheenbeschermers-sgl7-black,,,,,,,Maat,L,,shopify,10,deny,manual,132.00,,TRUE,TRUE,,,,active,,,,
twins-kickboks-scheenbeschermers-sgl7-black,,,,,,,Maat,XL,,shopify,10,deny,manual,132.00,,TRUE,TRUE,,,,active,,,,
twins-kickboks-scheenbeschermers-sgl7-black,,,,,,,Maat,XXL,,shopify,10,deny,manual,132.00,,TRUE,TRUE,,,,active,,,,
twins-kickboks-scheenbeschermers-sgl7-black,,,,,,,,,,,,,,,,,,https://www.fightpro.nl/wp-content/uploads/2020/08/sgl_7_2.jpg,2,Twins Kickboks scheenbeschermers SGL7 – BLACK,,,,,
twins-kickbokshandschoenen-bgvl-8-black-on-black-core,Twins kickbokshandschoenen BGVL 8 – black on black CORE,<p>TWINS handschoenen.<br /> voor de serieuze en professionele sporter.</p>,Twins,Kickbokshandschoenen leer,"Handschoenen, Kickbokshandschoenen leer, Twins",TRUE,Maat,14 oz,,shopify,10,deny,manual,174.95,,TRUE,TRUE,https://www.fightpro.nl/wp-content/uploads/2020/08/booster-308.jpg,1,Twins kickbokshandschoenen BGVL 8 – black on black CORE,active,,,glove,#B8102E
twins-kickbokshandschoenen-bgvl-8-black-on-black-core,,,,,,,Maat,16 oz,,shopify,10,deny,manual,174.95,,TRUE,TRUE,,,,active,,,,
twins-kickbokshandschoenen-bgvl-8-black-on-black-core,,,,,,,,,,,,,,,,,,https://www.fightpro.nl/wp-content/uploads/2020/08/booster-309.jpg,2,Twins kickbokshandschoenen BGVL 8 – black on black CORE,,,,,
twins-kickbokshandschoenen-bgvl-3-air-black-white-2,Twins kickbokshandschoenen BGVL 3 – AIR BLACK/WHITE,<p>TWINS handschoenen.<br /> voor de serieuze en professionele sporter.</p>,Twins,Kickbokshandschoenen leer,"Handschoenen, Kickbokshandschoenen leer, Twins",TRUE,Maat,14 oz,,shopify,10,deny,manual,174.95,,TRUE,TRUE,https://www.fightpro.nl/wp-content/uploads/2020/08/bgvl-3_air_wh-bk_2_.jpg,1,Twins kickbokshandschoenen BGVL 3 – AIR BLACK/WHITE,active,,,glove,#B8102E
twins-kickbokshandschoenen-bgvl-3-air-black-white-2,,,,,,,Maat,16 oz,,shopify,10,deny,manual,174.95,,TRUE,TRUE,,,,active,,,,
twins-kickbokshandschoenen-bgvl-3-air-black-white-2,,,,,,,,,,,,,,,,,,https://www.fightpro.nl/wp-content/uploads/2020/08/bgvl-3_air_wh-bk_3_.jpg,2,Twins kickbokshandschoenen BGVL 3 – AIR BLACK/WHITE,,,,,
twins-kickbokshandschoenen-bgvl-3-air-black-white,Twins kickbokshandschoenen BGVL 3 – BLACK/YELLOW,<p>TWINS handschoenen.<br /> voor de serieuze en professionele sporter.</p>,Twins,Kickbokshandschoenen leer,"Handschoenen, Kickbokshandschoenen leer, Twins",TRUE,Maat,14 oz,,shopify,10,deny,manual,174.95,,TRUE,TRUE,https://www.fightpro.nl/wp-content/uploads/2020/08/bgvl-3t_bk-yel_2__1.jpg,1,Twins kickbokshandschoenen BGVL 3 – BLACK/YELLOW,active,,,glove,#B8102E
twins-kickbokshandschoenen-bgvl-3-air-black-white,,,,,,,Maat,16 oz,,shopify,10,deny,manual,174.95,,TRUE,TRUE,,,,active,,,,
twins-kickbokshandschoenen-bgvl-3-air-black-white,,,,,,,,,,,,,,,,,,https://www.fightpro.nl/wp-content/uploads/2020/08/bgvl-3t_bk-yel_3__1.jpg,2,Twins kickbokshandschoenen BGVL 3 – BLACK/YELLOW,,,,,
twins-kickbokshandschoenen-bgvl-3-black-wine-red,Twins kickbokshandschoenen BGVL 3 – BLACK/WINE RED,<p>TWINS handschoenen.<br /> voor de serieuze en professionele sporter.</p>,Twins,Kickbokshandschoenen leer,"Handschoenen, Kickbokshandschoenen leer, Twins",TRUE,Maat,14 oz,,shopify,10,deny,manual,174.95,,TRUE,TRUE,https://www.fightpro.nl/wp-content/uploads/2020/08/bgvl_3-t_bk-wine_red_2_.jpg,1,Twins kickbokshandschoenen BGVL 3 – BLACK/WINE RED,active,,,glove,#B8102E
twins-kickbokshandschoenen-bgvl-3-black-wine-red,,,,,,,Maat,16 oz,,shopify,10,deny,manual,174.95,,TRUE,TRUE,,,,active,,,,
twins-kickbokshandschoenen-bgvl-3-black-wine-red,,,,,,,,,,,,,,,,,,https://www.fightpro.nl/wp-content/uploads/2020/08/bgvl_3-t_bk-wine_red_3_.jpg,2,Twins kickbokshandschoenen BGVL 3 – BLACK/WINE RED,,,,,
twins-kickbokshandschoenen-bgvl-3-retro-blue-black,Twins kickbokshandschoenen BGVL 3 – RETRO BLUE/BLACK,<p>TWINS handschoenen.<br /> voor de serieuze en professionele sporter.</p>,Twins,Kickbokshandschoenen leer,"Handschoenen, Kickbokshandschoenen leer, Twins",TRUE,Maat,14 oz,,shopify,10,deny,manual,174.95,,TRUE,TRUE,https://www.fightpro.nl/wp-content/uploads/2020/08/bgvl_3-t_bk-blue_2_.jpg,1,Twins kickbokshandschoenen BGVL 3 – RETRO BLUE/BLACK,active,,,glove,#B8102E
twins-kickbokshandschoenen-bgvl-3-retro-blue-black,,,,,,,Maat,16 oz,,shopify,10,deny,manual,174.95,,TRUE,TRUE,,,,active,,,,
twins-kickbokshandschoenen-bgvl-3-retro-blue-black,,,,,,,,,,,,,,,,,,https://www.fightpro.nl/wp-content/uploads/2020/08/bgvl_3-t_bk-blue_3_.jpg,2,Twins kickbokshandschoenen BGVL 3 – RETRO BLUE/BLACK,,,,,
joya-elasto-bandage-handwraps-350-450-cm,Joya elasto bandage handwraps 350-450-cm,<p>Joya elasto bandage handwraps. 350 en 450 cm</p>,Joya,Bandages,"Bandages, Bescherming, Joya",TRUE,,Default Title,,shopify,10,deny,manual,9.95,,TRUE,TRUE,https://www.fightpro.nl/wp-content/uploads/2020/08/joya-bandages-elasto-zwart.jpg,1,Joya elasto bandage handwraps 350-450-cm,active,"Verstevig je polsen met de boksbandages van Joya. We hebben handwraps in verschillende lengtes, maar ook met meerdere designs en kleuren. Algemeen advies is: 250-280 cm voor MMA en jeugd. Volwassenen (man en vrouw) gebruiken meestal 350 cm. Vaak last",,shield,#1C1C1C
joya-velcro-bandage-handwraps-roze,Joya Velcro bandage handwraps roze,<p>Joya Velcro bandage handwraps roze</p>,Joya,Bandages,"Bandages, Bescherming, Joya",TRUE,,Default Title,,shopify,10,deny,manual,9.95,,TRUE,TRUE,https://www.fightpro.nl/wp-content/uploads/2020/08/joya-bandages-velcro-roze.jpg,1,Joya Velcro bandage handwraps roze,active,"Verstevig je polsen met de boksbandages van Joya. We hebben handwraps in verschillende lengtes, maar ook met meerdere designs en kleuren. Algemeen advies is: 280 cm voor MMA en jeugd. Volwassenen (man en vrouw) gebruiken meestal 350 cm. Vaak last van",,shield,#1C1C1C
joya-velcro-bandage-handwraps-blauw,Joya Velcro bandage handwraps blauw,<p>Joya Velcro bandage handwraps blauw</p>,Joya,Bandages,"Bandages, Bescherming, Joya",TRUE,,Default Title,,shopify,10,deny,manual,9.95,,TRUE,TRUE,https://www.fightpro.nl/wp-content/uploads/2020/08/joya-bandages-velcro-blauw.jpg,1,Joya Velcro bandage handwraps blauw,active,"Verstevig je polsen met de boksbandages van Joya. We hebben handwraps in verschillende lengtes, maar ook met meerdere designs en kleuren. Algemeen advies is: 280 cm voor MMA en jeugd. Volwassenen (man en vrouw) gebruiken meestal 350 cm. Vaak last van",,shield,#1C1C1C
joya-velcro-bandage-handwraps-zwart,Joya Velcro bandage handwraps zwart,<p>Joya Velcro bandage handwraps zwart</p>,Joya,Bandages,"Bandages, Bescherming, Joya",TRUE,,Default Title,,shopify,10,deny,manual,9.95,,TRUE,TRUE,https://www.fightpro.nl/wp-content/uploads/2020/08/joya-bandages-velcro-zwart.jpg,1,Joya Velcro bandage handwraps zwart,active,"Verstevig je polsen met de boksbandages van Joya. We hebben handwraps in verschillende lengtes, maar ook met meerdere designs en kleuren. Algemeen advies is: 280 cm voor MMA en jeugd. Volwassenen (man en vrouw) gebruiken meestal 350 cm. Vaak last van",,shield,#1C1C1C
joya-round-shield-leder-zwart-wit-zwart-goud-zwart-metallic-zwart,Joya Round Shield Leder – Zwart/Wit – Zwart/Goud Zwart/Metallic Zwart,"<p>Must have voor coaches! Makkelijk voor de trainers met schouder probleempjes. je kunt er op stoten, trappen en knieën.<br /> Het schild heeft een diameter van 35 centimeter en is 10 cm dik.<br /> Verkrijgbaar in zwart-goud, zwart-wit en zwart-metallic zwart</p>",Joya,trap/stoot kussens,"Joya, trap/stoot kussens",TRUE,,Default Title,,shopify,10,deny,manual,89.95,,TRUE,TRUE,https://www.fightpro.nl/wp-content/uploads/2020/07/JOYA-ROND-STOOTKUSSEN-SYNTHETISCH-LEER.jpg,1,Joya Round Shield Leder – Zwart/Wit – Zwart/Goud Zwart/Metallic Zwart,active,,,bag,#1C1C1C
topstar-bitje-gebitsbeschermer,Basis Bitje – gebitsbeschermer Junior,<p>Bitje – gebitsbeschermer transparant met doosje</p>,Joya,Gebitsbeschermer,"Bescherming, Gebitsbeschermer, Joya",TRUE,,Default Title,,shopify,10,deny,manual,4.95,,TRUE,TRUE,https://www.fightpro.nl/wp-content/uploads/2020/07/basis-bitje-junior-joya.jpg,1,Joya Basis Bitje – gebitsbeschermer Junior,active,,,shield,#1C1C1C
topstar-bitje-gebitsbeschermer,,,,,,,,,,,,,,,,,,https://www.fightpro.nl/wp-content/uploads/2020/07/basis-bitje-junior-joya1.jpg,2,Joya Basis Bitje – gebitsbeschermer Junior,,,,,
kinesiology-tape-van-just-tape-it,kinesiology tape van Just Tape It,"<p>kinesiology tape van Just Tape It!<br /> Instructie video’s: https://www.justtapeit.nl/kinesiotape-aanbrengen<br /> De kinesiology tape wordt gefabriceerd met elastische katoen dat voorzien is van een hypoallergene, ventilerende acryl lijmlaag en het product is latexvrij.</p> <h4>Kenmerken van kinesiologie tape:</h4> <p>✓ latexvrij<br /> ✓ waterproof<br /> ✓ TÜV kwaliteitskeurmerk<br /> ✓ kinesiologie tape (rekbaarheid 130%- 140%)<br /> ✓ professioneel gebruikt door fysiotherapeuten<br /> ✓ ideaal te combineren met andere kleuren<br /> ✓ houdbaarheid 5 jaar</p>",Matchu,OUTLET,"Matchu, OUTLET, Tape, Outlet, Aanbieding",TRUE,,Default Title,,shopify,10,deny,manual,8.95,12.95,TRUE,TRUE,https://www.fightpro.nl/wp-content/uploads/2020/07/kinesiology-tape-Just-Tape-It4.jpg,1,Matchu kinesiology tape van Just Tape It,active,8 cm’,Outlet,wrap,#222222
kinesiology-tape-van-just-tape-it,,,,,,,,,,,,,,,,,,https://www.fightpro.nl/wp-content/uploads/2020/07/kinesiology-tape-Just-Tape-It.jpg,2,Matchu kinesiology tape van Just Tape It,,,,,
kinesiology-tape-van-just-tape-it,,,,,,,,,,,,,,,,,,https://www.fightpro.nl/wp-content/uploads/2020/07/kinesiology-tape-Just-Tape-It2.jpg,3,Matchu kinesiology tape van Just Tape It,,,,,
kinesiology-tape-van-just-tape-it,,,,,,,,,,,,,,,,,,https://www.fightpro.nl/wp-content/uploads/2020/07/kinesiology-tape-Just-Tape-It3.jpg,4,Matchu kinesiology tape van Just Tape It,,,,,
matchu-mandala-yogamat,Matchu mandala yogamat,"<p>Matchu mandala yogamat. Mooi design yoga mat met anti-slip.<br /> Doordat de mat van PVC gemaakt is, voelt hij zeer stevig aan en is het matje makkelijk met een vochtige doek te reinigen. (schoenen zorgen voor extra slijtage, daarom wordt aangeraden om met blote voeten te gebruiken )<br /> Afmetingen: 172 x 61 x 0,6 cm</p>",Matchu,Diversen,"Diversen, Matchu",TRUE,,Default Title,,shopify,10,deny,manual,14.95,,TRUE,TRUE,https://www.fightpro.nl/wp-content/uploads/2020/07/matchu-yoga-mat.jpg,1,Matchu mandala yogamat,active,,,glove,#222222
matchu-mandala-yogamat,,,,,,,,,,,,,,,,,,https://www.fightpro.nl/wp-content/uploads/2020/07/matchu-yoga-mat2.jpg,2,Matchu mandala yogamat,,,,,
matchu-mandala-yogamat,,,,,,,,,,,,,,,,,,https://www.fightpro.nl/wp-content/uploads/2020/07/matchu-yoga-mat3.jpg,3,Matchu mandala yogamat,,,,,
booster-standing-boxing-bag-180cm-staande-bokszak,Booster STANDING BOXING BAG -180CM Staande bokszak,<p>Booster STANDING BOXING BAG -180CM Staande bokszak</p>,Booster,Bokszakken,"Bokszakken, Booster",TRUE,,Default Title,,shopify,10,deny,manual,395.00,,TRUE,TRUE,https://www.fightpro.nl/wp-content/uploads/2020/07/booster-staande-bokszak-180cm.jpg,1,Booster STANDING BOXING BAG -180CM Staande bokszak,active,,,bag,#0E2A4A
booster-standing-boxing-bag-180cm-staande-bokszak,,,,,,,,,,,,,,,,,,https://www.fightpro.nl/wp-content/uploads/2020/07/booster-staande-bokszak-180cm2.jpg,2,Booster STANDING BOXING BAG -180CM Staande bokszak,,,,,
ufc-opro-gold-jr-black-metal-gold-mondbeschermer-bitje,UFC OPRO GOLD JR BLACK METAL/GOLD mondbeschermer bitje,<p>UFC OPRO GOLD JR BLACK METAL/GOLD mondbeschermer bitje</p>,UFC,Gebitsbeschermer,"Bescherming, Gebitsbeschermer, UFC",TRUE,,Default Title,,shopify,10,deny,manual,25.00,,TRUE,TRUE,https://www.fightpro.nl/wp-content/uploads/2020/07/UFC-OPRO-GOLD-JR-BLACK-METAL-GOLD-mondbeschermer-bitje.jpg,1,UFC OPRO GOLD JR BLACK METAL/GOLD mondbeschermer bitje,active,,,shield,#1A1A1A
ufc-opro-gold-jr-black-metal-gold-mondbeschermer-bitje,,,,,,,,,,,,,,,,,,https://www.fightpro.nl/wp-content/uploads/2020/07/UFC-OPRO-GOLD-JR-BLACK-METAL-GOLD-mondbeschermer-bitje2.jpg,2,UFC OPRO GOLD JR BLACK METAL/GOLD mondbeschermer bitje,,,,,
ufc-opro-silver-jr-black-red-mondbeschermer-bitje,UFC OPRO SILVER JR BLACK/RED mondbeschermer bitje,<p>UFC OPRO SILVER JR BLACK/RED mondbeschermer bitje</p>,UFC,Gebitsbeschermer,"Bescherming, Gebitsbeschermer, UFC",TRUE,,Default Title,,shopify,10,deny,manual,17.00,,TRUE,TRUE,https://www.fightpro.nl/wp-content/uploads/2020/07/ufc-OPRO-SILVER-JR-BLACK-RED.jpg,1,UFC OPRO SILVER JR BLACK/RED mondbeschermer bitje,active,,,shield,#1A1A1A
ufc-opro-silver-jr-black-red-mondbeschermer-bitje,,,,,,,,,,,,,,,,,,https://www.fightpro.nl/wp-content/uploads/2020/07/ufc-OPRO-SILVER-JR-BLACK-RED2.jpg,2,UFC OPRO SILVER JR BLACK/RED mondbeschermer bitje,,,,,
ufc-opro-silver-jr-black-red-mondbeschermer-bitje,,,,,,,,,,,,,,,,,,https://www.fightpro.nl/wp-content/uploads/2020/07/ufc-OPRO-SILVER-JR-BLACK-RED3.jpg,3,UFC OPRO SILVER JR BLACK/RED mondbeschermer bitje,,,,,
opro-bronze-jr-mondbeschermer-bitje-zwart,UFC OPRO-BRONZE-JR mondbeschermer bitje-  zwart,<p>OPRO-BRONZE-JR mondbeschermer bitje- black</p>,UFC,Gebitsbeschermer,"Bescherming, Gebitsbeschermer, UFC",TRUE,,Default Title,,shopify,10,deny,manual,9.95,,TRUE,TRUE,https://www.fightpro.nl/wp-content/uploads/2020/07/OPRO-BRONZE-JR-BLACK.jpg,1,UFC OPRO-BRONZE-JR mondbeschermer bitje-  zwart,active,,,shield,#1A1A1A
opro-bronze-jr-mondbeschermer-bitje-zwart,,,,,,,,,,,,,,,,,,https://www.fightpro.nl/wp-content/uploads/2020/07/OPRO-BRONZE-JR-BLACK2.jpg,2,UFC OPRO-BRONZE-JR mondbeschermer bitje-  zwart,,,,,
ufc-opro-platinum-gebitsbeschermer-mondbeschermer-bitje-red-metal-black,UFC OPRO PLATINUM mondbeschermer bitje- red metal black,<p>UFC OPRO PLATINUM mondbeschermer bitje- red metal black</p>,UFC,Gebitsbeschermer,"Bescherming, Gebitsbeschermer, UFC",TRUE,,Default Title,,shopify,10,deny,manual,30.00,,TRUE,TRUE,https://www.fightpro.nl/wp-content/uploads/2020/07/OPRO-PLATINUM-RED-METAL-BLACK.jpg,1,UFC OPRO PLATINUM mondbeschermer bitje- red metal black,active,,,shield,#1A1A1A
ufc-opro-platinum-gebitsbeschermer-mondbeschermer-bitje-red-metal-black,,,,,,,,,,,,,,,,,,https://www.fightpro.nl/wp-content/uploads/2020/07/OPRO-PLATINUM-RED-METAL-BLACK2.jpg,2,UFC OPRO PLATINUM mondbeschermer bitje- red metal black,,,,,
ufc-opro-platinum-gebitsbeschermer-mondbeschermer-bitje-red-metal-black,,,,,,,,,,,,,,,,,,https://www.fightpro.nl/wp-content/uploads/2020/07/OPRO-PLATINUM-RED-METAL-BLACK3.jpg,3,UFC OPRO PLATINUM mondbeschermer bitje- red metal black,,,,,
ufc-opro-platinum-gebitsbeschermer-mondbeschermer-bitje-red-metal-black,,,,,,,,,,,,,,,,,,https://www.fightpro.nl/wp-content/uploads/2020/07/OPRO-PLATINUM-RED-METAL-BLACK4.jpg,4,UFC OPRO PLATINUM mondbeschermer bitje- red metal black,,,,,
joya-kickbokshandschoenen-top-one-pu-voor-kids,Joya Camo V2 Kickbokshandschoenen PU – Blauw,"<div class=""short-description""> <div class=""std"">Joya kickbokshandschoenen Top One PU Camo blauw, de ideale handschoen voor de jeugd! Kunstleer.</div> </div>",Joya,Kickbokshandschoenen Kunststof,"Handschoenen, Joya, Kickbokshandschoenen Kunststof, Kids fight",TRUE,Maat,10 oz,,shopify,10,deny,manual,44.00,,TRUE,TRUE,https://www.fightpro.nl/wp-content/uploads/2020/07/Joya-Camo-V2-Kickbokshandschoenen-PU-Blauw.jpg,1,Joya Camo V2 Kickbokshandschoenen PU – Blauw,active,,,apparel,#1C1C1C
joya-kickbokshandschoenen-top-one-pu-voor-kids,,,,,,,Maat,12 oz,,shopify,10,deny,manual,44.00,,TRUE,TRUE,,,,active,,,,
joya-kickbokshandschoenen-top-one-pu-voor-kids,,,,,,,Maat,6 oz,,shopify,10,deny,manual,44.00,,TRUE,TRUE,,,,active,,,,
joya-kickbokshandschoenen-top-one-pu-voor-kids,,,,,,,Maat,8 oz,,shopify,10,deny,manual,44.00,,TRUE,TRUE,,,,active,,,,
joya-kickbokshandschoenen-top-one-pu-voor-kids,,,,,,,,,,,,,,,,,,https://www.fightpro.nl/wp-content/uploads/2020/07/Joya-Camo-V2-Kickbokshandschoenen-PU-Blauw-1.jpg,2,Joya Camo V2 Kickbokshandschoenen PU – Blauw,,,,,
queen-kickbokshandschoenen-qbg-splatter-multi-color,QUEEN SCHEENBESCHERMERS SGQ SPLATTER – ZWART/VERF PRINT,"<div class=""short-description""> <div class=""std"">Queen vrolijke dames SCHEENBESCHERMERS van goede kwaliteit skintex.</div> </div>",Queen,Scheenbeschermers,"Bescherming, Queen, Scheenbeschermers, Women Collection fightwear, Aanbieding",TRUE,Maat,10 oz,,shopify,10,deny,manual,49.95,64.95,TRUE,TRUE,https://www.fightpro.nl/wp-content/uploads/2020/07/QUEEN-SCHEENBESCHERMERS-SGQ-SPLATTER.jpg,1,QUEEN SCHEENBESCHERMERS SGQ SPLATTER – ZWART/VERF PRINT,active,,Aanbieding,shield,#2A1020
queen-kickbokshandschoenen-qbg-splatter-multi-color,,,,,,,Maat,12 oz,,shopify,10,deny,manual,49.95,64.95,TRUE,TRUE,,,,active,,,,
queen-kickbokshandschoenen-qbg-amazone-camo-rood-bruin,Queen kickbokshandschoenen QBG Amazone camo rood bruin,"<div class=""short-description""> <div class=""std"">Queen dames kickbokshandschoenen van goede kwaliteit skintex.</div> </div>",Queen,Kickbokshandschoenen Kunststof,"Handschoenen, Kickbokshandschoenen Kunststof, Queen, Women Collection fightwear",TRUE,Maat,10 oz,,shopify,10,deny,manual,54.95,,TRUE,TRUE,https://www.fightpro.nl/wp-content/uploads/2020/07/queen-bokshandschoen-bgq_amazone.jpg,1,Queen kickbokshandschoenen QBG Amazone camo rood bruin,active,,,apparel,#2A1020
queen-kickbokshandschoenen-qbg-amazone-camo-rood-bruin,,,,,,,Maat,12 oz,,shopify,10,deny,manual,54.95,,TRUE,TRUE,,,,active,,,,
joya-kids-sporttas-v2-camo-groen,Joya Kids Sporttas V2 Camo Groen,<p>Afmeting: 45x30x30 cm<br /> meerdere vakken<br /> Leuke tas voor de kickboks liefhebbers.</p>,Joya,Kids fight,"Joya, Kids fight, Sport tassen",TRUE,,Default Title,,shopify,10,deny,manual,34.95,,TRUE,TRUE,https://www.fightpro.nl/wp-content/uploads/2020/07/Joya-Camo-V2-Sporttas-groen.jpg,1,Joya Kids Sporttas V2 Camo Groen,active,,,bag,#1C1C1C
joya-kids-dames-sporttas-camo-blauw,Joya Kids Sporttas V2 Camo Blauw,<p>Afmeting: 45x30x30 cm<br /> meerdere vakken<br /> Leuke tas voor de kickboks liefhebbers.</p>,Joya,Kids fight,"Joya, Kids fight, Sport tassen",TRUE,,Default Title,,shopify,10,deny,manual,34.95,,TRUE,TRUE,https://www.fightpro.nl/wp-content/uploads/2020/07/Joya-Camo-V2-Sporttas-Blauw.jpg,1,Joya Kids Sporttas V2 Camo Blauw,active,,,bag,#1C1C1C
joya-kids-dames-sporttas-camo-roze,Joya Sporttas V2 Camo Roze,<p>Afmeting: 45x30x30 cm<br /> meerdere vakken<br /> Leuke tas voor de vrouwelijke vechters.</p>,Joya,Kids fight,"Joya, Kids fight, Sport tassen, Women Collection fightwear",TRUE,,Default Title,,shopify,10,deny,manual,34.95,,TRUE,TRUE,https://www.fightpro.nl/wp-content/uploads/2020/07/Joya-Camo-V2-Sporttas-roze.jpg,1,Joya Sporttas V2 Camo Roze,active,,,bag,#1C1C1C
super-pro-gym-sporttas-zwart-wit,Super Pro Gym Sporttas – Zwart/Wit Large,<p>5 vakken<br /> Een extra vak voor natte spullen<br /> Afmeting: 67x36x36 cm (large).</p>,Super Pro,Sport tassen,"Sport tassen, Super Pro",TRUE,,Default Title,,shopify,10,deny,manual,49.95,,TRUE,TRUE,https://www.fightpro.nl/wp-content/uploads/2020/07/SUPER-PRO-COMBAT-GEAR-GYM-SPORTTAS.jpg,1,Super Pro Gym Sporttas – Zwart/Wit Large,active,,,bag,#1A1A1A
super-pro-gym-sporttas-zwart-wit,,,,,,,,,,,,,,,,,,https://www.fightpro.nl/wp-content/uploads/2020/07/SUPER-PRO-COMBAT-GEAR-GYM-SPORTTAS-1.jpg,2,Super Pro Gym Sporttas – Zwart/Wit Large,,,,,
super-pro-gym-sporttas-zwart-wit,,,,,,,,,,,,,,,,,,https://www.fightpro.nl/wp-content/uploads/2023/11/SUPER-PRO-COMBAT-GEAR-GYM-SPORTTAS-2.jpg,3,Super Pro Gym Sporttas – Zwart/Wit Large,,,,,
joya-sporttas-basis-zwart-wit,Joya Sporttas &#8220;basis&#8221; – Zwart Wit,<p>Joya Sporttas basis Zwart-wit met meerdere vakken 60x30x30</p>,Joya,Sport tassen,"Joya, Sport tassen",TRUE,,Default Title,,shopify,10,deny,manual,39.95,,TRUE,TRUE,https://www.fightpro.nl/wp-content/uploads/2020/07/JOYA-SPORTTAS-STANDAARD.jpg,1,Joya Sporttas &#8220;basis&#8221; – Zwart Wit,active,,,bag,#1C1C1C
joya-sporttas-basis-zwart-wit,,,,,,,,,,,,,,,,,,https://www.fightpro.nl/wp-content/uploads/2020/07/JOYA-SPORTTAS-STANDAARD2.jpg,2,Joya Sporttas &#8220;basis&#8221; – Zwart Wit,,,,,
joya-roze-draak-kickbokshandschoen-pu-2,Joya &#8220;Roze Draak&#8221;  Pink Dragon – Kickbokshandschoen PU,"<div class=""short-description""> <div class=""std"">Voor de stoere dames-kids, Joya &#8216;Top One’ Dragon kickbokshandschoen! De bokshandschoen voor kids is verkrijgbaar in 6, 8 en 10 oz. Gemaakt van hoogwaardig synthetisch leer (PU). De meerlagige vulling, bevestigde duim en klittenbandsluiting zorgen voor optimale bescherming voor je hand en pols. Geschikt voor jonge fanatieke kickboksers. Beschikbaar in meerdere kleuren!</div> </div>",Joya,Kickbokshandschoenen Kunststof,"Handschoenen, Joya, Kickbokshandschoenen Kunststof, Kids fight",TRUE,Maat,10 oz,,shopify,10,deny,manual,34.95,,TRUE,TRUE,https://www.fightpro.nl/wp-content/uploads/2020/07/Joya_roze_Draak_KickbokshandschoenPU.jpg,1,Joya &#8220;Roze Draak&#8221;  Pink Dragon – Kickbokshandschoen PU,active,Gave kickbokshandschoen van Joya Fight Gear,,apparel,#1C1C1C
joya-roze-draak-kickbokshandschoen-pu-2,,,,,,,Maat,6 oz,,shopify,10,deny,manual,34.95,,TRUE,TRUE,,,,active,,,,
joya-roze-draak-kickbokshandschoen-pu-2,,,,,,,Maat,8 oz,,shopify,10,deny,manual,34.95,,TRUE,TRUE,,,,active,,,,
joya-roze-draak-kickbokshandschoen-pu-2,,,,,,,,,,,,,,,,,,https://www.fightpro.nl/wp-content/uploads/2020/07/Joya_roze_Draak_KickbokshandschoenPU2.jpg,2,Joya &#8220;Roze Draak&#8221;  Pink Dragon – Kickbokshandschoen PU,,,,,
joya-roze-draak-kickbokshandschoen-pu-2,,,,,,,,,,,,,,,,,,https://www.fightpro.nl/wp-content/uploads/2020/07/Joya_roze_Draak_KickbokshandschoenPU.jpg,3,Joya &#8220;Roze Draak&#8221;  Pink Dragon – Kickbokshandschoen PU,,,,,
joya-gouden-draak-kickbokshandschoen-pu,Joya &#8220;Gouden Draak&#8221; Gold Dragon – Kickbokshandschoen PU,"<div class=""short-description""> <div class=""std"">Voor de stoere kids, Joya &#8216;Top One’ Dragon kickbokshandschoen! De bokshandschoen voor kids is verkrijgbaar in 6, 8 en 10 oz. Gemaakt van hoogwaardig synthetisch leer (PU). De meerlagige vulling, bevestigde duim en klittenbandsluiting zorgen voor optimale bescherming voor je hand en pols. Geschikt voor jonge fanatieke kickboksers. Beschikbaar in meerdere kleuren!</div> </div>",Joya,Kickbokshandschoenen Kunststof,"Handschoenen, Joya, Kickbokshandschoenen Kunststof, Kids fight",TRUE,Maat,10 oz,,shopify,10,deny,manual,34.95,,TRUE,TRUE,https://www.fightpro.nl/wp-content/uploads/2020/07/Joya_Gouden_Draak_KickbokshandschoenPU.jpg,1,Joya &#8220;Gouden Draak&#8221; Gold Dragon – Kickbokshandschoen PU,active,Gave kickbokshandschoen van Joya Fight Gear,,apparel,#1C1C1C
joya-gouden-draak-kickbokshandschoen-pu,,,,,,,Maat,6 oz,,shopify,10,deny,manual,34.95,,TRUE,TRUE,,,,active,,,,
joya-gouden-draak-kickbokshandschoen-pu,,,,,,,Maat,8 oz,,shopify,10,deny,manual,34.95,,TRUE,TRUE,,,,active,,,,
joya-gouden-draak-kickbokshandschoen-pu,,,,,,,,,,,,,,,,,,https://www.fightpro.nl/wp-content/uploads/2020/07/Joya_Gouden_Draak_KickbokshandschoenPU2.jpg,2,Joya &#8220;Gouden Draak&#8221; Gold Dragon – Kickbokshandschoen PU,,,,,
joya-gouden-draak-kickbokshandschoen-pu,,,,,,,,,,,,,,,,,,https://www.fightpro.nl/wp-content/uploads/2020/07/Joya_Gouden_Draak_KickbokshandschoenPU3.jpg,3,Joya &#8220;Gouden Draak&#8221; Gold Dragon – Kickbokshandschoen PU,,,,,
twins-kickbokshandschoenen-bgvl-3-black,Twins kickbokshandschoenen BGVL 3 – Black,<p>TWINS handschoenen.<br /> voor de serieuze en professionele sporter.</p>,Twins,Kickbokshandschoenen leer,"Handschoenen, Kickbokshandschoenen leer, Twins",TRUE,Maat,14 oz,,shopify,10,deny,manual,174.95,,TRUE,TRUE,https://www.fightpro.nl/wp-content/uploads/2020/07/bgvl_3_black_1.jpg,1,Twins kickbokshandschoenen BGVL 3 – Black,active,,,glove,#B8102E
twins-kickbokshandschoenen-bgvl-3-black,,,,,,,Maat,16 oz,,shopify,10,deny,manual,174.95,,TRUE,TRUE,,,,active,,,,
twins-kickbokshandschoenen-bgvl-3-black,,,,,,,,,,,,,,,,,,https://www.fightpro.nl/wp-content/uploads/2020/07/bgvl_3_black_2.jpg,2,Twins kickbokshandschoenen BGVL 3 – Black,,,,,
twins-kickbokshandschoenen-bgvl-3-wine-red,Twins kickbokshandschoenen BGVL 3 – Wine Red,<p>TWINS handschoenen.<br /> voor de serieuze en professionele sporter.</p>,Twins,Kickbokshandschoenen leer,"Handschoenen, Kickbokshandschoenen leer, Twins",TRUE,Maat,14 oz,,shopify,10,deny,manual,174.95,,TRUE,TRUE,https://www.fightpro.nl/wp-content/uploads/2020/07/Twins_kickbokshandschoenen_BGVL3-Wine-Red.jpg,1,Twins kickbokshandschoenen BGVL 3 – Wine Red,active,,,glove,#B8102E
twins-kickbokshandschoenen-bgvl-3-wine-red,,,,,,,Maat,16 oz,,shopify,10,deny,manual,174.95,,TRUE,TRUE,,,,active,,,,
twins-kickbokshandschoenen-bgvl-3-wine-red,,,,,,,,,,,,,,,,,,https://www.fightpro.nl/wp-content/uploads/2020/07/Twins_kickbokshandschoenen_BGVL3-Wine-Red2.jpg,2,Twins kickbokshandschoenen BGVL 3 – Wine Red,,,,,
hayabusa-t3-boxing-gloves-charcoal-black-14-oz,Hayabusa T3 Boxing Gloves – Black,<p>Hayabusa handschoenen van zeer goede kwaliteit. Prijswinnaar van Men’s Health in 2019 voor beste Gloves in the world!<br /> voor de serieuze en professionele sporter.</p>,Hayabusa,Kickbokshandschoenen leer,"Handschoenen, Hayabusa, Kickbokshandschoenen leer",TRUE,Maat,14 oz,,shopify,10,deny,manual,179.00,,TRUE,TRUE,https://www.fightpro.nl/wp-content/uploads/2020/07/hayabusa_t3_black.jpg,1,Hayabusa T3 Boxing Gloves – Black,active,Al jaren bekend als een van de beste handschoen merken in de wereld.,,apparel,#1A1A1A
hayabusa-t3-boxing-gloves-charcoal-black-14-oz,,,,,,,Maat,16 oz,,shopify,10,deny,manual,179.00,,TRUE,TRUE,,,,active,,,,
joya-fight-fast-faded-black-kickbokshandschoenen-leer,Joya &#8220;Fight Fast&#8221; Faded Black kickbokshandschoenen Leer,"<p>Goede handschoenen van Joya voor de serieuze sporter, goede kwaliteit voor een mooie prijs!</p>",Joya,Kickbokshandschoenen leer,"Handschoenen, Joya, Kickbokshandschoenen leer",TRUE,Maat,10 oz,,shopify,10,deny,manual,94.95,,TRUE,TRUE,https://www.fightpro.nl/wp-content/uploads/2020/07/Joya-Kickbokshandschoenen-Fight-Fast-leer-zwart.jpg,1,Joya &#8220;Fight Fast&#8221; Faded Black kickbokshandschoenen Leer,active,Meest verkcohte kickbokshandschoen van Joya Fight Gear,,glove,#1C1C1C
joya-fight-fast-faded-black-kickbokshandschoenen-leer,,,,,,,Maat,12 oz,,shopify,10,deny,manual,94.95,,TRUE,TRUE,,,,active,,,,
joya-fight-fast-faded-black-kickbokshandschoenen-leer,,,,,,,Maat,14 oz,,shopify,10,deny,manual,94.95,,TRUE,TRUE,,,,active,,,,
joya-fight-fast-faded-black-kickbokshandschoenen-leer,,,,,,,Maat,16 oz,,shopify,10,deny,manual,94.95,,TRUE,TRUE,,,,active,,,,
joya-fight-fast-faded-black-kickbokshandschoenen-leer,,,,,,,,,,,,,,,,,,https://www.fightpro.nl/wp-content/uploads/2020/07/Joya-Kickbokshandschoenen-Fight-Fast-leer-zwart2.jpg,2,Joya &#8220;Fight Fast&#8221; Faded Black kickbokshandschoenen Leer,,,,,
joya-thai-kickbokshandschoenen-leer,Joya Thai kickbokshandschoenen zwart Leer,"<p>De populairste handschoenen van Joya, Goede kwaliteit leer voor een top prijs!</p>",Joya,Kickbokshandschoenen leer,"Handschoenen, Joya, Kickbokshandschoenen leer",TRUE,Maat,10 oz,,shopify,10,deny,manual,91.00,,TRUE,TRUE,https://www.fightpro.nl/wp-content/uploads/2020/04/Joya-Thai-Kickbokshandschoen-Zwart-leer-new.jpg,1,Joya Thai kickbokshandschoenen zwart Leer,active,Gave kickbokshandschoen van Joya Fight Gear,,glove,#1C1C1C
joya-thai-kickbokshandschoenen-leer,,,,,,,Maat,12 oz,,shopify,10,deny,manual,91.00,,TRUE,TRUE,,,,active,,,,
joya-thai-kickbokshandschoenen-leer,,,,,,,Maat,14 oz,,shopify,10,deny,manual,91.00,,TRUE,TRUE,,,,active,,,,
joya-thai-kickbokshandschoenen-leer,,,,,,,Maat,16 oz,,shopify,10,deny,manual,91.00,,TRUE,TRUE,,,,active,,,,
joya-thai-kickbokshandschoenen-leer,,,,,,,,,,,,,,,,,,https://www.fightpro.nl/wp-content/uploads/2020/04/Joya-Thai-Kickbokshandschoen-Zwart-leer2.jpg,2,Joya Thai kickbokshandschoenen zwart Leer,,,,,
joya-thai-kickbokshandschoenen-leer,,,,,,,,,,,,,,,,,,https://www.fightpro.nl/wp-content/uploads/2020/04/Joya-Thai-Kickbokshandschoen-Zwart-leer3.jpg,3,Joya Thai kickbokshandschoenen zwart Leer,,,,,
joya-thai-kickbokshandschoenen-leer,,,,,,,,,,,,,,,,,,https://www.fightpro.nl/wp-content/uploads/2020/04/Joya-Thai-Kickbokshandschoen-Zwart-leer14.jpg,4,Joya Thai kickbokshandschoenen zwart Leer,,,,,
joya-bokszak-180-cm,JOYA BOKSZAK &#8216;Fight Fast’ GEVULD en met ketting 180 cm,<p>JOYA BOKSZAK &#8216;Fight Fast’ GEVULD en met ketting 180 cm</p>,Joya,Bokszakken,"Bokszakken, Joya",TRUE,,Default Title,,shopify,10,deny,manual,165.00,,TRUE,TRUE,https://www.fightpro.nl/wp-content/uploads/2020/04/IMG_1669.jpeg,1,JOYA BOKSZAK &#8216;Fight Fast’ GEVULD en met ketting 180 cm,active,Joya bokszak 180 cm,,bag,#1C1C1C
boks-pads-2-stuks,Matchu Boks pads – 2 stuks,<p>Matchu Boks pads – 2 stuks</p>,Matchu,trap/stoot kussens,"Matchu, trap/stoot kussens",TRUE,,Default Title,,shopify,10,deny,manual,29.95,,TRUE,TRUE,https://www.fightpro.nl/wp-content/uploads/2020/03/Boks-pads-01.jpg,1,Matchu Boks pads – 2 stuks,active,&#8216;Met de pads van Matchu Sports word je sneller dan ooit! Voor je het weet gooi je bliksemsnelle combinaties op de pads. Of je nou een personal trainer bent die een extra dimensie aan zijn training wil geven,,bag,#222222
boks-pads-2-stuks,,,,,,,,,,,,,,,,,,https://www.fightpro.nl/wp-content/uploads/2020/03/Boks-pads-02.jpg,2,Matchu Boks pads – 2 stuks,,,,,
boks-pads-2-stuks,,,,,,,,,,,,,,,,,,https://www.fightpro.nl/wp-content/uploads/2020/03/Boks-pads-03.jpg,3,Matchu Boks pads – 2 stuks,,,,,
boks-pads-2-stuks,,,,,,,,,,,,,,,,,,https://www.fightpro.nl/wp-content/uploads/2020/03/Boks-pads-04.jpg,4,Matchu Boks pads – 2 stuks,,,,,
boks-pads-2-stuks,,,,,,,,,,,,,,,,,,https://www.fightpro.nl/wp-content/uploads/2020/03/Boks-pads-05.jpg,5,Matchu Boks pads – 2 stuks,,,,,
boks-pads-2-stuks,,,,,,,,,,,,,,,,,,https://www.fightpro.nl/wp-content/uploads/2020/03/Boks-pads-06.jpg,6,Matchu Boks pads – 2 stuks,,,,,
boks-pads-2-stuks,,,,,,,,,,,,,,,,,,https://www.fightpro.nl/wp-content/uploads/2020/03/Boks-pads-07.jpg,7,Matchu Boks pads – 2 stuks,,,,,
boks-pads-2-stuks,,,,,,,,,,,,,,,,,,https://www.fightpro.nl/wp-content/uploads/2020/03/Boks-pads-08.jpg,8,Matchu Boks pads – 2 stuks,,,,,
battle-rope-9m-x-38mm,Matchu Battle rope 9m x 38mm,"<p><span style="",Helvetica,sans-serif""><span style=""font-size: small"">B<span style=""display: inline !important;float: none;background-color: #ffffff;color: #333333;,Helvetica,sans-serif;font-size: 13px;font-style: normal;font-variant: normal;font-weight: 400;letter-spacing: normal;text-align: left;text-decoration: none;text-indent: 0px;text-transform: none;white-space: normal"">attle ropes, bekend geworden vanuit de topsport zoals MMA en Americvan Football in de U.S.A. Veel gebruikt met zwaai en slinger bewegingen om je spier-conditie te optimaliseren.<br /> </span></span></span></p>",Matchu,Fitness en cardio,"Fitness en cardio, Matchu, OUTLET, Outlet, Aanbieding",TRUE,,Default Title,,shopify,10,deny,manual,54.95,99.95,TRUE,TRUE,https://www.fightpro.nl/wp-content/uploads/2020/03/matchu_battle-rope-1.jpg,1,Matchu Battle rope 9m x 38mm,active,Spieren tot de max laten verzuren? Koop een battle rope. Veel gebruikt in de mma wereld!,Outlet,rope,#222222
massage-foam-roller-blauw-matchu,Matchu Foam Roller blauw,<p>Matchu Foam Roller blauw</p>,Matchu,Fitness en cardio,"Fitness en cardio, Matchu, OUTLET, Outlet, Aanbieding",TRUE,,Default Title,,shopify,10,deny,manual,19.95,29.95,TRUE,TRUE,https://www.fightpro.nl/wp-content/uploads/2020/03/Matchu-Sports-foam-roller-blauw-1.jpg,1,Matchu Foam Roller blauw,active,"De triggerpoint foam roller wordt door de fanatieke sporter gebruikt om de spieren los te maken en vervelende spierknopen weg te masseren. De foam roller is leverbaar in 3 kleuren: oranje, blauw en zwart",Outlet,glove,#222222
foam-roller-zwart,Matchu Foam Roller zwart,<p><strong>Foam Rollers</strong> zijn sport massage tools die gebruikt worden om triggerpoints of spierknopen te verwijderen en behoren tot het self myofascial release (SMR) concept. De <strong>Foam Roller</strong> biedt de mogelijkheid om met eigen gewicht extra druk uit te oefenen op pijnlijke verhardingen waardoor diep bindweefsel los komt</p>,Matchu,Fitness en cardio,"Fitness en cardio, Matchu, OUTLET, Outlet, Aanbieding",TRUE,,Default Title,,shopify,10,deny,manual,16.95,29.95,TRUE,TRUE,https://www.fightpro.nl/wp-content/uploads/2020/03/foam_roller_zwart.jpg,1,Matchu Foam Roller zwart,active,&#8216;De triggerpoint foam roller wordt door de fanatieke sporter gebruikt om de spieren los te maken en vervelende spierknopen weg te masseren. De Matchu Sports?foam roller is leverbaar in 3 kleuren: oranje,Outlet,glove,#222222
fitnessmat,Matchu Fitnessmat,"<p>De fitnessmat van Matchu Sports. Deze kunt u gebruiken als yogamat, maar ook thuis voor oefeningen. De fitnessmat is 0,9 cm waardoor het goed dempt. Hij is gemaakt van natural based rubber (NBR), waardoor ie toch heel licht is.<br /> Met een bijgeleverd draagkoord is de fitnessmat makkelijk mee te nemen naar uw sportschool. De mat heeft een atislip onderkant, waardoor het niet zoveel verschuift.</p>",Matchu,Fitness en cardio,"Fitness en cardio, Matchu, OUTLET, Outlet, Aanbieding",TRUE,,Default Title,,shopify,10,deny,manual,14.95,29.95,TRUE,TRUE,https://www.fightpro.nl/wp-content/uploads/2020/03/matchu_fitnessmat-opgerold-grijs.jpg,1,Matchu Fitnessmat,active,De fitnessmat van Matchu Sports is de ideale fitnessmat om al je fitness oefeningen uit te voeren. De fitnessmat is van zeer goede kwaliteit!,Outlet,glove,#222222
